order_id,order_hour,city_tier,pricing_model,checkout_layout,basket_value_usd,delivery_time_min,net_margin_usd
ORD-500000,12,tier_1_megacity,dynamic_surge_multiplier,one_click_express,707.18,15.0,179.3
ORD-500001,18,tier_2_regional,dynamic_surge_multiplier,gamified_loyalty_bar,26.64,55.0,10.56
ORD-500002,15,tier_2_regional,fixed_low_fee,upsell_grid_modal,45.36,24.0,6.08
ORD-500003,20,tier_1_megacity,fixed_low_fee,one_click_express,42.49,35.0,3.27
ORD-500004,13,tier_1_megacity,dynamic_surge_multiplier,gamified_loyalty_bar,30.67,29.0,10.51
ORD-500005,12,tier_1_megacity,tiered_basket_subsidy,one_click_express,42.82,36.0,7.0
ORD-500006,8,tier_2_regional,fixed_low_fee,one_click_express,33.29,21.0,4.59
ORD-500007,13,tier_2_regional,tiered_basket_subsidy,one_click_express,28.16,40.0,6.82
ORD-500008,19,tier_1_megacity,tiered_basket_subsidy,gamified_loyalty_bar,56.22,27.0,11.35
ORD-500009,18,tier_3_small,fixed_low_fee,gamified_loyalty_bar,34.61,19.0,6.35
ORD-500010,11,tier_2_regional,dynamic_surge_multiplier,gamified_loyalty_bar,35.3,45.0,9.26
ORD-500011,23,tier_3_small,dynamic_surge_multiplier,gamified_loyalty_bar,23.07,37.0,4.49
ORD-500012,8,tier_2_regional,fixed_low_fee,upsell_grid_modal,36.83,41.0,7.06
ORD-500013,17,tier_2_regional,tiered_basket_subsidy,upsell_grid_modal,33.15,20.0,5.26
ORD-500014,8,tier_2_regional,tiered_basket_subsidy,one_click_express,25.92,25.0,4.77
ORD-500015,13,tier_2_regional,fixed_low_fee,gamified_loyalty_bar,34.46,33.0,1.77
ORD-500016,15,tier_1_megacity,fixed_low_fee,gamified_loyalty_bar,29.31,37.0,4.0
ORD-500017,20,tier_1_megacity,dynamic_surge_multiplier,upsell_grid_modal,24.17,30.0,10.52
ORD-500018,8,tier_1_megacity,tiered_basket_subsidy,one_click_express,45.98,28.0,5.56
ORD-500019,11,tier_1_megacity,fixed_low_fee,gamified_loyalty_bar,48.33,28.0,7.14
ORD-500020,14,tier_2_regional,dynamic_surge_multiplier,gamified_loyalty_bar,25.99,26.0,3.32
ORD-500021,18,tier_1_megacity,dynamic_surge_multiplier,gamified_loyalty_bar,33.53,22.0,2.51
ORD-500022,23,tier_1_megacity,fixed_low_fee,upsell_grid_modal,35.71,20.0,6.0
ORD-500023,13,tier_1_megacity,fixed_low_fee,gamified_loyalty_bar,44.62,35.0,5.79
ORD-500024,11,tier_1_megacity,fixed_low_fee,gamified_loyalty_bar,33.58,27.0,4.78
ORD-500025,19,tier_2_regional,tiered_basket_subsidy,upsell_grid_modal,18.46,24.0,6.29
ORD-500026,20,tier_1_megacity,dynamic_surge_multiplier,gamified_loyalty_bar,21.13,52.0,13.92
ORD-500027,21,tier_1_megacity,dynamic_surge_multiplier,gamified_loyalty_bar,37.66,47.0,10.9
ORD-500028,13,tier_1_megacity,tiered_basket_subsidy,upsell_grid_modal,38.65,37.0,4.94
ORD-500029,16,tier_2_regional,dynamic_surge_multiplier,one_click_express,29.41,32.0,5.66
ORD-500030,10,tier_1_megacity,tiered_basket_subsidy,gamified_loyalty_bar,47.17,40.0,7.98
ORD-500031,15,tier_1_megacity,tiered_basket_subsidy,gamified_loyalty_bar,60.36,19.0,9.28
ORD-500032,23,tier_1_megacity,dynamic_surge_multiplier,one_click_express,52.92,28.0,16.83
ORD-500033,22,tier_1_megacity,dynamic_surge_multiplier,gamified_loyalty_bar,26.04,38.0,4.56
ORD-500034,22,tier_1_megacity,tiered_basket_subsidy,one_click_express,20.75,42.0,6.94
ORD-500035,15,tier_2_regional,fixed_low_fee,upsell_grid_modal,36.66,25.0,4.01
ORD-500036,8,tier_1_megacity,tiered_basket_subsidy,upsell_grid_modal,38.75,46.0,5.39
ORD-500037,15,tier_1_megacity,tiered_basket_subsidy,gamified_loyalty_bar,41.64,30.0,8.15
ORD-500038,9,tier_1_megacity,dynamic_surge_multiplier,gamified_loyalty_bar,19.62,45.0,-0.76
ORD-500039,9,tier_2_regional,tiered_basket_subsidy,gamified_loyalty_bar,42.83,49.0,7.63
ORD-500040,8,tier_2_regional,fixed_low_fee,upsell_grid_modal,37.36,52.0,5.11
ORD-500041,10,tier_1_megacity,fixed_low_fee,gamified_loyalty_bar,36.99,33.0,2.68
ORD-500042,12,tier_2_regional,tiered_basket_subsidy,gamified_loyalty_bar,41.23,14.0,8.47
ORD-500043,10,tier_1_megacity,tiered_basket_subsidy,gamified_loyalty_bar,51.35,26.0,7.05
ORD-500044,22,tier_3_small,fixed_low_fee,gamified_loyalty_bar,30.53,30.0,4.37
ORD-500045,23,tier_2_regional,fixed_low_fee,gamified_loyalty_bar,27.47,42.0,5.35
ORD-500046,15,tier_2_regional,dynamic_surge_multiplier,one_click_express,33.96,31.0,7.98
ORD-500047,18,tier_1_megacity,fixed_low_fee,gamified_loyalty_bar,39.69,20.0,5.74
ORD-500048,12,tier_3_small,tiered_basket_subsidy,one_click_express,29.17,28.0,6.12
ORD-500049,13,tier_1_megacity,dynamic_surge_multiplier,upsell_grid_modal,28.55,37.0,-0.65
ORD-500050,16,tier_3_small,dynamic_surge_multiplier,gamified_loyalty_bar,19.9,40.0,5.42
ORD-500051,13,tier_1_megacity,dynamic_surge_multiplier,one_click_express,52.46,16.0,8.51
ORD-500052,21,tier_1_megacity,fixed_low_fee,upsell_grid_modal,49.41,33.0,3.56
ORD-500053,22,tier_2_regional,fixed_low_fee,gamified_loyalty_bar,32.37,20.0,6.4
ORD-500054,20,tier_2_regional,dynamic_surge_multiplier,upsell_grid_modal,16.78,50.0,4.48
ORD-500055,14,tier_2_regional,fixed_low_fee,upsell_grid_modal,43.57,29.0,5.29
ORD-500056,16,tier_1_megacity,dynamic_surge_multiplier,gamified_loyalty_bar,56.48,19.0,-1.81
ORD-500057,18,tier_2_regional,fixed_low_fee,upsell_grid_modal,34.08,24.0,7.7
ORD-500058,11,tier_2_regional,fixed_low_fee,one_click_express,23.44,20.0,4.23
ORD-500059,12,tier_1_megacity,fixed_low_fee,gamified_loyalty_bar,26.83,31.0,3.53
ORD-500060,8,tier_2_regional,dynamic_surge_multiplier,gamified_loyalty_bar,34.86,54.0,2.62
ORD-500061,20,tier_2_regional,tiered_basket_subsidy,upsell_grid_modal,29.08,36.0,5.49
ORD-500062,17,tier_2_regional,tiered_basket_subsidy,one_click_express,24.95,29.0,5.8
ORD-500063,8,tier_1_megacity,dynamic_surge_multiplier,upsell_grid_modal,22.26,35.0,0.07
ORD-500064,18,tier_2_regional,dynamic_surge_multiplier,one_click_express,29.74,38.0,1.42
ORD-500065,12,tier_1_megacity,dynamic_surge_multiplier,upsell_grid_modal,32.58,47.0,7.89
ORD-500066,12,tier_1_megacity,fixed_low_fee,one_click_express,55.66,17.0,3.38
ORD-500067,14,tier_2_regional,fixed_low_fee,one_click_express,31.91,13.0,6.31
ORD-500068,9,tier_1_megacity,fixed_low_fee,one_click_express,19.13,28.0,1.78
ORD-500069,12,tier_1_megacity,dynamic_surge_multiplier,gamified_loyalty_bar,25.32,21.0,3.06
ORD-500070,18,tier_1_megacity,tiered_basket_subsidy,upsell_grid_modal,13.82,36.0,4.8
ORD-500071,21,tier_2_regional,dynamic_surge_multiplier,upsell_grid_modal,30.0,44.0,2.25
ORD-500072,15,tier_3_small,dynamic_surge_multiplier,upsell_grid_modal,22.06,30.0,0.51
ORD-500073,17,tier_3_small,dynamic_surge_multiplier,upsell_grid_modal,14.93,38.0,1.51
ORD-500074,18,tier_1_megacity,dynamic_surge_multiplier,upsell_grid_modal,13.96,33.0,2.53
ORD-500075,11,tier_2_regional,fixed_low_fee,one_click_express,27.55,42.0,6.86
ORD-500076,21,tier_1_megacity,dynamic_surge_multiplier,one_click_express,44.45,46.0,8.96
ORD-500077,12,tier_2_regional,dynamic_surge_multiplier,upsell_grid_modal,31.91,54.0,0.87
ORD-500078,11,tier_1_megacity,tiered_basket_subsidy,upsell_grid_modal,24.33,28.0,6.46
ORD-500079,16,tier_1_megacity,fixed_low_fee,gamified_loyalty_bar,39.27,28.0,4.09
ORD-500080,22,tier_1_megacity,tiered_basket_subsidy,gamified_loyalty_bar,47.42,32.0,6.04
ORD-500081,23,tier_3_small,dynamic_surge_multiplier,gamified_loyalty_bar,19.06,42.0,4.86
ORD-500082,19,tier_1_megacity,dynamic_surge_multiplier,upsell_grid_modal,35.85,31.0,1.91
ORD-500083,14,tier_2_regional,dynamic_surge_multiplier,one_click_express,35.7,30.0,9.7
ORD-500084,12,tier_1_megacity,tiered_basket_subsidy,one_click_express,49.79,36.0,7.03
ORD-500085,8,tier_1_megacity,fixed_low_fee,gamified_loyalty_bar,31.48,23.0,4.75
ORD-500086,23,tier_1_megacity,fixed_low_fee,upsell_grid_modal,57.4,33.0,6.05
ORD-500087,19,tier_2_regional,fixed_low_fee,one_click_express,23.87,45.0,3.87
ORD-500088,14,tier_2_regional,fixed_low_fee,one_click_express,32.87,20.0,1.36
ORD-500089,19,tier_1_megacity,tiered_basket_subsidy,upsell_grid_modal,31.25,28.0,4.55
ORD-500090,16,tier_2_regional,fixed_low_fee,one_click_express,31.66,30.0,4.63
ORD-500091,10,tier_1_megacity,dynamic_surge_multiplier,one_click_express,43.94,42.0,8.85
ORD-500092,8,tier_3_small,dynamic_surge_multiplier,one_click_express,22.53,13.0,11.89
ORD-500093,14,tier_1_megacity,dynamic_surge_multiplier,one_click_express,39.88,35.0,9.18
ORD-500094,21,tier_2_regional,fixed_low_fee,gamified_loyalty_bar,44.32,30.0,7.8
ORD-500095,17,tier_3_small,tiered_basket_subsidy,one_click_express,26.0,40.0,7.17
ORD-500096,23,tier_1_megacity,dynamic_surge_multiplier,one_click_express,47.43,37.0,3.41
ORD-500097,8,tier_1_megacity,dynamic_surge_multiplier,upsell_grid_modal,39.42,27.0,6.38
ORD-500098,23,tier_1_megacity,tiered_basket_subsidy,upsell_grid_modal,45.75,35.0,3.79
ORD-500099,11,tier_1_megacity,dynamic_surge_multiplier,gamified_loyalty_bar,33.68,48.0,3.12
ORD-500100,15,tier_3_small,dynamic_surge_multiplier,upsell_grid_modal,27.59,22.0,5.44
ORD-500101,9,tier_2_regional,fixed_low_fee,upsell_grid_modal,29.3,36.0,6.33
ORD-500102,12,tier_1_megacity,dynamic_surge_multiplier,one_click_express,39.02,32.0,8.27
ORD-500103,12,tier_3_small,fixed_low_fee,one_click_express,17.81,36.0,5.28
ORD-500104,15,tier_2_regional,tiered_basket_subsidy,one_click_express,14.93,25.0,4.65
ORD-500105,16,tier_1_megacity,fixed_low_fee,gamified_loyalty_bar,46.87,34.0,2.71
ORD-500106,8,tier_2_regional,fixed_low_fee,gamified_loyalty_bar,22.27,36.0,3.1
ORD-500107,19,tier_2_regional,fixed_low_fee,gamified_loyalty_bar,33.16,41.0,4.02
ORD-500108,17,tier_1_megacity,tiered_basket_subsidy,one_click_express,44.03,29.0,2.66
ORD-500109,19,tier_2_regional,dynamic_surge_multiplier,gamified_loyalty_bar,33.53,27.0,4.35
ORD-500110,15,tier_1_megacity,tiered_basket_subsidy,one_click_express,39.65,40.0,1.11
ORD-500111,9,tier_3_small,tiered_basket_subsidy,upsell_grid_modal,15.05,34.0,4.53
ORD-500112,12,tier_2_regional,tiered_basket_subsidy,gamified_loyalty_bar,46.14,17.0,7.49
ORD-500113,8,tier_3_small,dynamic_surge_multiplier,gamified_loyalty_bar,27.57,29.0,11.16
ORD-500114,21,tier_2_regional,tiered_basket_subsidy,gamified_loyalty_bar,47.24,50.0,8.01
ORD-500115,10,tier_1_megacity,tiered_basket_subsidy,upsell_grid_modal,39.34,40.0,5.86
ORD-500116,11,tier_2_regional,fixed_low_fee,upsell_grid_modal,28.29,19.0,7.49
ORD-500117,22,tier_2_regional,tiered_basket_subsidy,one_click_express,42.49,10.0,6.53
ORD-500118,12,tier_1_megacity,tiered_basket_subsidy,gamified_loyalty_bar,58.67,34.0,9.5
ORD-500119,9,tier_2_regional,dynamic_surge_multiplier,one_click_express,29.7,41.0,4.79
ORD-500120,19,tier_1_megacity,fixed_low_fee,one_click_express,45.89,13.0,6.09
ORD-500121,19,tier_2_regional,tiered_basket_subsidy,upsell_grid_modal,27.51,20.0,7.97
ORD-500122,14,tier_1_megacity,tiered_basket_subsidy,gamified_loyalty_bar,32.9,35.0,9.15
ORD-500123,13,tier_2_regional,dynamic_surge_multiplier,upsell_grid_modal,32.36,36.0,-1.02
ORD-500124,8,tier_1_megacity,dynamic_surge_multiplier,one_click_express,52.0,22.0,5.45
ORD-500125,23,tier_2_regional,dynamic_surge_multiplier,one_click_express,40.18,22.0,11.04
ORD-500126,13,tier_2_regional,fixed_low_fee,gamified_loyalty_bar,30.62,33.0,6.02
ORD-500127,8,tier_1_megacity,dynamic_surge_multiplier,one_click_express,26.92,35.0,7.12
ORD-500128,14,tier_1_megacity,dynamic_surge_multiplier,gamified_loyalty_bar,47.1,24.0,9.09
ORD-500129,11,tier_3_small,dynamic_surge_multiplier,one_click_express,38.85,44.0,7.0
ORD-500130,8,tier_1_megacity,dynamic_surge_multiplier,one_click_express,38.53,26.0,15.24
ORD-500131,15,tier_3_small,dynamic_surge_multiplier,one_click_express,27.3,41.0,8.36
ORD-500132,22,tier_1_megacity,fixed_low_fee,one_click_express,26.78,29.0,0.6
ORD-500133,23,tier_1_megacity,tiered_basket_subsidy,gamified_loyalty_bar,53.86,24.0,8.81
ORD-500134,8,tier_2_regional,fixed_low_fee,upsell_grid_modal,31.46,38.0,5.76
ORD-500135,13,tier_1_megacity,dynamic_surge_multiplier,one_click_express,51.75,27.0,8.97
ORD-500136,16,tier_2_regional,dynamic_surge_multiplier,one_click_express,22.98,22.0,6.76
ORD-500137,8,tier_2_regional,fixed_low_fee,one_click_express,24.46,41.0,4.77
ORD-500138,13,tier_2_regional,tiered_basket_subsidy,gamified_loyalty_bar,34.04,34.0,8.28
ORD-500139,15,tier_2_regional,fixed_low_fee,gamified_loyalty_bar,24.53,23.0,6.23
ORD-500140,18,tier_2_regional,dynamic_surge_multiplier,gamified_loyalty_bar,23.89,43.0,-0.82
ORD-500141,16,tier_2_regional,fixed_low_fee,upsell_grid_modal,34.11,39.0,3.98
ORD-500142,21,tier_2_regional,tiered_basket_subsidy,gamified_loyalty_bar,31.19,39.0,9.18
ORD-500143,8,tier_2_regional,tiered_basket_subsidy,one_click_express,29.36,46.0,8.35
ORD-500144,17,tier_1_megacity,dynamic_surge_multiplier,one_click_express,46.55,30.0,7.63
ORD-500145,15,tier_2_regional,fixed_low_fee,one_click_express,20.71,23.0,2.57
ORD-500146,21,tier_3_small,tiered_basket_subsidy,upsell_grid_modal,24.84,29.0,4.51
ORD-500147,22,tier_2_regional,dynamic_surge_multiplier,upsell_grid_modal,738.31,26.0,123.29
ORD-500148,15,tier_1_megacity,dynamic_surge_multiplier,gamified_loyalty_bar,46.71,32.0,4.11
ORD-500149,20,tier_1_megacity,tiered_basket_subsidy,one_click_express,40.69,39.0,3.88
ORD-500150,13,tier_1_megacity,fixed_low_fee,gamified_loyalty_bar,26.89,30.0,4.8
ORD-500151,22,tier_1_megacity,tiered_basket_subsidy,one_click_express,54.93,26.0,7.05
ORD-500152,14,tier_1_megacity,fixed_low_fee,gamified_loyalty_bar,48.9,33.0,5.77
ORD-500153,14,tier_1_megacity,tiered_basket_subsidy,gamified_loyalty_bar,48.48,46.0,12.1
ORD-500154,23,tier_3_small,fixed_low_fee,gamified_loyalty_bar,25.72,45.0,4.64
ORD-500155,18,tier_2_regional,dynamic_surge_multiplier,one_click_express,35.77,31.0,2.37
ORD-500156,21,tier_3_small,tiered_basket_subsidy,one_click_express,25.89,22.0,3.0
ORD-500157,17,tier_1_megacity,tiered_basket_subsidy,upsell_grid_modal,39.25,34.0,1.46
ORD-500158,14,tier_1_megacity,fixed_low_fee,gamified_loyalty_bar,37.59,46.0,6.36
ORD-500159,22,tier_2_regional,tiered_basket_subsidy,gamified_loyalty_bar,43.57,46.0,5.66
ORD-500160,16,tier_1_megacity,dynamic_surge_multiplier,upsell_grid_modal,35.87,46.0,0.15
ORD-500161,22,tier_2_regional,tiered_basket_subsidy,one_click_express,16.5,33.0,9.93
ORD-500162,22,tier_2_regional,dynamic_surge_multiplier,upsell_grid_modal,22.09,,1.95
ORD-500163,15,tier_1_megacity,fixed_low_fee,gamified_loyalty_bar,53.75,24.0,3.76
ORD-500164,17,tier_3_small,dynamic_surge_multiplier,gamified_loyalty_bar,16.6,28.0,3.75
ORD-500165,11,,dynamic_surge_multiplier,one_click_express,32.68,27.0,11.21
ORD-500166,12,tier_2_regional,dynamic_surge_multiplier,gamified_loyalty_bar,36.09,-99.0,4.61
ORD-500167,11,tier_1_megacity,dynamic_surge_multiplier,upsell_grid_modal,23.58,51.0,8.66
ORD-500168,10,tier_3_small,fixed_low_fee,gamified_loyalty_bar,24.53,44.0,5.38
ORD-500169,15,tier_3_small,tiered_basket_subsidy,one_click_express,22.79,25.0,6.33
ORD-500170,18,tier_1_megacity,tiered_basket_subsidy,one_click_express,48.24,30.0,5.82
ORD-500171,19,tier_1_megacity,tiered_basket_subsidy,upsell_grid_modal,46.06,38.0,3.18
ORD-500172,17,tier_2_regional,fixed_low_fee,gamified_loyalty_bar,26.74,26.0,5.15
ORD-500173,11,tier_1_megacity,dynamic_surge_multiplier,upsell_grid_modal,21.79,47.0,3.04
ORD-500174,16,tier_3_small,fixed_low_fee,gamified_loyalty_bar,21.78,31.0,6.68
ORD-500175,14,tier_3_small,fixed_low_fee,upsell_grid_modal,38.74,24.0,5.15
ORD-500176,19,tier_3_small,tiered_basket_subsidy,one_click_express,29.15,12.0,8.44
ORD-500177,19,tier_2_regional,tiered_basket_subsidy,upsell_grid_modal,26.81,26.0,9.11
ORD-500178,10,tier_1_megacity,tiered_basket_subsidy,gamified_loyalty_bar,30.27,29.0,5.9
ORD-500179,17,tier_1_megacity,dynamic_surge_multiplier,one_click_express,48.2,33.0,2.51
ORD-500180,17,tier_2_regional,tiered_basket_subsidy,gamified_loyalty_bar,42.51,28.0,11.43
ORD-500181,13,tier_1_megacity,dynamic_surge_multiplier,gamified_loyalty_bar,39.47,46.0,12.58
ORD-500182,10,tier_2_regional,fixed_low_fee,gamified_loyalty_bar,30.11,28.0,4.35
ORD-500183,16,tier_1_megacity,fixed_low_fee,gamified_loyalty_bar,34.29,28.0,1.84
ORD-500184,13,tier_1_megacity,fixed_low_fee,gamified_loyalty_bar,34.25,44.0,5.16
ORD-500185,15,tier_2_regional,fixed_low_fee,one_click_express,20.78,34.0,5.36
ORD-500186,19,tier_2_regional,fixed_low_fee,gamified_loyalty_bar,33.23,27.0,3.28
ORD-500187,10,tier_2_regional,tiered_basket_subsidy,one_click_express,36.97,21.0,5.25
ORD-500188,12,tier_1_megacity,tiered_basket_subsidy,one_click_express,46.84,37.0,4.63
ORD-500189,22,tier_3_small,tiered_basket_subsidy,gamified_loyalty_bar,26.77,31.0,9.37
ORD-500190,19,tier_1_megacity,dynamic_surge_multiplier,upsell_grid_modal,37.15,36.0,-2.08
ORD-500191,11,tier_1_megacity,dynamic_surge_multiplier,upsell_grid_modal,23.4,22.0,8.88
ORD-500192,8,tier_3_small,fixed_low_fee,upsell_grid_modal,29.48,,4.19
ORD-500193,15,tier_2_regional,dynamic_surge_multiplier,gamified_loyalty_bar,13.21,36.0,5.38
ORD-500194,19,tier_1_megacity,dynamic_surge_multiplier,upsell_grid_modal,29.45,25.0,7.44
ORD-500195,12,tier_1_megacity,tiered_basket_subsidy,one_click_express,27.01,49.0,4.67
ORD-500196,23,tier_2_regional,fixed_low_fee,gamified_loyalty_bar,30.9,23.0,5.35
ORD-500197,12,tier_3_small,tiered_basket_subsidy,upsell_grid_modal,28.78,48.0,3.24
ORD-500198,9,tier_1_megacity,fixed_low_fee,gamified_loyalty_bar,57.27,24.0,3.48
ORD-500199,15,tier_1_megacity,dynamic_surge_multiplier,one_click_express,45.74,50.0,12.05
ORD-500200,19,tier_1_megacity,dynamic_surge_multiplier,gamified_loyalty_bar,20.31,25.0,9.04
ORD-500201,21,tier_2_regional,fixed_low_fee,one_click_express,20.46,31.0,3.47
ORD-500202,22,tier_3_small,dynamic_surge_multiplier,upsell_grid_modal,21.9,23.0,5.57
ORD-500203,11,tier_1_megacity,fixed_low_fee,upsell_grid_modal,39.57,48.0,6.21
ORD-500204,8,tier_2_regional,tiered_basket_subsidy,one_click_express,29.31,31.0,1.56
ORD-500205,8,tier_1_megacity,dynamic_surge_multiplier,upsell_grid_modal,31.77,32.0,9.3
ORD-500206,8,tier_1_megacity,dynamic_surge_multiplier,one_click_express,33.39,40.0,0.71
ORD-500207,23,tier_1_megacity,dynamic_surge_multiplier,upsell_grid_modal,49.14,27.0,0.75
ORD-500208,15,tier_3_small,fixed_low_fee,upsell_grid_modal,25.22,33.0,5.83
ORD-500209,23,tier_2_regional,dynamic_surge_multiplier,one_click_express,26.19,10.0,-0.69
ORD-500210,16,tier_1_megacity,tiered_basket_subsidy,gamified_loyalty_bar,42.48,29.0,8.3
ORD-500211,15,tier_1_megacity,tiered_basket_subsidy,one_click_express,37.62,41.0,2.88
ORD-500212,12,tier_2_regional,dynamic_surge_multiplier,one_click_express,28.32,31.0,8.27
ORD-500213,12,tier_2_regional,dynamic_surge_multiplier,one_click_express,35.54,35.0,7.86
ORD-500214,15,tier_2_regional,fixed_low_fee,one_click_express,29.49,35.0,0.41
ORD-500215,20,tier_2_regional,dynamic_surge_multiplier,gamified_loyalty_bar,36.64,34.0,4.55
ORD-500216,17,tier_2_regional,tiered_basket_subsidy,one_click_express,27.91,38.0,3.27
ORD-500217,12,tier_3_small,dynamic_surge_multiplier,gamified_loyalty_bar,17.72,28.0,5.97
ORD-500218,18,tier_2_regional,dynamic_surge_multiplier,upsell_grid_modal,23.44,43.0,-0.5
ORD-500219,21,tier_1_megacity,tiered_basket_subsidy,one_click_express,36.85,25.0,5.79
ORD-500220,12,tier_2_regional,fixed_low_fee,one_click_express,28.36,35.0,2.2
ORD-500221,15,tier_1_megacity,dynamic_surge_multiplier,upsell_grid_modal,38.78,21.0,2.77
ORD-500222,11,tier_2_regional,tiered_basket_subsidy,upsell_grid_modal,29.68,22.0,3.23
ORD-500223,18,tier_1_megacity,fixed_low_fee,upsell_grid_modal,41.31,29.0,2.62
ORD-500224,12,tier_1_megacity,tiered_basket_subsidy,upsell_grid_modal,34.62,13.0,2.22
ORD-500225,9,tier_2_regional,tiered_basket_subsidy,one_click_express,32.7,31.0,3.3
ORD-500226,20,tier_2_regional,fixed_low_fee,gamified_loyalty_bar,26.69,25.0,4.03
ORD-500227,22,tier_2_regional,dynamic_surge_multiplier,one_click_express,25.15,30.0,6.61
ORD-500228,8,tier_1_megacity,dynamic_surge_multiplier,gamified_loyalty_bar,53.0,41.0,6.32
ORD-500229,17,tier_1_megacity,dynamic_surge_multiplier,upsell_grid_modal,27.78,19.0,4.17
ORD-500230,10,tier_1_megacity,dynamic_surge_multiplier,gamified_loyalty_bar,36.61,30.0,6.88
ORD-500231,17,tier_3_small,dynamic_surge_multiplier,one_click_express,25.63,32.0,1.99
ORD-500232,11,tier_3_small,fixed_low_fee,upsell_grid_modal,27.04,33.0,9.4
ORD-500233,9,tier_3_small,dynamic_surge_multiplier,upsell_grid_modal,8.0,44.0,2.06
ORD-500234,11,tier_1_megacity,fixed_low_fee,gamified_loyalty_bar,35.45,33.0,5.05
ORD-500235,15,tier_1_megacity,tiered_basket_subsidy,gamified_loyalty_bar,66.76,44.0,5.73
ORD-500236,11,tier_3_small,tiered_basket_subsidy,gamified_loyalty_bar,42.06,41.0,8.04
ORD-500237,20,tier_1_megacity,fixed_low_fee,one_click_express,38.33,36.0,2.16
ORD-500238,19,tier_1_megacity,dynamic_surge_multiplier,one_click_express,47.29,15.0,10.31
ORD-500239,11,tier_2_regional,tiered_basket_subsidy,one_click_express,31.81,19.0,7.77
ORD-500240,19,tier_1_megacity,dynamic_surge_multiplier,upsell_grid_modal,22.31,34.0,4.2
ORD-500241,13,tier_1_megacity,dynamic_surge_multiplier,gamified_loyalty_bar,46.14,37.0,3.16
ORD-500242,8,tier_3_small,tiered_basket_subsidy,gamified_loyalty_bar,47.31,50.0,6.57
ORD-500243,17,tier_1_megacity,fixed_low_fee,one_click_express,48.91,20.0,4.09
ORD-500244,10,,fixed_low_fee,gamified_loyalty_bar,27.89,22.0,4.04
ORD-500245,23,tier_2_regional,fixed_low_fee,upsell_grid_modal,37.45,36.0,5.55
ORD-500246,22,tier_2_regional,fixed_low_fee,gamified_loyalty_bar,49.28,27.0,6.38
ORD-500247,9,tier_1_megacity,tiered_basket_subsidy,one_click_express,43.28,21.0,7.73
ORD-500248,20,tier_3_small,tiered_basket_subsidy,one_click_express,29.61,35.0,4.04
ORD-500249,17,tier_1_megacity,dynamic_surge_multiplier,one_click_express,37.82,49.0,13.34
ORD-500250,14,,fixed_low_fee,one_click_express,40.66,26.0,3.33
ORD-500251,14,tier_2_regional,dynamic_surge_multiplier,one_click_express,43.78,44.0,9.6
ORD-500252,16,tier_3_small,fixed_low_fee,gamified_loyalty_bar,19.38,38.0,2.81
ORD-500253,9,tier_2_regional,dynamic_surge_multiplier,gamified_loyalty_bar,29.16,41.0,4.16
ORD-500254,20,tier_1_megacity,fixed_low_fee,one_click_express,36.34,21.0,1.75
ORD-500255,12,tier_3_small,fixed_low_fee,upsell_grid_modal,32.74,25.0,4.47
ORD-500256,20,tier_1_megacity,tiered_basket_subsidy,one_click_express,28.53,26.0,6.35
ORD-500257,8,tier_1_megacity,dynamic_surge_multiplier,gamified_loyalty_bar,35.98,16.0,7.8
ORD-500258,8,tier_1_megacity,dynamic_surge_multiplier,upsell_grid_modal,27.11,29.0,4.3
ORD-500259,16,tier_3_small,dynamic_surge_multiplier,upsell_grid_modal,11.04,10.0,4.22
ORD-500260,9,tier_1_megacity,tiered_basket_subsidy,upsell_grid_modal,47.86,40.0,4.13
ORD-500261,16,tier_2_regional,tiered_basket_subsidy,gamified_loyalty_bar,32.1,36.0,10.59
ORD-500262,8,tier_1_megacity,tiered_basket_subsidy,one_click_express,35.25,35.0,5.96
ORD-500263,17,tier_1_megacity,fixed_low_fee,gamified_loyalty_bar,29.91,16.0,4.75
ORD-500264,11,tier_1_megacity,fixed_low_fee,one_click_express,41.13,32.0,3.42
ORD-500265,23,tier_2_regional,tiered_basket_subsidy,gamified_loyalty_bar,48.46,18.0,9.44
ORD-500266,15,tier_2_regional,dynamic_surge_multiplier,one_click_express,27.73,45.0,-1.75
ORD-500267,8,tier_3_small,fixed_low_fee,gamified_loyalty_bar,26.77,40.0,5.41
ORD-500268,8,tier_2_regional,fixed_low_fee,upsell_grid_modal,32.43,42.0,2.72
ORD-500269,14,tier_1_megacity,fixed_low_fee,gamified_loyalty_bar,37.25,34.0,4.13
ORD-500270,23,tier_1_megacity,dynamic_surge_multiplier,upsell_grid_modal,19.14,20.0,-0.76
ORD-500271,15,tier_2_regional,tiered_basket_subsidy,one_click_express,23.74,26.0,7.43
ORD-500272,9,tier_2_regional,tiered_basket_subsidy,gamified_loyalty_bar,55.15,28.0,6.03
ORD-500273,12,tier_1_megacity,tiered_basket_subsidy,one_click_express,39.77,36.0,5.36
ORD-500274,18,tier_1_megacity,dynamic_surge_multiplier,gamified_loyalty_bar,27.45,29.0,6.28
ORD-500275,21,tier_1_megacity,tiered_basket_subsidy,one_click_express,31.29,28.0,5.26
ORD-500276,13,tier_3_small,fixed_low_fee,gamified_loyalty_bar,21.46,19.0,5.69
ORD-500277,21,tier_2_regional,tiered_basket_subsidy,gamified_loyalty_bar,47.8,19.0,13.37
ORD-500278,8,tier_1_megacity,fixed_low_fee,one_click_express,37.68,29.0,6.86
ORD-500279,10,tier_3_small,fixed_low_fee,one_click_express,29.2,36.0,4.81
ORD-500280,14,tier_1_megacity,tiered_basket_subsidy,one_click_express,36.6,24.0,5.95
ORD-500281,8,tier_3_small,fixed_low_fee,one_click_express,29.21,27.0,4.51
ORD-500282,8,tier_3_small,dynamic_surge_multiplier,gamified_loyalty_bar,30.17,25.0,9.72
ORD-500283,19,tier_2_regional,fixed_low_fee,upsell_grid_modal,29.53,39.0,6.84
ORD-500284,11,tier_2_regional,fixed_low_fee,gamified_loyalty_bar,43.27,29.0,7.96
ORD-500285,21,tier_1_megacity,fixed_low_fee,upsell_grid_modal,39.57,34.0,2.35
ORD-500286,19,tier_2_regional,fixed_low_fee,one_click_express,18.21,18.0,6.54
ORD-500287,20,tier_2_regional,dynamic_surge_multiplier,gamified_loyalty_bar,39.68,22.0,-0.37
ORD-500288,20,tier_1_megacity,fixed_low_fee,one_click_express,47.55,30.0,4.33
ORD-500289,18,tier_3_small,tiered_basket_subsidy,upsell_grid_modal,27.13,23.0,6.99
ORD-500290,22,tier_2_regional,fixed_low_fee,one_click_express,19.93,44.0,4.07
ORD-500291,16,tier_1_megacity,dynamic_surge_multiplier,upsell_grid_modal,40.41,27.0,5.78
ORD-500292,20,tier_1_megacity,tiered_basket_subsidy,gamified_loyalty_bar,50.31,27.0,9.77
ORD-500293,15,tier_2_regional,tiered_basket_subsidy,gamified_loyalty_bar,48.78,27.0,9.33
ORD-500294,14,tier_3_small,tiered_basket_subsidy,one_click_express,17.69,55.0,4.7
ORD-500295,9,tier_2_regional,dynamic_surge_multiplier,gamified_loyalty_bar,25.46,28.0,11.36
ORD-500296,23,tier_2_regional,fixed_low_fee,upsell_grid_modal,38.86,29.0,4.23
ORD-500297,9,tier_1_megacity,tiered_basket_subsidy,one_click_express,39.34,45.0,7.44
ORD-500298,22,tier_1_megacity,fixed_low_fee,one_click_express,52.43,33.0,5.31
ORD-500299,18,tier_1_megacity,dynamic_surge_multiplier,upsell_grid_modal,33.35,51.0,-1.99
ORD-500300,23,tier_2_regional,dynamic_surge_multiplier,gamified_loyalty_bar,37.07,,-0.73
ORD-500301,23,tier_2_regional,dynamic_surge_multiplier,gamified_loyalty_bar,44.01,38.0,7.95
ORD-500302,19,tier_1_megacity,fixed_low_fee,one_click_express,48.55,33.0,3.7
ORD-500303,8,tier_2_regional,dynamic_surge_multiplier,one_click_express,27.63,44.0,8.88
ORD-500304,18,tier_3_small,fixed_low_fee,upsell_grid_modal,23.56,43.0,5.65
ORD-500305,19,tier_1_megacity,dynamic_surge_multiplier,one_click_express,35.45,37.0,8.59
ORD-500306,8,tier_2_regional,tiered_basket_subsidy,gamified_loyalty_bar,45.98,22.0,7.76
ORD-500307,8,tier_3_small,dynamic_surge_multiplier,one_click_express,22.42,34.0,11.46
ORD-500308,19,tier_3_small,dynamic_surge_multiplier,upsell_grid_modal,14.14,31.0,6.91
ORD-500309,13,tier_2_regional,fixed_low_fee,gamified_loyalty_bar,28.15,35.0,5.04
ORD-500310,10,tier_3_small,dynamic_surge_multiplier,one_click_express,32.93,40.0,1.52
ORD-500311,15,tier_1_megacity,dynamic_surge_multiplier,gamified_loyalty_bar,41.66,21.0,3.65
ORD-500312,19,tier_2_regional,tiered_basket_subsidy,upsell_grid_modal,23.88,30.0,5.64
ORD-500313,14,tier_1_megacity,fixed_low_fee,gamified_loyalty_bar,30.28,24.0,4.67
ORD-500314,18,tier_1_megacity,fixed_low_fee,gamified_loyalty_bar,39.84,42.0,6.25
ORD-500315,13,tier_2_regional,fixed_low_fee,gamified_loyalty_bar,34.27,27.0,3.61
ORD-500316,22,tier_1_megacity,dynamic_surge_multiplier,upsell_grid_modal,41.52,26.0,7.43
ORD-500317,19,tier_1_megacity,dynamic_surge_multiplier,upsell_grid_modal,25.78,22.0,-3.17
ORD-500318,20,tier_1_megacity,tiered_basket_subsidy,gamified_loyalty_bar,57.44,45.0,7.74
ORD-500319,21,tier_3_small,tiered_basket_subsidy,one_click_express,25.87,32.0,3.58
ORD-500320,15,tier_2_regional,dynamic_surge_multiplier,gamified_loyalty_bar,36.59,32.0,-4.71
ORD-500321,17,tier_2_regional,fixed_low_fee,upsell_grid_modal,27.17,24.0,5.96
ORD-500322,15,tier_2_regional,tiered_basket_subsidy,gamified_loyalty_bar,39.4,28.0,11.6
ORD-500323,20,tier_1_megacity,dynamic_surge_multiplier,upsell_grid_modal,34.02,39.0,1.38
ORD-500324,18,tier_2_regional,tiered_basket_subsidy,one_click_express,35.95,40.0,3.35
ORD-500325,8,tier_3_small,dynamic_surge_multiplier,one_click_express,23.19,24.0,11.69
ORD-500326,15,tier_2_regional,dynamic_surge_multiplier,upsell_grid_modal,25.74,27.0,-6.57
ORD-500327,18,tier_1_megacity,tiered_basket_subsidy,gamified_loyalty_bar,790.21,32.0,150.82
ORD-500328,20,tier_1_megacity,dynamic_surge_multiplier,gamified_loyalty_bar,31.31,31.0,-2.64
ORD-500329,23,tier_1_megacity,fixed_low_fee,gamified_loyalty_bar,49.38,38.0,7.63
ORD-500330,23,tier_1_megacity,fixed_low_fee,gamified_loyalty_bar,32.59,18.0,4.49
ORD-500331,8,tier_2_regional,tiered_basket_subsidy,one_click_express,14.37,23.0,3.34
ORD-500332,9,tier_2_regional,fixed_low_fee,one_click_express,36.35,50.0,0.22
ORD-500333,23,tier_2_regional,fixed_low_fee,one_click_express,37.09,29.0,3.12
ORD-500334,23,tier_2_regional,dynamic_surge_multiplier,one_click_express,38.39,29.0,7.34
ORD-500335,21,tier_1_megacity,dynamic_surge_multiplier,gamified_loyalty_bar,34.45,31.0,8.44
ORD-500336,12,tier_1_megacity,tiered_basket_subsidy,upsell_grid_modal,46.55,36.0,1.46
ORD-500337,16,tier_1_megacity,tiered_basket_subsidy,upsell_grid_modal,33.78,,3.59
ORD-500338,9,tier_2_regional,dynamic_surge_multiplier,one_click_express,25.85,30.0,8.37
ORD-500339,23,tier_1_megacity,fixed_low_fee,upsell_grid_modal,50.59,26.0,5.32
ORD-500340,13,tier_1_megacity,tiered_basket_subsidy,one_click_express,27.43,24.0,6.11
ORD-500341,16,tier_2_regional,fixed_low_fee,gamified_loyalty_bar,26.19,25.0,1.86
ORD-500342,15,tier_2_regional,dynamic_surge_multiplier,one_click_express,17.27,53.0,11.3
ORD-500343,12,tier_2_regional,tiered_basket_subsidy,gamified_loyalty_bar,44.36,32.0,5.04
ORD-500344,14,tier_3_small,tiered_basket_subsidy,gamified_loyalty_bar,37.46,14.0,6.63
ORD-500345,19,tier_1_megacity,dynamic_surge_multiplier,gamified_loyalty_bar,50.27,40.0,6.57
ORD-500346,9,tier_2_regional,tiered_basket_subsidy,one_click_express,30.57,15.0,8.67
ORD-500347,13,tier_1_megacity,dynamic_surge_multiplier,one_click_express,35.67,29.0,9.69
ORD-500348,21,tier_1_megacity,dynamic_surge_multiplier,one_click_express,50.57,42.0,8.2
ORD-500349,23,tier_2_regional,dynamic_surge_multiplier,upsell_grid_modal,19.39,29.0,-3.91
ORD-500350,22,tier_1_megacity,fixed_low_fee,one_click_express,23.19,39.0,4.21
ORD-500351,22,tier_1_megacity,dynamic_surge_multiplier,gamified_loyalty_bar,41.42,22.0,6.72
ORD-500352,14,tier_1_megacity,dynamic_surge_multiplier,one_click_express,50.44,23.0,-1.3
ORD-500353,21,tier_1_megacity,dynamic_surge_multiplier,one_click_express,43.79,44.0,7.08
ORD-500354,20,tier_2_regional,fixed_low_fee,one_click_express,30.68,23.0,3.7
ORD-500355,20,tier_1_megacity,tiered_basket_subsidy,upsell_grid_modal,45.55,41.0,2.93
ORD-500356,9,tier_3_small,fixed_low_fee,gamified_loyalty_bar,32.09,36.0,2.32
ORD-500357,15,tier_2_regional,fixed_low_fee,gamified_loyalty_bar,34.52,29.0,5.07
ORD-500358,21,tier_3_small,dynamic_surge_multiplier,one_click_express,21.83,42.0,7.48
ORD-500359,15,tier_1_megacity,dynamic_surge_multiplier,one_click_express,50.94,21.0,13.71
ORD-500360,21,tier_2_regional,tiered_basket_subsidy,gamified_loyalty_bar,36.91,34.0,9.82
ORD-500361,17,tier_2_regional,fixed_low_fee,upsell_grid_modal,40.83,25.0,8.17
ORD-500362,23,tier_1_megacity,tiered_basket_subsidy,gamified_loyalty_bar,39.63,46.0,6.56
ORD-500363,15,tier_2_regional,fixed_low_fee,gamified_loyalty_bar,20.02,33.0,5.36
ORD-500364,16,tier_3_small,tiered_basket_subsidy,one_click_express,32.55,31.0,6.98
ORD-500365,12,tier_2_regional,tiered_basket_subsidy,upsell_grid_modal,25.11,37.0,3.71
ORD-500366,15,tier_2_regional,tiered_basket_subsidy,one_click_express,21.96,46.0,5.64
ORD-500367,21,tier_1_megacity,fixed_low_fee,gamified_loyalty_bar,38.98,29.0,7.13
ORD-500368,13,tier_3_small,tiered_basket_subsidy,one_click_express,14.37,29.0,4.83
ORD-500369,13,tier_3_small,dynamic_surge_multiplier,one_click_express,35.92,11.0,2.04
ORD-500370,10,tier_1_megacity,dynamic_surge_multiplier,one_click_express,49.08,39.0,5.09
ORD-500371,19,tier_3_small,fixed_low_fee,one_click_express,24.37,37.0,4.28
ORD-500372,14,tier_2_regional,tiered_basket_subsidy,upsell_grid_modal,23.97,33.0,2.94
ORD-500373,10,tier_1_megacity,fixed_low_fee,one_click_express,49.04,56.0,8.13
ORD-500374,21,tier_2_regional,tiered_basket_subsidy,one_click_express,33.1,19.0,4.12
ORD-500375,23,tier_1_megacity,fixed_low_fee,one_click_express,22.42,38.0,8.09
ORD-500376,18,tier_2_regional,dynamic_surge_multiplier,one_click_express,28.94,44.0,10.36
ORD-500377,20,tier_1_megacity,dynamic_surge_multiplier,upsell_grid_modal,29.32,47.0,7.28
ORD-500378,23,tier_1_megacity,tiered_basket_subsidy,gamified_loyalty_bar,72.86,45.0,7.53
ORD-500379,11,tier_2_regional,fixed_low_fee,upsell_grid_modal,27.15,23.0,7.63
ORD-500380,20,tier_2_regional,tiered_basket_subsidy,one_click_express,26.6,37.0,6.56
ORD-500381,8,tier_1_megacity,fixed_low_fee,gamified_loyalty_bar,51.45,31.0,4.73
ORD-500382,23,tier_1_megacity,tiered_basket_subsidy,one_click_express,32.33,42.0,6.52
ORD-500383,23,tier_2_regional,tiered_basket_subsidy,one_click_express,24.65,24.0,5.5
ORD-500384,22,tier_1_megacity,tiered_basket_subsidy,upsell_grid_modal,22.95,46.0,5.45
ORD-500385,15,tier_1_megacity,fixed_low_fee,one_click_express,29.06,16.0,2.55
ORD-500386,8,tier_1_megacity,dynamic_surge_multiplier,one_click_express,36.02,24.0,5.47
ORD-500387,20,tier_1_megacity,dynamic_surge_multiplier,one_click_express,38.51,42.0,8.18
ORD-500388,13,tier_1_megacity,fixed_low_fee,gamified_loyalty_bar,48.07,54.0,2.08
ORD-500389,19,tier_2_regional,tiered_basket_subsidy,gamified_loyalty_bar,37.7,29.0,11.16
ORD-500390,9,tier_2_regional,fixed_low_fee,one_click_express,21.13,28.0,4.34
ORD-500391,13,tier_1_megacity,dynamic_surge_multiplier,one_click_express,42.27,25.0,7.52
ORD-500392,15,tier_2_regional,dynamic_surge_multiplier,upsell_grid_modal,24.24,21.0,1.32
ORD-500393,21,tier_3_small,fixed_low_fee,one_click_express,20.0,36.0,5.72
ORD-500394,19,tier_1_megacity,dynamic_surge_multiplier,gamified_loyalty_bar,38.86,32.0,11.13
ORD-500395,10,tier_2_regional,tiered_basket_subsidy,upsell_grid_modal,28.46,33.0,3.71
ORD-500396,17,tier_3_small,tiered_basket_subsidy,upsell_grid_modal,26.52,25.0,3.6
ORD-500397,9,tier_1_megacity,dynamic_surge_multiplier,one_click_express,31.72,24.0,4.3
ORD-500398,15,tier_1_megacity,dynamic_surge_multiplier,one_click_express,41.07,29.0,10.93
ORD-500399,18,tier_1_megacity,dynamic_surge_multiplier,upsell_grid_modal,36.03,36.0,7.05
ORD-500400,12,tier_1_megacity,dynamic_surge_multiplier,one_click_express,48.25,38.0,9.74
ORD-500401,21,tier_2_regional,fixed_low_fee,one_click_express,31.44,56.0,3.87
ORD-500402,15,tier_2_regional,fixed_low_fee,one_click_express,37.91,25.0,3.25
ORD-500403,21,tier_1_megacity,dynamic_surge_multiplier,one_click_express,43.33,30.0,10.22
ORD-500404,10,tier_1_megacity,dynamic_surge_multiplier,one_click_express,27.41,29.0,7.04
ORD-500405,22,tier_3_small,fixed_low_fee,gamified_loyalty_bar,33.69,26.0,3.76
ORD-500406,23,tier_2_regional,dynamic_surge_multiplier,one_click_express,33.66,40.0,-0.72
ORD-500407,19,tier_2_regional,dynamic_surge_multiplier,one_click_express,23.45,18.0,20.17
ORD-500408,11,tier_1_megacity,fixed_low_fee,one_click_express,34.38,16.0,2.17
ORD-500409,11,tier_1_megacity,dynamic_surge_multiplier,upsell_grid_modal,39.95,33.0,1.19
ORD-500410,15,tier_3_small,tiered_basket_subsidy,upsell_grid_modal,21.03,18.0,6.32
ORD-500411,9,tier_3_small,tiered_basket_subsidy,one_click_express,26.29,34.0,2.04
ORD-500412,17,tier_2_regional,fixed_low_fee,upsell_grid_modal,25.4,51.0,5.96
ORD-500413,23,tier_3_small,dynamic_surge_multiplier,upsell_grid_modal,12.43,30.0,-2.04
ORD-500414,18,tier_2_regional,dynamic_surge_multiplier,upsell_grid_modal,22.25,13.0,1.13
ORD-500415,14,tier_1_megacity,dynamic_surge_multiplier,gamified_loyalty_bar,34.35,26.0,7.15
ORD-500416,8,tier_1_megacity,fixed_low_fee,upsell_grid_modal,44.93,33.0,7.13
ORD-500417,15,tier_1_megacity,tiered_basket_subsidy,one_click_express,51.5,11.0,6.9
ORD-500418,21,tier_1_megacity,tiered_basket_subsidy,gamified_loyalty_bar,58.27,33.0,9.06
ORD-500419,17,tier_1_megacity,fixed_low_fee,one_click_express,54.39,42.0,3.87
ORD-500420,20,tier_2_regional,fixed_low_fee,one_click_express,33.75,-99.0,3.42
ORD-500421,15,tier_3_small,fixed_low_fee,gamified_loyalty_bar,26.56,32.0,6.81
ORD-500422,19,tier_2_regional,dynamic_surge_multiplier,one_click_express,28.33,22.0,3.15
ORD-500423,11,tier_3_small,tiered_basket_subsidy,upsell_grid_modal,15.45,30.0,6.32
ORD-500424,13,tier_1_megacity,dynamic_surge_multiplier,one_click_express,34.11,47.0,5.61
ORD-500425,8,tier_2_regional,fixed_low_fee,gamified_loyalty_bar,34.22,38.0,1.83
ORD-500426,14,tier_2_regional,dynamic_surge_multiplier,upsell_grid_modal,14.02,39.0,4.82
ORD-500427,9,tier_3_small,dynamic_surge_multiplier,one_click_express,28.16,13.0,16.24
ORD-500428,18,tier_1_megacity,tiered_basket_subsidy,gamified_loyalty_bar,57.27,22.0,9.55
ORD-500429,15,tier_1_megacity,fixed_low_fee,one_click_express,35.07,36.0,6.02
ORD-500430,19,tier_1_megacity,fixed_low_fee,upsell_grid_modal,50.32,20.0,7.78
ORD-500431,15,tier_1_megacity,fixed_low_fee,gamified_loyalty_bar,39.43,49.0,5.17
ORD-500432,17,tier_2_regional,dynamic_surge_multiplier,upsell_grid_modal,24.07,49.0,3.76
ORD-500433,21,tier_3_small,tiered_basket_subsidy,upsell_grid_modal,17.44,24.0,2.23
ORD-500434,18,tier_1_megacity,tiered_basket_subsidy,one_click_express,26.52,23.0,4.8
ORD-500435,8,tier_2_regional,tiered_basket_subsidy,gamified_loyalty_bar,44.7,33.0,9.01
ORD-500436,23,tier_1_megacity,dynamic_surge_multiplier,one_click_express,37.0,52.0,5.54
ORD-500437,14,tier_2_regional,dynamic_surge_multiplier,gamified_loyalty_bar,37.51,26.0,0.66
ORD-500438,21,tier_1_megacity,tiered_basket_subsidy,upsell_grid_modal,35.13,25.0,3.34
ORD-500439,20,tier_3_small,tiered_basket_subsidy,one_click_express,23.16,26.0,3.66
ORD-500440,12,tier_3_small,fixed_low_fee,one_click_express,32.61,33.0,1.91
ORD-500441,22,tier_1_megacity,dynamic_surge_multiplier,one_click_express,36.28,32.0,1.38
ORD-500442,18,tier_1_megacity,tiered_basket_subsidy,gamified_loyalty_bar,73.61,41.0,9.76
ORD-500443,20,tier_1_megacity,fixed_low_fee,upsell_grid_modal,60.87,31.0,3.73
ORD-500444,23,tier_1_megacity,dynamic_surge_multiplier,one_click_express,55.94,20.0,4.84
ORD-500445,19,tier_2_regional,fixed_low_fee,gamified_loyalty_bar,22.5,42.0,6.98
ORD-500446,21,tier_2_regional,fixed_low_fee,gamified_loyalty_bar,29.32,18.0,4.21
ORD-500447,22,tier_2_regional,tiered_basket_subsidy,gamified_loyalty_bar,40.34,43.0,10.93
ORD-500448,9,tier_1_megacity,fixed_low_fee,upsell_grid_modal,57.24,32.0,4.75
ORD-500449,23,tier_1_megacity,tiered_basket_subsidy,one_click_express,44.48,33.0,5.02
ORD-500450,11,tier_2_regional,dynamic_surge_multiplier,one_click_express,30.83,23.0,10.22
ORD-500451,12,tier_1_megacity,dynamic_surge_multiplier,upsell_grid_modal,36.56,33.0,4.78
ORD-500452,16,tier_1_megacity,tiered_basket_subsidy,upsell_grid_modal,28.5,31.0,6.73
ORD-500453,8,tier_3_small,fixed_low_fee,one_click_express,13.3,28.0,5.55
ORD-500454,21,tier_2_regional,fixed_low_fee,one_click_express,26.48,21.0,7.88
ORD-500455,16,tier_2_regional,fixed_low_fee,upsell_grid_modal,28.7,27.0,7.39
ORD-500456,23,tier_1_megacity,tiered_basket_subsidy,one_click_express,58.55,16.0,3.58
ORD-500457,22,tier_1_megacity,tiered_basket_subsidy,one_click_express,49.56,34.0,5.19
ORD-500458,20,tier_1_megacity,tiered_basket_subsidy,gamified_loyalty_bar,66.98,13.0,9.1
ORD-500459,11,tier_3_small,tiered_basket_subsidy,one_click_express,26.26,21.0,0.17
ORD-500460,8,tier_2_regional,tiered_basket_subsidy,upsell_grid_modal,16.12,10.0,7.22
ORD-500461,21,tier_1_megacity,fixed_low_fee,gamified_loyalty_bar,53.42,33.0,8.18
ORD-500462,9,tier_1_megacity,dynamic_surge_multiplier,upsell_grid_modal,41.18,25.0,-4.49
ORD-500463,23,tier_1_megacity,dynamic_surge_multiplier,upsell_grid_modal,34.49,26.0,3.97
ORD-500464,9,tier_1_megacity,dynamic_surge_multiplier,upsell_grid_modal,33.75,29.0,-1.91
ORD-500465,12,tier_3_small,dynamic_surge_multiplier,one_click_express,21.09,34.0,11.18
ORD-500466,15,tier_1_megacity,fixed_low_fee,upsell_grid_modal,39.9,19.0,5.03
ORD-500467,8,tier_1_megacity,tiered_basket_subsidy,upsell_grid_modal,33.11,21.0,3.73
ORD-500468,18,tier_2_regional,dynamic_surge_multiplier,one_click_express,38.42,23.0,7.75
ORD-500469,9,tier_1_megacity,dynamic_surge_multiplier,gamified_loyalty_bar,37.92,47.0,11.16
ORD-500470,16,tier_2_regional,tiered_basket_subsidy,one_click_express,23.7,46.0,3.33
ORD-500471,17,tier_3_small,fixed_low_fee,one_click_express,32.15,38.0,6.17
ORD-500472,9,tier_3_small,fixed_low_fee,one_click_express,17.42,39.0,4.8
ORD-500473,8,tier_3_small,tiered_basket_subsidy,upsell_grid_modal,21.35,33.0,4.23
ORD-500474,16,tier_2_regional,dynamic_surge_multiplier,upsell_grid_modal,29.23,31.0,-2.89
ORD-500475,21,tier_2_regional,dynamic_surge_multiplier,upsell_grid_modal,14.93,49.0,1.17
ORD-500476,19,tier_1_megacity,fixed_low_fee,one_click_express,32.21,21.0,2.62
ORD-500477,9,tier_1_megacity,dynamic_surge_multiplier,gamified_loyalty_bar,33.14,38.0,1.37
ORD-500478,16,tier_1_megacity,fixed_low_fee,upsell_grid_modal,48.86,34.0,4.33
ORD-500479,16,tier_1_megacity,dynamic_surge_multiplier,upsell_grid_modal,44.06,37.0,-3.04
ORD-500480,19,tier_2_regional,fixed_low_fee,one_click_express,36.1,43.0,3.1
ORD-500481,19,tier_3_small,fixed_low_fee,gamified_loyalty_bar,31.77,51.0,2.27
ORD-500482,21,tier_1_megacity,dynamic_surge_multiplier,upsell_grid_modal,32.8,28.0,0.02
ORD-500483,16,tier_1_megacity,tiered_basket_subsidy,gamified_loyalty_bar,72.03,24.0,11.87
ORD-500484,23,tier_2_regional,tiered_basket_subsidy,upsell_grid_modal,26.78,41.0,6.13
ORD-500485,13,tier_3_small,tiered_basket_subsidy,one_click_express,17.12,41.0,5.3
ORD-500486,15,tier_2_regional,fixed_low_fee,gamified_loyalty_bar,23.51,17.0,5.5
ORD-500487,15,tier_2_regional,dynamic_surge_multiplier,one_click_express,15.86,26.0,8.04
ORD-500488,16,tier_3_small,fixed_low_fee,gamified_loyalty_bar,21.54,38.0,3.42
ORD-500489,19,tier_1_megacity,fixed_low_fee,upsell_grid_modal,40.58,35.0,5.03
ORD-500490,10,tier_2_regional,tiered_basket_subsidy,gamified_loyalty_bar,53.72,44.0,9.76
ORD-500491,21,tier_1_megacity,fixed_low_fee,one_click_express,34.65,41.0,0.41
ORD-500492,11,tier_1_megacity,fixed_low_fee,upsell_grid_modal,50.12,36.0,6.33
ORD-500493,21,tier_2_regional,dynamic_surge_multiplier,upsell_grid_modal,21.93,29.0,5.64
ORD-500494,19,tier_3_small,tiered_basket_subsidy,one_click_express,22.95,48.0,7.1
ORD-500495,14,tier_1_megacity,fixed_low_fee,upsell_grid_modal,49.44,28.0,4.81
ORD-500496,23,tier_1_megacity,tiered_basket_subsidy,upsell_grid_modal,17.75,37.0,3.64
ORD-500497,15,tier_1_megacity,fixed_low_fee,gamified_loyalty_bar,46.16,22.0,5.17
ORD-500498,23,tier_3_small,dynamic_surge_multiplier,upsell_grid_modal,13.66,29.0,2.51
ORD-500499,12,tier_3_small,fixed_low_fee,one_click_express,24.65,44.0,3.81
ORD-500500,11,tier_2_regional,dynamic_surge_multiplier,one_click_express,21.34,29.0,16.8
ORD-500501,9,tier_1_megacity,fixed_low_fee,gamified_loyalty_bar,24.43,29.0,6.71
ORD-500502,23,tier_1_megacity,dynamic_surge_multiplier,one_click_express,49.52,36.0,16.28
ORD-500503,19,tier_1_megacity,tiered_basket_subsidy,gamified_loyalty_bar,67.98,54.0,8.6
ORD-500504,10,tier_1_megacity,tiered_basket_subsidy,gamified_loyalty_bar,57.82,47.0,8.54
ORD-500505,23,tier_2_regional,dynamic_surge_multiplier,gamified_loyalty_bar,24.92,38.0,1.71
ORD-500506,14,tier_2_regional,fixed_low_fee,gamified_loyalty_bar,38.32,25.0,7.38
ORD-500507,16,tier_1_megacity,dynamic_surge_multiplier,one_click_express,40.07,19.0,2.86
ORD-500508,17,tier_2_regional,fixed_low_fee,one_click_express,26.55,23.0,4.57
ORD-500509,9,tier_2_regional,tiered_basket_subsidy,one_click_express,25.31,21.0,3.8
ORD-500510,12,tier_2_regional,tiered_basket_subsidy,gamified_loyalty_bar,42.56,22.0,7.97
ORD-500511,18,tier_1_megacity,dynamic_surge_multiplier,one_click_express,43.28,14.0,9.19
ORD-500512,11,tier_1_megacity,dynamic_surge_multiplier,upsell_grid_modal,34.41,-99.0,1.64
ORD-500513,18,tier_2_regional,fixed_low_fee,upsell_grid_modal,35.06,28.0,8.93
ORD-500514,14,tier_2_regional,fixed_low_fee,gamified_loyalty_bar,29.03,48.0,3.42
ORD-500515,18,tier_1_megacity,dynamic_surge_multiplier,one_click_express,42.18,46.0,6.37
ORD-500516,13,tier_2_regional,dynamic_surge_multiplier,gamified_loyalty_bar,33.09,23.0,6.26
ORD-500517,8,tier_2_regional,fixed_low_fee,gamified_loyalty_bar,31.04,42.0,3.74
ORD-500518,11,tier_2_regional,dynamic_surge_multiplier,one_click_express,34.98,21.0,12.11
ORD-500519,12,tier_2_regional,fixed_low_fee,upsell_grid_modal,33.0,38.0,5.8
ORD-500520,15,tier_2_regional,dynamic_surge_multiplier,one_click_express,27.76,41.0,10.1
ORD-500521,21,tier_1_megacity,dynamic_surge_multiplier,gamified_loyalty_bar,38.99,30.0,9.63
ORD-500522,12,tier_1_megacity,dynamic_surge_multiplier,one_click_express,38.7,55.0,3.78
ORD-500523,20,tier_2_regional,dynamic_surge_multiplier,one_click_express,27.09,23.0,11.45
ORD-500524,13,tier_1_megacity,dynamic_surge_multiplier,one_click_express,38.99,56.0,6.67
ORD-500525,9,tier_1_megacity,tiered_basket_subsidy,upsell_grid_modal,37.63,50.0,4.75
ORD-500526,13,tier_1_megacity,fixed_low_fee,upsell_grid_modal,38.32,43.0,6.96
ORD-500527,11,tier_3_small,fixed_low_fee,gamified_loyalty_bar,32.15,34.0,5.27
ORD-500528,14,tier_3_small,fixed_low_fee,upsell_grid_modal,34.96,36.0,4.33
ORD-500529,19,tier_1_megacity,dynamic_surge_multiplier,one_click_express,44.17,28.0,1.5
ORD-500530,9,tier_2_regional,tiered_basket_subsidy,upsell_grid_modal,26.95,49.0,5.34
ORD-500531,23,tier_3_small,fixed_low_fee,upsell_grid_modal,28.29,21.0,8.91
ORD-500532,16,tier_2_regional,tiered_basket_subsidy,gamified_loyalty_bar,43.25,26.0,12.68
ORD-500533,22,tier_1_megacity,fixed_low_fee,upsell_grid_modal,40.09,33.0,5.64
ORD-500534,22,tier_2_regional,dynamic_surge_multiplier,one_click_express,25.07,29.0,9.51
ORD-500535,11,tier_2_regional,dynamic_surge_multiplier,one_click_express,32.31,24.0,7.39
ORD-500536,12,tier_2_regional,fixed_low_fee,one_click_express,29.09,25.0,4.59
ORD-500537,10,tier_1_megacity,fixed_low_fee,one_click_express,40.2,31.0,4.61
ORD-500538,15,tier_1_megacity,dynamic_surge_multiplier,one_click_express,43.33,37.0,2.77
ORD-500539,19,tier_2_regional,tiered_basket_subsidy,gamified_loyalty_bar,35.73,32.0,6.42
ORD-500540,9,tier_3_small,fixed_low_fee,gamified_loyalty_bar,12.65,25.0,5.55
ORD-500541,18,tier_1_megacity,fixed_low_fee,one_click_express,58.67,34.0,4.8
ORD-500542,22,tier_1_megacity,fixed_low_fee,upsell_grid_modal,53.09,45.0,6.37
ORD-500543,15,tier_2_regional,fixed_low_fee,gamified_loyalty_bar,22.34,33.0,3.9
ORD-500544,14,tier_2_regional,fixed_low_fee,one_click_express,24.7,34.0,5.67
ORD-500545,21,tier_2_regional,fixed_low_fee,upsell_grid_modal,39.45,42.0,5.26
ORD-500546,8,tier_1_megacity,tiered_basket_subsidy,upsell_grid_modal,45.42,41.0,3.95
ORD-500547,11,tier_1_megacity,fixed_low_fee,upsell_grid_modal,35.78,28.0,3.66
ORD-500548,13,tier_2_regional,dynamic_surge_multiplier,one_click_express,39.6,35.0,7.33
ORD-500549,14,tier_2_regional,dynamic_surge_multiplier,gamified_loyalty_bar,28.46,17.0,8.91
ORD-500550,19,tier_1_megacity,fixed_low_fee,one_click_express,39.95,38.0,3.94
ORD-500551,19,tier_1_megacity,fixed_low_fee,one_click_express,35.17,34.0,8.31
ORD-500552,19,tier_3_small,dynamic_surge_multiplier,upsell_grid_modal,23.46,51.0,8.86
ORD-500553,17,tier_3_small,fixed_low_fee,upsell_grid_modal,43.16,21.0,6.74
ORD-500554,17,tier_1_megacity,fixed_low_fee,one_click_express,27.56,41.0,6.58
ORD-500555,14,tier_1_megacity,tiered_basket_subsidy,gamified_loyalty_bar,54.3,29.0,8.52
ORD-500556,10,tier_2_regional,fixed_low_fee,gamified_loyalty_bar,34.22,30.0,7.62
ORD-500557,21,tier_1_megacity,fixed_low_fee,gamified_loyalty_bar,41.92,34.0,6.51
ORD-500558,9,tier_1_megacity,fixed_low_fee,upsell_grid_modal,59.37,34.0,7.29
ORD-500559,13,tier_1_megacity,tiered_basket_subsidy,upsell_grid_modal,24.55,22.0,4.52
ORD-500560,18,tier_2_regional,tiered_basket_subsidy,one_click_express,25.65,20.0,2.41
ORD-500561,19,tier_1_megacity,tiered_basket_subsidy,upsell_grid_modal,36.77,41.0,3.0
ORD-500562,17,tier_2_regional,fixed_low_fee,gamified_loyalty_bar,33.56,33.0,3.09
ORD-500563,8,tier_3_small,dynamic_surge_multiplier,one_click_express,23.24,29.0,11.63
ORD-500564,10,tier_1_megacity,dynamic_surge_multiplier,upsell_grid_modal,34.07,34.0,5.68
ORD-500565,19,tier_3_small,tiered_basket_subsidy,gamified_loyalty_bar,46.32,13.0,9.44
ORD-500566,10,tier_1_megacity,tiered_basket_subsidy,one_click_express,46.27,47.0,4.4
ORD-500567,12,tier_3_small,dynamic_surge_multiplier,upsell_grid_modal,18.18,40.0,12.91
ORD-500568,11,tier_1_megacity,dynamic_surge_multiplier,upsell_grid_modal,36.09,36.0,4.78
ORD-500569,20,tier_1_megacity,fixed_low_fee,upsell_grid_modal,42.02,31.0,5.87
ORD-500570,14,tier_2_regional,dynamic_surge_multiplier,one_click_express,43.7,45.0,7.52
ORD-500571,11,tier_1_megacity,dynamic_surge_multiplier,one_click_express,40.87,37.0,5.59
ORD-500572,13,tier_1_megacity,dynamic_surge_multiplier,gamified_loyalty_bar,24.2,25.0,5.74
ORD-500573,18,tier_2_regional,tiered_basket_subsidy,one_click_express,23.66,26.0,9.51
ORD-500574,10,tier_2_regional,dynamic_surge_multiplier,gamified_loyalty_bar,28.06,17.0,3.93
ORD-500575,11,tier_2_regional,tiered_basket_subsidy,one_click_express,367.22,,102.45
ORD-500576,19,tier_2_regional,fixed_low_fee,upsell_grid_modal,33.9,36.0,8.07
ORD-500577,18,tier_1_megacity,tiered_basket_subsidy,upsell_grid_modal,35.05,38.0,6.12
ORD-500578,22,tier_1_megacity,fixed_low_fee,upsell_grid_modal,31.85,37.0,4.94
ORD-500579,19,tier_1_megacity,tiered_basket_subsidy,upsell_grid_modal,50.57,21.0,3.05
ORD-500580,23,tier_2_regional,fixed_low_fee,gamified_loyalty_bar,23.85,27.0,5.0
ORD-500581,22,tier_1_megacity,tiered_basket_subsidy,upsell_grid_modal,44.1,12.0,5.83
ORD-500582,15,tier_3_small,fixed_low_fee,gamified_loyalty_bar,26.27,45.0,2.76
ORD-500583,8,tier_2_regional,fixed_low_fee,one_click_express,24.98,-99.0,3.42
ORD-500584,18,tier_1_megacity,fixed_low_fee,one_click_express,35.86,26.0,4.05
ORD-500585,12,tier_1_megacity,fixed_low_fee,gamified_loyalty_bar,36.98,35.0,6.99
ORD-500586,20,tier_1_megacity,fixed_low_fee,upsell_grid_modal,50.88,33.0,2.43
ORD-500587,18,tier_1_megacity,fixed_low_fee,one_click_express,24.38,33.0,3.98
ORD-500588,14,tier_2_regional,dynamic_surge_multiplier,upsell_grid_modal,29.27,36.0,6.52
ORD-500589,22,tier_3_small,fixed_low_fee,upsell_grid_modal,29.6,43.0,5.87
ORD-500590,21,tier_1_megacity,tiered_basket_subsidy,gamified_loyalty_bar,53.44,31.0,6.94
ORD-500591,22,tier_2_regional,tiered_basket_subsidy,upsell_grid_modal,29.6,34.0,5.9
ORD-500592,21,tier_1_megacity,tiered_basket_subsidy,one_click_express,31.76,42.0,4.8
ORD-500593,23,tier_2_regional,dynamic_surge_multiplier,gamified_loyalty_bar,40.98,26.0,2.24
ORD-500594,8,tier_1_megacity,tiered_basket_subsidy,upsell_grid_modal,31.71,32.0,2.88
ORD-500595,12,tier_2_regional,fixed_low_fee,gamified_loyalty_bar,22.56,43.0,1.62
ORD-500596,14,tier_1_megacity,fixed_low_fee,gamified_loyalty_bar,29.43,52.0,7.84
ORD-500597,13,tier_2_regional,fixed_low_fee,gamified_loyalty_bar,58.07,47.0,5.31
ORD-500598,21,tier_2_regional,tiered_basket_subsidy,upsell_grid_modal,29.13,30.0,6.83
ORD-500599,16,tier_3_small,fixed_low_fee,upsell_grid_modal,19.62,31.0,5.8
ORD-500600,21,tier_2_regional,dynamic_surge_multiplier,gamified_loyalty_bar,40.27,17.0,4.84
ORD-500601,16,tier_2_regional,dynamic_surge_multiplier,gamified_loyalty_bar,27.22,27.0,-2.29
ORD-500602,20,tier_1_megacity,dynamic_surge_multiplier,one_click_express,47.57,28.0,11.81
ORD-500603,9,tier_1_megacity,tiered_basket_subsidy,one_click_express,37.05,24.0,4.2
ORD-500604,8,tier_3_small,dynamic_surge_multiplier,gamified_loyalty_bar,16.06,53.0,1.56
ORD-500605,14,tier_2_regional,dynamic_surge_multiplier,gamified_loyalty_bar,25.81,37.0,-1.13
ORD-500606,9,tier_1_megacity,tiered_basket_subsidy,one_click_express,45.9,31.0,5.44
ORD-500607,10,tier_3_small,tiered_basket_subsidy,one_click_express,14.49,38.0,6.36
ORD-500608,22,tier_1_megacity,fixed_low_fee,gamified_loyalty_bar,46.36,31.0,6.88
ORD-500609,8,tier_1_megacity,fixed_low_fee,gamified_loyalty_bar,44.08,21.0,6.17
ORD-500610,16,tier_1_megacity,tiered_basket_subsidy,gamified_loyalty_bar,62.05,37.0,8.76
ORD-500611,20,tier_3_small,dynamic_surge_multiplier,one_click_express,26.52,11.0,2.63
ORD-500612,22,tier_3_small,tiered_basket_subsidy,one_click_express,29.33,39.0,4.56
ORD-500613,10,tier_1_megacity,tiered_basket_subsidy,upsell_grid_modal,49.27,38.0,3.52
ORD-500614,9,tier_1_megacity,dynamic_surge_multiplier,gamified_loyalty_bar,33.05,39.0,7.01
ORD-500615,16,tier_1_megacity,dynamic_surge_multiplier,one_click_express,40.81,39.0,10.98
ORD-500616,10,tier_1_megacity,dynamic_surge_multiplier,gamified_loyalty_bar,39.47,15.0,10.4
ORD-500617,23,tier_2_regional,dynamic_surge_multiplier,gamified_loyalty_bar,32.23,25.0,3.47
ORD-500618,14,tier_3_small,dynamic_surge_multiplier,upsell_grid_modal,15.36,31.0,5.91
ORD-500619,9,tier_3_small,fixed_low_fee,one_click_express,25.43,35.0,3.9
ORD-500620,21,tier_3_small,tiered_basket_subsidy,gamified_loyalty_bar,46.72,32.0,9.86
ORD-500621,20,tier_1_megacity,fixed_low_fee,one_click_express,14.24,41.0,3.94
ORD-500622,13,tier_1_megacity,fixed_low_fee,one_click_express,23.37,52.0,4.68
ORD-500623,9,tier_1_megacity,dynamic_surge_multiplier,one_click_express,54.56,28.0,9.16
ORD-500624,11,tier_2_regional,tiered_basket_subsidy,upsell_grid_modal,36.43,22.0,1.14
ORD-500625,19,tier_2_regional,tiered_basket_subsidy,gamified_loyalty_bar,36.61,42.0,10.38
ORD-500626,15,tier_1_megacity,dynamic_surge_multiplier,gamified_loyalty_bar,41.16,50.0,5.93
ORD-500627,19,tier_1_megacity,tiered_basket_subsidy,gamified_loyalty_bar,54.67,30.0,9.19
ORD-500628,11,tier_3_small,tiered_basket_subsidy,gamified_loyalty_bar,42.87,38.0,10.3
ORD-500629,13,tier_1_megacity,fixed_low_fee,upsell_grid_modal,45.86,26.0,3.93
ORD-500630,10,tier_2_regional,tiered_basket_subsidy,one_click_express,29.26,40.0,5.96
ORD-500631,15,tier_1_megacity,fixed_low_fee,one_click_express,54.49,35.0,3.54
ORD-500632,20,tier_2_regional,dynamic_surge_multiplier,gamified_loyalty_bar,40.14,40.0,5.62
ORD-500633,13,tier_3_small,tiered_basket_subsidy,upsell_grid_modal,32.35,27.0,5.22
ORD-500634,13,tier_3_small,dynamic_surge_multiplier,one_click_express,25.17,23.0,13.14
ORD-500635,20,tier_1_megacity,tiered_basket_subsidy,upsell_grid_modal,44.25,54.0,1.43
ORD-500636,22,tier_1_megacity,fixed_low_fee,upsell_grid_modal,49.6,28.0,2.6
ORD-500637,19,tier_1_megacity,dynamic_surge_multiplier,one_click_express,50.92,25.0,0.25
ORD-500638,9,tier_1_megacity,dynamic_surge_multiplier,gamified_loyalty_bar,39.12,,2.89
ORD-500639,11,tier_2_regional,fixed_low_fee,upsell_grid_modal,35.65,50.0,5.95
ORD-500640,9,tier_1_megacity,dynamic_surge_multiplier,upsell_grid_modal,28.0,14.0,4.35
ORD-500641,11,tier_2_regional,tiered_basket_subsidy,gamified_loyalty_bar,48.06,11.0,12.43
ORD-500642,8,tier_3_small,tiered_basket_subsidy,one_click_express,17.06,41.0,6.92
ORD-500643,9,tier_1_megacity,dynamic_surge_multiplier,one_click_express,40.68,27.0,8.1
ORD-500644,10,tier_1_megacity,dynamic_surge_multiplier,gamified_loyalty_bar,31.66,22.0,4.66
ORD-500645,15,tier_1_megacity,dynamic_surge_multiplier,one_click_express,56.81,45.0,2.86
ORD-500646,23,tier_2_regional,dynamic_surge_multiplier,one_click_express,18.57,10.0,10.56
ORD-500647,23,tier_1_megacity,dynamic_surge_multiplier,one_click_express,43.58,39.0,7.23
ORD-500648,12,tier_1_megacity,tiered_basket_subsidy,upsell_grid_modal,41.48,34.0,4.05
ORD-500649,12,tier_3_small,tiered_basket_subsidy,one_click_express,23.6,25.0,3.95
ORD-500650,8,tier_2_regional,fixed_low_fee,one_click_express,23.54,28.0,2.87
ORD-500651,18,tier_2_regional,dynamic_surge_multiplier,upsell_grid_modal,20.74,18.0,-0.51
ORD-500652,20,tier_1_megacity,dynamic_surge_multiplier,gamified_loyalty_bar,28.5,32.0,7.95
ORD-500653,21,tier_2_regional,dynamic_surge_multiplier,one_click_express,23.8,10.0,5.08
ORD-500654,18,tier_2_regional,dynamic_surge_multiplier,one_click_express,18.94,14.0,8.95
ORD-500655,18,tier_1_megacity,tiered_basket_subsidy,gamified_loyalty_bar,39.09,29.0,12.93
ORD-500656,19,tier_2_regional,tiered_basket_subsidy,one_click_express,21.08,39.0,5.03
ORD-500657,23,tier_3_small,dynamic_surge_multiplier,gamified_loyalty_bar,18.61,36.0,10.12
ORD-500658,20,tier_2_regional,fixed_low_fee,one_click_express,31.48,43.0,2.17
ORD-500659,20,tier_1_megacity,dynamic_surge_multiplier,gamified_loyalty_bar,41.22,25.0,10.81
ORD-500660,16,tier_1_megacity,dynamic_surge_multiplier,one_click_express,37.18,26.0,6.93
ORD-500661,9,tier_1_megacity,dynamic_surge_multiplier,gamified_loyalty_bar,22.16,35.0,9.94
ORD-500662,11,tier_1_megacity,tiered_basket_subsidy,gamified_loyalty_bar,48.68,37.0,9.21
ORD-500663,22,tier_1_megacity,tiered_basket_subsidy,upsell_grid_modal,49.64,27.0,5.29
ORD-500664,20,tier_1_megacity,tiered_basket_subsidy,upsell_grid_modal,23.48,34.0,7.42
ORD-500665,13,tier_1_megacity,dynamic_surge_multiplier,upsell_grid_modal,53.16,18.0,2.81
ORD-500666,17,tier_2_regional,dynamic_surge_multiplier,upsell_grid_modal,18.39,34.0,-3.74
ORD-500667,14,tier_1_megacity,tiered_basket_subsidy,upsell_grid_modal,36.69,31.0,5.43
ORD-500668,12,tier_1_megacity,dynamic_surge_multiplier,gamified_loyalty_bar,52.48,23.0,2.47
ORD-500669,9,tier_2_regional,fixed_low_fee,one_click_express,23.0,24.0,2.65
ORD-500670,18,tier_1_megacity,fixed_low_fee,one_click_express,38.86,28.0,0.76
ORD-500671,9,tier_2_regional,tiered_basket_subsidy,gamified_loyalty_bar,48.72,41.0,12.45
ORD-500672,23,tier_3_small,tiered_basket_subsidy,one_click_express,17.61,24.0,2.36
ORD-500673,19,tier_1_megacity,fixed_low_fee,one_click_express,49.29,35.0,5.25
ORD-500674,20,tier_1_megacity,dynamic_surge_multiplier,gamified_loyalty_bar,40.73,37.0,18.59
ORD-500675,15,tier_2_regional,tiered_basket_subsidy,upsell_grid_modal,20.19,45.0,4.86
ORD-500676,22,tier_2_regional,dynamic_surge_multiplier,one_click_express,21.95,26.0,8.55
ORD-500677,22,tier_2_regional,dynamic_surge_multiplier,upsell_grid_modal,14.99,40.0,2.15
ORD-500678,21,tier_1_megacity,dynamic_surge_multiplier,gamified_loyalty_bar,34.52,18.0,2.76
ORD-500679,15,tier_3_small,dynamic_surge_multiplier,upsell_grid_modal,18.84,52.0,1.07
ORD-500680,9,tier_1_megacity,fixed_low_fee,gamified_loyalty_bar,44.78,29.0,3.66
ORD-500681,19,tier_1_megacity,dynamic_surge_multiplier,one_click_express,43.22,19.0,6.43
ORD-500682,14,tier_1_megacity,dynamic_surge_multiplier,upsell_grid_modal,42.88,21.0,-0.1
ORD-500683,13,tier_2_regional,tiered_basket_subsidy,upsell_grid_modal,23.3,37.0,5.49
ORD-500684,15,tier_2_regional,dynamic_surge_multiplier,gamified_loyalty_bar,24.44,12.0,1.52
ORD-500685,20,tier_1_megacity,fixed_low_fee,one_click_express,43.51,30.0,2.17
ORD-500686,19,tier_1_megacity,fixed_low_fee,gamified_loyalty_bar,26.21,10.0,4.74
ORD-500687,16,tier_1_megacity,tiered_basket_subsidy,upsell_grid_modal,42.1,25.0,4.4
ORD-500688,14,tier_2_regional,dynamic_surge_multiplier,upsell_grid_modal,26.44,32.0,6.53
ORD-500689,12,tier_1_megacity,dynamic_surge_multiplier,one_click_express,39.77,30.0,11.35
ORD-500690,23,tier_3_small,fixed_low_fee,upsell_grid_modal,29.76,38.0,4.77
ORD-500691,23,tier_1_megacity,dynamic_surge_multiplier,upsell_grid_modal,44.46,22.0,1.16
ORD-500692,13,tier_1_megacity,dynamic_surge_multiplier,gamified_loyalty_bar,30.64,23.0,8.01
ORD-500693,22,tier_3_small,dynamic_surge_multiplier,upsell_grid_modal,16.81,28.0,-3.82
ORD-500694,12,tier_3_small,fixed_low_fee,upsell_grid_modal,34.37,35.0,6.83
ORD-500695,20,tier_1_megacity,fixed_low_fee,upsell_grid_modal,43.07,17.0,7.75
ORD-500696,21,tier_3_small,fixed_low_fee,one_click_express,14.5,25.0,1.88
ORD-500697,8,tier_1_megacity,dynamic_surge_multiplier,gamified_loyalty_bar,42.66,41.0,7.87
ORD-500698,17,tier_3_small,dynamic_surge_multiplier,one_click_express,25.93,22.0,5.03
ORD-500699,8,,dynamic_surge_multiplier,upsell_grid_modal,28.06,31.0,5.53
ORD-500700,23,tier_2_regional,tiered_basket_subsidy,one_click_express,32.17,28.0,4.09
ORD-500701,14,tier_1_megacity,tiered_basket_subsidy,gamified_loyalty_bar,52.73,26.0,7.51
ORD-500702,14,tier_1_megacity,tiered_basket_subsidy,upsell_grid_modal,36.85,28.0,3.03
ORD-500703,12,tier_1_megacity,dynamic_surge_multiplier,upsell_grid_modal,41.14,25.0,-4.59
ORD-500704,18,tier_1_megacity,fixed_low_fee,upsell_grid_modal,48.42,31.0,6.31
ORD-500705,15,tier_3_small,dynamic_surge_multiplier,gamified_loyalty_bar,26.06,22.0,6.01
ORD-500706,15,tier_3_small,dynamic_surge_multiplier,gamified_loyalty_bar,17.63,37.0,0.73
ORD-500707,10,tier_1_megacity,fixed_low_fee,upsell_grid_modal,42.94,28.0,3.97
ORD-500708,22,tier_1_megacity,dynamic_surge_multiplier,upsell_grid_modal,35.84,20.0,2.56
ORD-500709,23,tier_1_megacity,fixed_low_fee,upsell_grid_modal,40.17,34.0,5.5
ORD-500710,16,tier_2_regional,fixed_low_fee,upsell_grid_modal,32.23,46.0,4.81
ORD-500711,9,,fixed_low_fee,upsell_grid_modal,23.83,36.0,1.16
ORD-500712,13,tier_2_regional,fixed_low_fee,gamified_loyalty_bar,35.05,42.0,4.54
ORD-500713,16,tier_1_megacity,fixed_low_fee,upsell_grid_modal,43.31,24.0,6.43
ORD-500714,13,tier_1_megacity,fixed_low_fee,upsell_grid_modal,26.27,34.0,4.36
ORD-500715,8,tier_1_megacity,dynamic_surge_multiplier,gamified_loyalty_bar,39.09,17.0,9.49
ORD-500716,8,tier_1_megacity,fixed_low_fee,gamified_loyalty_bar,23.91,29.0,4.51
ORD-500717,19,tier_2_regional,dynamic_surge_multiplier,gamified_loyalty_bar,28.59,,5.23
ORD-500718,13,tier_1_megacity,fixed_low_fee,upsell_grid_modal,32.07,21.0,5.19
ORD-500719,13,tier_2_regional,fixed_low_fee,gamified_loyalty_bar,31.09,38.0,5.65
ORD-500720,9,tier_1_megacity,tiered_basket_subsidy,upsell_grid_modal,28.33,28.0,8.76
ORD-500721,10,tier_1_megacity,dynamic_surge_multiplier,gamified_loyalty_bar,38.08,26.0,7.82
ORD-500722,13,tier_2_regional,dynamic_surge_multiplier,one_click_express,19.62,29.0,12.02
ORD-500723,11,tier_1_megacity,dynamic_surge_multiplier,one_click_express,29.27,40.0,9.7
ORD-500724,9,tier_2_regional,dynamic_surge_multiplier,one_click_express,32.51,47.0,-3.54
ORD-500725,8,tier_1_megacity,tiered_basket_subsidy,one_click_express,43.12,52.0,1.31
ORD-500726,18,tier_2_regional,tiered_basket_subsidy,upsell_grid_modal,33.7,-99.0,5.93
ORD-500727,11,tier_1_megacity,fixed_low_fee,upsell_grid_modal,43.52,29.0,7.27
ORD-500728,23,tier_2_regional,tiered_basket_subsidy,gamified_loyalty_bar,58.87,12.0,9.35
ORD-500729,12,tier_1_megacity,dynamic_surge_multiplier,gamified_loyalty_bar,37.09,24.0,5.03
ORD-500730,17,tier_1_megacity,dynamic_surge_multiplier,upsell_grid_modal,34.92,21.0,4.01
ORD-500731,12,tier_1_megacity,tiered_basket_subsidy,one_click_express,37.62,41.0,4.14
ORD-500732,21,tier_1_megacity,dynamic_surge_multiplier,one_click_express,36.99,36.0,7.5
ORD-500733,15,tier_3_small,tiered_basket_subsidy,gamified_loyalty_bar,33.1,35.0,6.24
ORD-500734,12,tier_2_regional,fixed_low_fee,upsell_grid_modal,47.44,14.0,6.94
ORD-500735,15,tier_1_megacity,fixed_low_fee,one_click_express,39.61,20.0,7.73
ORD-500736,14,tier_2_regional,dynamic_surge_multiplier,gamified_loyalty_bar,40.37,44.0,2.53
ORD-500737,12,tier_1_megacity,fixed_low_fee,gamified_loyalty_bar,21.46,54.0,7.39
ORD-500738,19,tier_1_megacity,dynamic_surge_multiplier,gamified_loyalty_bar,46.4,44.0,1.73
ORD-500739,10,tier_1_megacity,dynamic_surge_multiplier,upsell_grid_modal,30.59,43.0,7.48
ORD-500740,23,tier_2_regional,dynamic_surge_multiplier,one_click_express,18.04,42.0,6.78
ORD-500741,17,tier_2_regional,dynamic_surge_multiplier,gamified_loyalty_bar,43.48,33.0,0.96
ORD-500742,23,tier_1_megacity,dynamic_surge_multiplier,upsell_grid_modal,26.02,21.0,4.49
ORD-500743,19,tier_2_regional,dynamic_surge_multiplier,one_click_express,42.43,22.0,3.02
ORD-500744,18,tier_1_megacity,dynamic_surge_multiplier,gamified_loyalty_bar,39.87,18.0,4.27
ORD-500745,18,tier_2_regional,dynamic_surge_multiplier,upsell_grid_modal,23.62,34.0,-3.57
ORD-500746,9,tier_1_megacity,fixed_low_fee,upsell_grid_modal,35.22,10.0,7.42
ORD-500747,21,tier_2_regional,tiered_basket_subsidy,upsell_grid_modal,21.59,29.0,4.87
ORD-500748,17,tier_1_megacity,tiered_basket_subsidy,upsell_grid_modal,33.45,33.0,5.87
ORD-500749,17,tier_1_megacity,dynamic_surge_multiplier,one_click_express,48.88,,7.14
ORD-500750,17,tier_1_megacity,dynamic_surge_multiplier,one_click_express,42.53,14.0,6.09
ORD-500751,14,tier_1_megacity,tiered_basket_subsidy,gamified_loyalty_bar,58.48,42.0,12.43
ORD-500752,17,tier_3_small,tiered_basket_subsidy,one_click_express,25.72,32.0,7.05
ORD-500753,13,tier_2_regional,dynamic_surge_multiplier,one_click_express,24.83,45.0,12.76
ORD-500754,13,tier_2_regional,fixed_low_fee,upsell_grid_modal,28.64,18.0,4.95
ORD-500755,19,tier_1_megacity,tiered_basket_subsidy,upsell_grid_modal,22.69,35.0,8.12
ORD-500756,9,tier_2_regional,tiered_basket_subsidy,upsell_grid_modal,35.67,40.0,3.91
ORD-500757,16,tier_3_small,dynamic_surge_multiplier,upsell_grid_modal,8.91,30.0,4.88
ORD-500758,18,tier_1_megacity,fixed_low_fee,gamified_loyalty_bar,30.19,44.0,4.36
ORD-500759,16,tier_2_regional,tiered_basket_subsidy,upsell_grid_modal,17.69,45.0,5.02
ORD-500760,17,tier_1_megacity,fixed_low_fee,gamified_loyalty_bar,31.9,10.0,5.0
ORD-500761,19,tier_3_small,tiered_basket_subsidy,upsell_grid_modal,32.23,25.0,3.82
ORD-500762,11,tier_1_megacity,tiered_basket_subsidy,upsell_grid_modal,31.51,12.0,5.21
ORD-500763,22,tier_1_megacity,fixed_low_fee,gamified_loyalty_bar,44.77,22.0,1.5
ORD-500764,20,tier_2_regional,dynamic_surge_multiplier,one_click_express,38.07,19.0,3.39
ORD-500765,21,tier_3_small,fixed_low_fee,gamified_loyalty_bar,27.99,33.0,6.32
ORD-500766,12,tier_1_megacity,tiered_basket_subsidy,gamified_loyalty_bar,66.85,34.0,8.6
ORD-500767,16,tier_1_megacity,tiered_basket_subsidy,gamified_loyalty_bar,39.28,25.0,6.34
ORD-500768,18,tier_2_regional,dynamic_surge_multiplier,one_click_express,24.28,42.0,5.9
ORD-500769,14,tier_1_megacity,fixed_low_fee,upsell_grid_modal,46.93,36.0,6.33
ORD-500770,10,tier_2_regional,fixed_low_fee,one_click_express,25.05,27.0,4.5
ORD-500771,21,tier_3_small,fixed_low_fee,gamified_loyalty_bar,24.92,35.0,7.06
ORD-500772,10,tier_2_regional,tiered_basket_subsidy,upsell_grid_modal,23.56,25.0,1.31
ORD-500773,13,tier_1_megacity,dynamic_surge_multiplier,one_click_express,31.87,30.0,12.8
ORD-500774,17,tier_2_regional,dynamic_surge_multiplier,gamified_loyalty_bar,25.65,27.0,5.42
ORD-500775,8,tier_3_small,dynamic_surge_multiplier,gamified_loyalty_bar,15.61,24.0,-0.01
ORD-500776,11,tier_1_megacity,fixed_low_fee,upsell_grid_modal,43.63,36.0,8.91
ORD-500777,11,tier_1_megacity,fixed_low_fee,upsell_grid_modal,42.73,29.0,4.97
ORD-500778,17,tier_3_small,dynamic_surge_multiplier,gamified_loyalty_bar,21.02,22.0,5.86
ORD-500779,17,tier_2_regional,tiered_basket_subsidy,upsell_grid_modal,32.16,28.0,7.15
ORD-500780,18,tier_1_megacity,fixed_low_fee,upsell_grid_modal,54.87,44.0,5.71
ORD-500781,16,tier_1_megacity,fixed_low_fee,gamified_loyalty_bar,32.65,41.0,6.55
ORD-500782,22,tier_1_megacity,tiered_basket_subsidy,upsell_grid_modal,45.43,30.0,8.16
ORD-500783,13,tier_1_megacity,dynamic_surge_multiplier,one_click_express,39.94,41.0,2.15
ORD-500784,9,tier_2_regional,dynamic_surge_multiplier,one_click_express,23.45,18.0,11.83
ORD-500785,20,tier_1_megacity,tiered_basket_subsidy,upsell_grid_modal,35.69,25.0,6.13
ORD-500786,15,tier_2_regional,tiered_basket_subsidy,upsell_grid_modal,23.18,22.0,6.72
ORD-500787,15,tier_2_regional,dynamic_surge_multiplier,upsell_grid_modal,40.22,22.0,-0.88
ORD-500788,8,tier_3_small,fixed_low_fee,upsell_grid_modal,17.68,21.0,3.67
ORD-500789,23,tier_1_megacity,dynamic_surge_multiplier,upsell_grid_modal,33.81,26.0,-2.11
ORD-500790,20,tier_1_megacity,dynamic_surge_multiplier,one_click_express,37.34,42.0,16.25
ORD-500791,12,tier_3_small,dynamic_surge_multiplier,one_click_express,26.6,30.0,11.25
ORD-500792,13,tier_1_megacity,fixed_low_fee,gamified_loyalty_bar,44.78,10.0,9.12
ORD-500793,9,tier_1_megacity,fixed_low_fee,one_click_express,44.28,45.0,5.25
ORD-500794,15,tier_1_megacity,tiered_basket_subsidy,upsell_grid_modal,39.35,45.0,5.31
ORD-500795,15,tier_2_regional,tiered_basket_subsidy,one_click_express,28.59,21.0,4.59
ORD-500796,18,tier_3_small,fixed_low_fee,upsell_grid_modal,28.54,35.0,7.01
ORD-500797,9,tier_2_regional,fixed_low_fee,one_click_express,25.33,27.0,6.37
ORD-500798,10,tier_2_regional,fixed_low_fee,gamified_loyalty_bar,21.95,50.0,3.07
ORD-500799,8,tier_3_small,tiered_basket_subsidy,one_click_express,14.86,30.0,2.94
ORD-500800,11,tier_1_megacity,tiered_basket_subsidy,gamified_loyalty_bar,50.84,38.0,11.94
ORD-500801,22,tier_1_megacity,fixed_low_fee,gamified_loyalty_bar,39.22,45.0,3.15
ORD-500802,17,tier_3_small,dynamic_surge_multiplier,gamified_loyalty_bar,21.95,47.0,-2.58
ORD-500803,20,tier_1_megacity,fixed_low_fee,one_click_express,39.93,25.0,4.81
ORD-500804,10,tier_2_regional,fixed_low_fee,gamified_loyalty_bar,33.99,37.0,5.47
ORD-500805,8,tier_1_megacity,tiered_basket_subsidy,one_click_express,32.33,21.0,7.65
ORD-500806,13,tier_1_megacity,fixed_low_fee,gamified_loyalty_bar,63.18,29.0,4.55
ORD-500807,11,tier_1_megacity,fixed_low_fee,gamified_loyalty_bar,46.82,30.0,2.64
ORD-500808,12,tier_1_megacity,dynamic_surge_multiplier,upsell_grid_modal,31.06,37.0,1.07
ORD-500809,21,tier_1_megacity,tiered_basket_subsidy,gamified_loyalty_bar,36.51,42.0,10.07
ORD-500810,20,tier_2_regional,tiered_basket_subsidy,gamified_loyalty_bar,31.42,45.0,10.83
ORD-500811,20,tier_1_megacity,fixed_low_fee,gamified_loyalty_bar,32.82,31.0,2.82
ORD-500812,23,tier_3_small,dynamic_surge_multiplier,upsell_grid_modal,23.74,36.0,1.85
ORD-500813,12,tier_2_regional,dynamic_surge_multiplier,one_click_express,17.05,24.0,10.03
ORD-500814,12,tier_1_megacity,fixed_low_fee,one_click_express,52.03,21.0,4.88
ORD-500815,15,tier_1_megacity,fixed_low_fee,one_click_express,45.84,43.0,5.01
ORD-500816,10,tier_1_megacity,tiered_basket_subsidy,gamified_loyalty_bar,66.4,30.0,11.98
ORD-500817,17,tier_1_megacity,fixed_low_fee,upsell_grid_modal,33.76,36.0,4.49
ORD-500818,9,tier_1_megacity,fixed_low_fee,upsell_grid_modal,38.16,19.0,5.34
ORD-500819,12,tier_2_regional,fixed_low_fee,gamified_loyalty_bar,36.73,36.0,4.35
ORD-500820,15,tier_1_megacity,dynamic_surge_multiplier,upsell_grid_modal,16.62,41.0,1.85
ORD-500821,23,tier_2_regional,dynamic_surge_multiplier,upsell_grid_modal,23.92,43.0,1.92
ORD-500822,15,tier_2_regional,dynamic_surge_multiplier,gamified_loyalty_bar,23.28,33.0,10.48
ORD-500823,10,tier_3_small,fixed_low_fee,upsell_grid_modal,24.93,41.0,4.14
ORD-500824,21,tier_2_regional,tiered_basket_subsidy,gamified_loyalty_bar,46.01,21.0,5.87
ORD-500825,12,tier_1_megacity,fixed_low_fee,one_click_express,52.89,40.0,7.2
ORD-500826,12,tier_1_megacity,tiered_basket_subsidy,gamified_loyalty_bar,58.19,32.0,8.68
ORD-500827,20,tier_2_regional,tiered_basket_subsidy,gamified_loyalty_bar,36.37,35.0,11.34
ORD-500828,21,tier_2_regional,tiered_basket_subsidy,one_click_express,33.61,34.0,6.08
ORD-500829,22,tier_2_regional,dynamic_surge_multiplier,gamified_loyalty_bar,26.66,29.0,4.42
ORD-500830,19,tier_2_regional,fixed_low_fee,gamified_loyalty_bar,28.47,44.0,4.29
ORD-500831,19,tier_2_regional,tiered_basket_subsidy,upsell_grid_modal,20.53,25.0,3.67
ORD-500832,13,tier_2_regional,dynamic_surge_multiplier,gamified_loyalty_bar,32.19,25.0,0.37
ORD-500833,14,tier_1_megacity,fixed_low_fee,upsell_grid_modal,39.55,25.0,6.42
ORD-500834,19,tier_3_small,dynamic_surge_multiplier,gamified_loyalty_bar,19.81,36.0,3.11
ORD-500835,20,tier_3_small,dynamic_surge_multiplier,upsell_grid_modal,16.47,39.0,12.89
ORD-500836,21,tier_1_megacity,dynamic_surge_multiplier,one_click_express,49.62,44.0,9.48
ORD-500837,21,tier_1_megacity,tiered_basket_subsidy,one_click_express,45.97,36.0,7.4
ORD-500838,18,tier_3_small,fixed_low_fee,upsell_grid_modal,26.22,47.0,4.05
ORD-500839,9,tier_1_megacity,fixed_low_fee,one_click_express,38.75,24.0,7.37
ORD-500840,8,tier_1_megacity,tiered_basket_subsidy,gamified_loyalty_bar,40.29,36.0,7.06
ORD-500841,20,tier_1_megacity,fixed_low_fee,one_click_express,40.84,41.0,5.54
ORD-500842,12,tier_3_small,fixed_low_fee,upsell_grid_modal,29.01,54.0,6.51
ORD-500843,19,tier_1_megacity,fixed_low_fee,gamified_loyalty_bar,45.69,14.0,4.7
ORD-500844,20,tier_1_megacity,dynamic_surge_multiplier,gamified_loyalty_bar,40.73,40.0,-4.87
ORD-500845,9,tier_1_megacity,tiered_basket_subsidy,one_click_express,48.39,47.0,1.09
ORD-500846,21,tier_2_regional,tiered_basket_subsidy,one_click_express,21.92,28.0,5.95
ORD-500847,15,tier_1_megacity,fixed_low_fee,one_click_express,37.44,33.0,1.92
ORD-500848,9,tier_1_megacity,tiered_basket_subsidy,upsell_grid_modal,50.32,26.0,6.31
ORD-500849,15,tier_2_regional,dynamic_surge_multiplier,one_click_express,27.2,27.0,13.98
ORD-500850,19,tier_1_megacity,dynamic_surge_multiplier,gamified_loyalty_bar,50.94,17.0,3.28
ORD-500851,9,tier_1_megacity,dynamic_surge_multiplier,upsell_grid_modal,34.44,16.0,5.79
ORD-500852,12,tier_1_megacity,dynamic_surge_multiplier,one_click_express,55.73,40.0,8.7
ORD-500853,15,tier_3_small,tiered_basket_subsidy,gamified_loyalty_bar,44.87,28.0,9.69
ORD-500854,22,tier_1_megacity,tiered_basket_subsidy,upsell_grid_modal,37.29,16.0,2.07
ORD-500855,17,tier_1_megacity,dynamic_surge_multiplier,gamified_loyalty_bar,44.68,34.0,5.64
ORD-500856,23,tier_2_regional,tiered_basket_subsidy,upsell_grid_modal,26.89,43.0,4.35
ORD-500857,17,tier_3_small,dynamic_surge_multiplier,upsell_grid_modal,18.78,28.0,7.77
ORD-500858,11,tier_1_megacity,fixed_low_fee,gamified_loyalty_bar,41.01,21.0,6.09
ORD-500859,15,tier_2_regional,fixed_low_fee,gamified_loyalty_bar,20.21,30.0,6.45
ORD-500860,10,tier_2_regional,dynamic_surge_multiplier,one_click_express,19.67,37.0,7.02
ORD-500861,15,tier_3_small,tiered_basket_subsidy,gamified_loyalty_bar,18.44,24.0,8.42
ORD-500862,23,tier_3_small,fixed_low_fee,upsell_grid_modal,23.69,33.0,2.88
ORD-500863,8,tier_3_small,fixed_low_fee,gamified_loyalty_bar,27.07,43.0,7.5
ORD-500864,16,tier_2_regional,tiered_basket_subsidy,upsell_grid_modal,28.39,30.0,5.69
ORD-500865,17,tier_1_megacity,fixed_low_fee,one_click_express,41.4,18.0,3.39
ORD-500866,14,tier_1_megacity,fixed_low_fee,upsell_grid_modal,45.14,29.0,5.66
ORD-500867,8,tier_2_regional,fixed_low_fee,one_click_express,24.57,28.0,7.05
ORD-500868,20,tier_1_megacity,dynamic_surge_multiplier,upsell_grid_modal,37.62,30.0,8.2
ORD-500869,8,tier_3_small,dynamic_surge_multiplier,gamified_loyalty_bar,21.45,15.0,-2.44
ORD-500870,13,tier_1_megacity,dynamic_surge_multiplier,one_click_express,44.8,38.0,6.9
ORD-500871,16,tier_1_megacity,tiered_basket_subsidy,one_click_express,33.84,28.0,3.12
ORD-500872,13,tier_3_small,fixed_low_fee,upsell_grid_modal,29.02,26.0,5.32
ORD-500873,19,tier_2_regional,fixed_low_fee,gamified_loyalty_bar,24.45,38.0,6.18
ORD-500874,12,tier_2_regional,dynamic_surge_multiplier,gamified_loyalty_bar,17.63,36.0,11.34
ORD-500875,22,tier_1_megacity,dynamic_surge_multiplier,gamified_loyalty_bar,34.26,23.0,5.89
ORD-500876,19,tier_2_regional,fixed_low_fee,one_click_express,20.81,39.0,5.21
ORD-500877,17,tier_3_small,dynamic_surge_multiplier,gamified_loyalty_bar,12.56,33.0,0.57
ORD-500878,17,tier_1_megacity,dynamic_surge_multiplier,one_click_express,49.66,25.0,4.21
ORD-500879,19,tier_1_megacity,tiered_basket_subsidy,upsell_grid_modal,35.0,22.0,4.58
ORD-500880,10,tier_2_regional,tiered_basket_subsidy,gamified_loyalty_bar,41.96,25.0,9.69
ORD-500881,15,tier_1_megacity,tiered_basket_subsidy,one_click_express,26.03,28.0,4.9
ORD-500882,19,tier_1_megacity,fixed_low_fee,gamified_loyalty_bar,40.86,36.0,5.62
ORD-500883,13,tier_1_megacity,fixed_low_fee,upsell_grid_modal,53.62,10.0,5.61
ORD-500884,13,tier_3_small,fixed_low_fee,gamified_loyalty_bar,22.9,31.0,5.55
ORD-500885,20,tier_1_megacity,dynamic_surge_multiplier,one_click_express,39.3,31.0,11.98
ORD-500886,10,tier_1_megacity,fixed_low_fee,upsell_grid_modal,34.44,53.0,3.85
ORD-500887,16,tier_1_megacity,fixed_low_fee,gamified_loyalty_bar,36.89,20.0,3.94
ORD-500888,12,tier_2_regional,tiered_basket_subsidy,gamified_loyalty_bar,51.53,23.0,9.69
ORD-500889,9,tier_1_megacity,fixed_low_fee,gamified_loyalty_bar,38.75,26.0,3.06
ORD-500890,11,tier_1_megacity,dynamic_surge_multiplier,upsell_grid_modal,31.27,30.0,3.15
ORD-500891,21,tier_1_megacity,fixed_low_fee,one_click_express,24.11,32.0,5.02
ORD-500892,17,tier_2_regional,fixed_low_fee,one_click_express,16.06,25.0,4.51
ORD-500893,8,tier_1_megacity,fixed_low_fee,upsell_grid_modal,51.34,42.0,5.24
ORD-500894,12,tier_2_regional,tiered_basket_subsidy,one_click_express,37.61,52.0,4.76
ORD-500895,23,tier_1_megacity,fixed_low_fee,gamified_loyalty_bar,43.81,20.0,6.65
ORD-500896,10,tier_2_regional,dynamic_surge_multiplier,gamified_loyalty_bar,33.19,29.0,7.0
ORD-500897,18,tier_1_megacity,dynamic_surge_multiplier,gamified_loyalty_bar,38.97,27.0,6.57
ORD-500898,17,tier_3_small,fixed_low_fee,one_click_express,23.42,28.0,3.28
ORD-500899,15,tier_1_megacity,dynamic_surge_multiplier,gamified_loyalty_bar,18.68,44.0,0.99
ORD-500900,20,tier_2_regional,fixed_low_fee,upsell_grid_modal,36.82,22.0,8.38
ORD-500901,22,tier_1_megacity,fixed_low_fee,gamified_loyalty_bar,40.23,27.0,4.44
ORD-500902,13,tier_1_megacity,dynamic_surge_multiplier,one_click_express,38.92,18.0,8.42
ORD-500903,17,tier_3_small,dynamic_surge_multiplier,gamified_loyalty_bar,20.54,34.0,3.41
ORD-500904,18,tier_2_regional,fixed_low_fee,gamified_loyalty_bar,33.71,38.0,4.71
ORD-500905,8,tier_1_megacity,fixed_low_fee,upsell_grid_modal,44.29,38.0,4.43
ORD-500906,9,tier_1_megacity,dynamic_surge_multiplier,one_click_express,44.26,23.0,11.93
ORD-500907,15,tier_2_regional,tiered_basket_subsidy,gamified_loyalty_bar,37.09,38.0,6.93
ORD-500908,14,tier_1_megacity,tiered_basket_subsidy,upsell_grid_modal,43.68,24.0,6.61
ORD-500909,22,tier_3_small,dynamic_surge_multiplier,upsell_grid_modal,23.39,32.0,4.89
ORD-500910,19,tier_1_megacity,tiered_basket_subsidy,gamified_loyalty_bar,57.36,23.0,10.51
ORD-500911,8,tier_2_regional,fixed_low_fee,gamified_loyalty_bar,37.99,18.0,4.51
ORD-500912,11,tier_1_megacity,tiered_basket_subsidy,upsell_grid_modal,38.82,19.0,4.14
ORD-500913,13,tier_3_small,dynamic_surge_multiplier,upsell_grid_modal,8.0,15.0,3.29
ORD-500914,21,tier_1_megacity,dynamic_surge_multiplier,upsell_grid_modal,28.46,23.0,-0.88
ORD-500915,15,tier_2_regional,tiered_basket_subsidy,one_click_express,15.64,21.0,3.99
ORD-500916,17,tier_2_regional,dynamic_surge_multiplier,upsell_grid_modal,17.39,36.0,6.65
ORD-500917,14,tier_1_megacity,dynamic_surge_multiplier,gamified_loyalty_bar,45.74,36.0,3.22
ORD-500918,17,tier_1_megacity,fixed_low_fee,gamified_loyalty_bar,29.09,25.0,2.38
ORD-500919,9,tier_1_megacity,dynamic_surge_multiplier,gamified_loyalty_bar,30.64,29.0,7.59
ORD-500920,12,tier_2_regional,fixed_low_fee,gamified_loyalty_bar,40.1,22.0,3.76
ORD-500921,11,tier_1_megacity,tiered_basket_subsidy,upsell_grid_modal,44.2,29.0,4.02
ORD-500922,19,tier_1_megacity,tiered_basket_subsidy,one_click_express,20.7,10.0,4.82
ORD-500923,23,tier_2_regional,fixed_low_fee,one_click_express,32.96,30.0,4.06
ORD-500924,9,tier_2_regional,fixed_low_fee,gamified_loyalty_bar,25.37,34.0,6.39
ORD-500925,16,tier_1_megacity,dynamic_surge_multiplier,gamified_loyalty_bar,54.1,28.0,4.18
ORD-500926,18,tier_2_regional,tiered_basket_subsidy,gamified_loyalty_bar,45.64,24.0,10.11
ORD-500927,10,tier_1_megacity,fixed_low_fee,one_click_express,34.9,40.0,3.25
ORD-500928,20,tier_2_regional,fixed_low_fee,gamified_loyalty_bar,43.8,29.0,4.97
ORD-500929,20,tier_1_megacity,dynamic_surge_multiplier,gamified_loyalty_bar,43.82,33.0,7.32
ORD-500930,18,tier_2_regional,tiered_basket_subsidy,gamified_loyalty_bar,40.61,45.0,7.14
ORD-500931,12,tier_2_regional,tiered_basket_subsidy,gamified_loyalty_bar,36.23,16.0,7.42
ORD-500932,15,tier_1_megacity,dynamic_surge_multiplier,gamified_loyalty_bar,37.71,13.0,4.26
ORD-500933,14,tier_1_megacity,dynamic_surge_multiplier,upsell_grid_modal,36.28,28.0,4.04
ORD-500934,15,tier_2_regional,fixed_low_fee,one_click_express,23.06,27.0,9.29
ORD-500935,10,tier_2_regional,dynamic_surge_multiplier,gamified_loyalty_bar,17.74,45.0,3.46
ORD-500936,15,tier_1_megacity,fixed_low_fee,gamified_loyalty_bar,34.68,43.0,5.64
ORD-500937,11,tier_2_regional,dynamic_surge_multiplier,one_click_express,35.58,16.0,14.79
ORD-500938,21,tier_1_megacity,dynamic_surge_multiplier,upsell_grid_modal,23.58,29.0,6.55
ORD-500939,9,tier_2_regional,fixed_low_fee,gamified_loyalty_bar,39.86,39.0,2.5
ORD-500940,9,tier_1_megacity,dynamic_surge_multiplier,gamified_loyalty_bar,33.26,42.0,10.25
ORD-500941,20,tier_1_megacity,tiered_basket_subsidy,upsell_grid_modal,35.42,43.0,1.85
ORD-500942,20,tier_1_megacity,fixed_low_fee,one_click_express,33.65,15.0,3.11
ORD-500943,14,tier_2_regional,tiered_basket_subsidy,upsell_grid_modal,33.99,13.0,3.63
ORD-500944,9,tier_1_megacity,fixed_low_fee,upsell_grid_modal,52.54,40.0,6.28
ORD-500945,15,tier_3_small,tiered_basket_subsidy,one_click_express,13.92,41.0,5.8
ORD-500946,16,tier_2_regional,dynamic_surge_multiplier,one_click_express,36.07,34.0,3.86
ORD-500947,17,tier_1_megacity,dynamic_surge_multiplier,one_click_express,44.61,35.0,9.07
ORD-500948,19,tier_1_megacity,fixed_low_fee,one_click_express,26.47,28.0,5.41
ORD-500949,16,tier_1_megacity,fixed_low_fee,upsell_grid_modal,39.01,15.0,3.19
ORD-500950,8,tier_1_megacity,dynamic_surge_multiplier,gamified_loyalty_bar,34.86,43.0,2.74
ORD-500951,18,tier_3_small,fixed_low_fee,gamified_loyalty_bar,14.43,42.0,3.99
ORD-500952,14,tier_1_megacity,dynamic_surge_multiplier,gamified_loyalty_bar,50.6,47.0,10.22
ORD-500953,8,tier_2_regional,dynamic_surge_multiplier,one_click_express,33.96,26.0,11.88
ORD-500954,22,tier_3_small,dynamic_surge_multiplier,upsell_grid_modal,24.35,24.0,8.1
ORD-500955,10,tier_2_regional,dynamic_surge_multiplier,gamified_loyalty_bar,41.05,15.0,6.75
ORD-500956,17,tier_1_megacity,fixed_low_fee,gamified_loyalty_bar,42.97,11.0,3.28
ORD-500957,19,tier_1_megacity,tiered_basket_subsidy,one_click_express,41.27,35.0,5.16
ORD-500958,9,tier_1_megacity,fixed_low_fee,one_click_express,51.22,28.0,4.55
ORD-500959,18,tier_1_megacity,dynamic_surge_multiplier,upsell_grid_modal,28.58,45.0,10.79
ORD-500960,19,tier_1_megacity,fixed_low_fee,one_click_express,37.74,25.0,1.88
ORD-500961,9,tier_1_megacity,fixed_low_fee,one_click_express,36.09,39.0,5.78
ORD-500962,9,tier_1_megacity,dynamic_surge_multiplier,one_click_express,61.86,37.0,4.95
ORD-500963,23,tier_1_megacity,dynamic_surge_multiplier,upsell_grid_modal,33.04,12.0,-5.96
ORD-500964,18,tier_1_megacity,dynamic_surge_multiplier,upsell_grid_modal,26.86,36.0,0.56
ORD-500965,19,tier_2_regional,dynamic_surge_multiplier,upsell_grid_modal,17.98,35.0,-4.53
ORD-500966,13,tier_1_megacity,dynamic_surge_multiplier,gamified_loyalty_bar,33.07,21.0,5.96
ORD-500967,13,tier_1_megacity,dynamic_surge_multiplier,upsell_grid_modal,35.21,19.0,2.38
ORD-500968,10,tier_1_megacity,dynamic_surge_multiplier,one_click_express,40.78,37.0,7.03
ORD-500969,8,tier_2_regional,dynamic_surge_multiplier,gamified_loyalty_bar,24.2,28.0,3.66
ORD-500970,15,tier_2_regional,fixed_low_fee,upsell_grid_modal,36.53,34.0,4.85
ORD-500971,18,tier_2_regional,fixed_low_fee,upsell_grid_modal,39.46,26.0,5.04
ORD-500972,13,tier_1_megacity,tiered_basket_subsidy,upsell_grid_modal,36.89,38.0,6.65
ORD-500973,16,tier_2_regional,tiered_basket_subsidy,gamified_loyalty_bar,34.58,38.0,7.15
ORD-500974,16,tier_1_megacity,dynamic_surge_multiplier,gamified_loyalty_bar,28.23,33.0,5.2
ORD-500975,17,tier_1_megacity,dynamic_surge_multiplier,one_click_express,44.76,12.0,7.57
ORD-500976,17,tier_1_megacity,fixed_low_fee,one_click_express,43.22,22.0,1.91
ORD-500977,10,tier_1_megacity,dynamic_surge_multiplier,one_click_express,40.53,51.0,7.75
ORD-500978,15,tier_1_megacity,fixed_low_fee,one_click_express,32.47,41.0,4.46
ORD-500979,18,tier_2_regional,dynamic_surge_multiplier,one_click_express,44.18,33.0,9.97
ORD-500980,18,tier_3_small,tiered_basket_subsidy,one_click_express,23.78,38.0,3.24
ORD-500981,10,tier_1_megacity,fixed_low_fee,one_click_express,38.4,38.0,5.88
ORD-500982,19,tier_1_megacity,tiered_basket_subsidy,one_click_express,37.98,35.0,6.31
ORD-500983,12,tier_1_megacity,dynamic_surge_multiplier,one_click_express,45.92,26.0,6.07
ORD-500984,10,tier_1_megacity,fixed_low_fee,upsell_grid_modal,39.86,43.0,5.29
ORD-500985,14,tier_1_megacity,dynamic_surge_multiplier,gamified_loyalty_bar,36.71,18.0,4.29
ORD-500986,23,tier_1_megacity,fixed_low_fee,upsell_grid_modal,50.31,22.0,6.56
ORD-500987,8,tier_1_megacity,fixed_low_fee,upsell_grid_modal,49.42,16.0,7.8
ORD-500988,11,tier_3_small,tiered_basket_subsidy,one_click_express,28.23,26.0,5.25
ORD-500989,12,tier_2_regional,tiered_basket_subsidy,gamified_loyalty_bar,32.37,30.0,9.12
ORD-500990,18,tier_2_regional,tiered_basket_subsidy,one_click_express,29.47,37.0,5.16
ORD-500991,22,tier_2_regional,dynamic_surge_multiplier,gamified_loyalty_bar,19.48,44.0,4.09
ORD-500992,8,tier_1_megacity,tiered_basket_subsidy,gamified_loyalty_bar,59.96,31.0,14.6
ORD-500993,14,tier_2_regional,fixed_low_fee,one_click_express,27.13,38.0,5.68
ORD-500994,15,tier_1_megacity,dynamic_surge_multiplier,upsell_grid_modal,42.15,16.0,7.62
ORD-500995,18,tier_2_regional,fixed_low_fee,gamified_loyalty_bar,23.65,25.0,6.55
ORD-500996,9,tier_2_regional,fixed_low_fee,upsell_grid_modal,33.74,28.0,5.63
ORD-500997,22,tier_2_regional,dynamic_surge_multiplier,upsell_grid_modal,13.54,,4.07
ORD-500998,14,tier_1_megacity,tiered_basket_subsidy,upsell_grid_modal,23.12,-99.0,5.37
ORD-500999,23,tier_2_regional,fixed_low_fee,upsell_grid_modal,28.41,14.0,4.64
ORD-501000,22,tier_1_megacity,tiered_basket_subsidy,gamified_loyalty_bar,55.36,26.0,11.73
ORD-501001,9,tier_1_megacity,tiered_basket_subsidy,one_click_express,41.48,30.0,9.96
ORD-501002,18,tier_1_megacity,dynamic_surge_multiplier,one_click_express,45.0,36.0,9.8
ORD-501003,17,tier_2_regional,fixed_low_fee,gamified_loyalty_bar,28.2,25.0,5.18
ORD-501004,20,tier_1_megacity,tiered_basket_subsidy,gamified_loyalty_bar,65.58,19.0,10.0
ORD-501005,20,tier_1_megacity,fixed_low_fee,one_click_express,39.28,39.0,6.4
ORD-501006,11,tier_3_small,dynamic_surge_multiplier,one_click_express,37.05,44.0,3.49
ORD-501007,13,tier_1_megacity,dynamic_surge_multiplier,one_click_express,51.37,33.0,6.19
ORD-501008,20,tier_1_megacity,fixed_low_fee,one_click_express,33.81,43.0,5.73
ORD-501009,23,tier_3_small,tiered_basket_subsidy,upsell_grid_modal,15.81,56.0,4.45
ORD-501010,16,tier_1_megacity,dynamic_surge_multiplier,gamified_loyalty_bar,28.5,46.0,11.19
ORD-501011,18,tier_3_small,fixed_low_fee,one_click_express,24.77,24.0,-1.91
ORD-501012,9,tier_2_regional,tiered_basket_subsidy,one_click_express,35.88,24.0,5.35
ORD-501013,13,tier_2_regional,dynamic_surge_multiplier,one_click_express,24.57,22.0,18.44
ORD-501014,17,tier_3_small,tiered_basket_subsidy,one_click_express,23.25,38.0,9.31
ORD-501015,22,tier_1_megacity,fixed_low_fee,one_click_express,33.2,31.0,5.14
ORD-501016,23,tier_2_regional,dynamic_surge_multiplier,upsell_grid_modal,31.73,34.0,7.69
ORD-501017,9,tier_1_megacity,tiered_basket_subsidy,gamified_loyalty_bar,50.85,18.0,7.87
ORD-501018,21,tier_1_megacity,fixed_low_fee,one_click_express,31.07,49.0,2.91
ORD-501019,9,tier_3_small,tiered_basket_subsidy,upsell_grid_modal,19.05,31.0,5.83
ORD-501020,15,tier_3_small,fixed_low_fee,upsell_grid_modal,32.84,27.0,8.65
ORD-501021,12,tier_3_small,dynamic_surge_multiplier,gamified_loyalty_bar,21.16,21.0,6.72
ORD-501022,20,tier_3_small,tiered_basket_subsidy,gamified_loyalty_bar,34.71,28.0,12.66
ORD-501023,19,tier_1_megacity,dynamic_surge_multiplier,gamified_loyalty_bar,31.55,32.0,9.27
ORD-501024,10,,fixed_low_fee,upsell_grid_modal,23.41,34.0,4.96
ORD-501025,13,tier_1_megacity,tiered_basket_subsidy,upsell_grid_modal,34.95,28.0,2.96
ORD-501026,16,,tiered_basket_subsidy,upsell_grid_modal,35.56,30.0,5.66
ORD-501027,13,tier_1_megacity,fixed_low_fee,gamified_loyalty_bar,44.97,21.0,2.96
ORD-501028,10,tier_2_regional,fixed_low_fee,upsell_grid_modal,31.77,35.0,6.22
ORD-501029,14,tier_1_megacity,tiered_basket_subsidy,upsell_grid_modal,26.28,19.0,3.77
ORD-501030,10,tier_3_small,fixed_low_fee,one_click_express,21.39,51.0,10.12
ORD-501031,16,tier_2_regional,dynamic_surge_multiplier,gamified_loyalty_bar,19.01,36.0,2.39
ORD-501032,17,tier_2_regional,fixed_low_fee,one_click_express,42.24,26.0,2.75
ORD-501033,13,tier_1_megacity,tiered_basket_subsidy,one_click_express,38.46,38.0,8.54
ORD-501034,23,tier_2_regional,tiered_basket_subsidy,upsell_grid_modal,27.79,61.0,8.66
ORD-501035,19,tier_1_megacity,tiered_basket_subsidy,one_click_express,53.09,59.0,3.59
ORD-501036,14,,fixed_low_fee,one_click_express,41.06,29.0,5.65
ORD-501037,22,tier_2_regional,tiered_basket_subsidy,one_click_express,28.58,36.0,5.0
ORD-501038,22,tier_1_megacity,tiered_basket_subsidy,one_click_express,36.02,25.0,7.43
ORD-501039,13,tier_1_megacity,dynamic_surge_multiplier,upsell_grid_modal,28.86,43.0,3.25
ORD-501040,9,tier_1_megacity,dynamic_surge_multiplier,upsell_grid_modal,39.9,10.0,1.85
ORD-501041,10,tier_2_regional,tiered_basket_subsidy,gamified_loyalty_bar,38.88,21.0,12.38
ORD-501042,8,tier_2_regional,tiered_basket_subsidy,one_click_express,23.23,49.0,5.03
ORD-501043,19,tier_1_megacity,tiered_basket_subsidy,gamified_loyalty_bar,56.52,22.0,8.5
ORD-501044,9,tier_2_regional,tiered_basket_subsidy,upsell_grid_modal,18.83,60.0,4.06
ORD-501045,23,tier_3_small,fixed_low_fee,one_click_express,18.3,10.0,4.82
ORD-501046,9,tier_3_small,tiered_basket_subsidy,upsell_grid_modal,29.39,38.0,5.06
ORD-501047,20,tier_1_megacity,fixed_low_fee,upsell_grid_modal,35.07,34.0,3.86
ORD-501048,8,tier_1_megacity,dynamic_surge_multiplier,upsell_grid_modal,15.59,33.0,1.66
ORD-501049,12,tier_1_megacity,tiered_basket_subsidy,upsell_grid_modal,29.89,31.0,1.47
ORD-501050,13,tier_1_megacity,tiered_basket_subsidy,one_click_express,56.3,31.0,6.57
ORD-501051,11,tier_1_megacity,tiered_basket_subsidy,upsell_grid_modal,32.66,22.0,5.37
ORD-501052,19,tier_2_regional,fixed_low_fee,one_click_express,19.64,45.0,3.17
ORD-501053,21,tier_3_small,tiered_basket_subsidy,one_click_express,16.81,35.0,7.03
ORD-501054,13,tier_2_regional,dynamic_surge_multiplier,one_click_express,34.03,23.0,6.11
ORD-501055,9,tier_2_regional,tiered_basket_subsidy,one_click_express,15.21,10.0,2.17
ORD-501056,16,tier_1_megacity,dynamic_surge_multiplier,gamified_loyalty_bar,19.36,,-0.06
ORD-501057,17,tier_2_regional,fixed_low_fee,one_click_express,24.04,30.0,8.67
ORD-501058,19,tier_1_megacity,fixed_low_fee,gamified_loyalty_bar,28.47,44.0,3.02
ORD-501059,19,tier_1_megacity,dynamic_surge_multiplier,upsell_grid_modal,25.21,33.0,-5.35
ORD-501060,21,tier_1_megacity,tiered_basket_subsidy,one_click_express,34.63,32.0,9.14
ORD-501061,12,tier_2_regional,dynamic_surge_multiplier,one_click_express,35.47,35.0,11.06
ORD-501062,15,tier_3_small,dynamic_surge_multiplier,upsell_grid_modal,17.14,25.0,-0.75
ORD-501063,10,,tiered_basket_subsidy,one_click_express,39.48,34.0,6.33
ORD-501064,20,tier_3_small,tiered_basket_subsidy,one_click_express,19.38,32.0,8.76
ORD-501065,14,tier_1_megacity,tiered_basket_subsidy,one_click_express,37.63,28.0,2.41
ORD-501066,22,tier_2_regional,dynamic_surge_multiplier,upsell_grid_modal,27.22,35.0,4.36
ORD-501067,10,tier_1_megacity,tiered_basket_subsidy,one_click_express,35.94,35.0,7.2
ORD-501068,17,tier_2_regional,dynamic_surge_multiplier,upsell_grid_modal,8.0,35.0,5.42
ORD-501069,17,tier_1_megacity,dynamic_surge_multiplier,gamified_loyalty_bar,26.9,34.0,11.05
ORD-501070,10,tier_1_megacity,dynamic_surge_multiplier,upsell_grid_modal,34.91,17.0,-0.66
ORD-501071,18,tier_3_small,fixed_low_fee,upsell_grid_modal,23.4,10.0,6.28
ORD-501072,18,tier_1_megacity,fixed_low_fee,one_click_express,45.28,13.0,2.37
ORD-501073,17,tier_2_regional,tiered_basket_subsidy,gamified_loyalty_bar,44.05,49.0,7.8
ORD-501074,20,tier_1_megacity,dynamic_surge_multiplier,one_click_express,61.0,25.0,9.29
ORD-501075,19,tier_2_regional,tiered_basket_subsidy,upsell_grid_modal,36.44,27.0,1.63
ORD-501076,18,tier_2_regional,dynamic_surge_multiplier,upsell_grid_modal,28.17,35.0,5.38
ORD-501077,19,tier_1_megacity,fixed_low_fee,one_click_express,41.41,30.0,5.27
ORD-501078,9,tier_1_megacity,tiered_basket_subsidy,upsell_grid_modal,21.79,27.0,4.78
ORD-501079,18,tier_2_regional,tiered_basket_subsidy,one_click_express,26.86,30.0,4.64
ORD-501080,17,tier_1_megacity,tiered_basket_subsidy,upsell_grid_modal,29.54,33.0,3.84
ORD-501081,15,tier_2_regional,tiered_basket_subsidy,upsell_grid_modal,37.04,28.0,5.2
ORD-501082,13,tier_1_megacity,tiered_basket_subsidy,one_click_express,41.67,17.0,4.32
ORD-501083,19,tier_3_small,fixed_low_fee,upsell_grid_modal,30.91,49.0,4.34
ORD-501084,8,tier_1_megacity,dynamic_surge_multiplier,upsell_grid_modal,16.48,17.0,2.61
ORD-501085,14,tier_3_small,dynamic_surge_multiplier,one_click_express,21.12,32.0,5.67
ORD-501086,13,tier_1_megacity,tiered_basket_subsidy,gamified_loyalty_bar,45.36,21.0,5.05
ORD-501087,8,tier_2_regional,dynamic_surge_multiplier,one_click_express,34.41,,1.78
ORD-501088,18,tier_3_small,tiered_basket_subsidy,one_click_express,24.37,28.0,1.5
ORD-501089,19,tier_3_small,tiered_basket_subsidy,gamified_loyalty_bar,48.56,26.0,8.02
ORD-501090,21,tier_2_regional,fixed_low_fee,one_click_express,44.43,10.0,0.96
ORD-501091,16,tier_1_megacity,dynamic_surge_multiplier,gamified_loyalty_bar,38.97,34.0,10.25
ORD-501092,9,tier_1_megacity,dynamic_surge_multiplier,one_click_express,49.53,36.0,13.19
ORD-501093,14,tier_1_megacity,tiered_basket_subsidy,upsell_grid_modal,36.05,23.0,5.49
ORD-501094,16,tier_2_regional,dynamic_surge_multiplier,gamified_loyalty_bar,32.74,36.0,3.52
ORD-501095,20,tier_1_megacity,fixed_low_fee,gamified_loyalty_bar,45.47,34.0,6.82
ORD-501096,18,tier_1_megacity,dynamic_surge_multiplier,gamified_loyalty_bar,31.05,34.0,1.74
ORD-501097,8,tier_2_regional,tiered_basket_subsidy,gamified_loyalty_bar,42.92,38.0,11.8
ORD-501098,18,tier_1_megacity,fixed_low_fee,one_click_express,51.88,19.0,4.3
ORD-501099,20,tier_2_regional,dynamic_surge_multiplier,one_click_express,27.73,34.0,4.35
ORD-501100,19,tier_3_small,dynamic_surge_multiplier,upsell_grid_modal,18.77,41.0,4.65
ORD-501101,14,tier_1_megacity,dynamic_surge_multiplier,gamified_loyalty_bar,42.98,27.0,5.81
ORD-501102,11,tier_1_megacity,dynamic_surge_multiplier,gamified_loyalty_bar,34.73,38.0,4.24
ORD-501103,17,tier_3_small,dynamic_surge_multiplier,upsell_grid_modal,15.85,21.0,10.15
ORD-501104,12,tier_2_regional,dynamic_surge_multiplier,upsell_grid_modal,24.42,30.0,5.86
ORD-501105,22,tier_2_regional,fixed_low_fee,gamified_loyalty_bar,34.53,23.0,7.61
ORD-501106,9,tier_1_megacity,fixed_low_fee,upsell_grid_modal,46.37,38.0,6.95
ORD-501107,16,tier_1_megacity,dynamic_surge_multiplier,gamified_loyalty_bar,45.52,42.0,-0.18
ORD-501108,17,tier_1_megacity,fixed_low_fee,upsell_grid_modal,51.01,37.0,8.81
ORD-501109,14,tier_3_small,tiered_basket_subsidy,upsell_grid_modal,19.1,37.0,9.61
ORD-501110,13,tier_1_megacity,dynamic_surge_multiplier,upsell_grid_modal,30.84,27.0,1.89
ORD-501111,13,tier_1_megacity,dynamic_surge_multiplier,gamified_loyalty_bar,48.38,28.0,-3.4
ORD-501112,10,tier_1_megacity,dynamic_surge_multiplier,upsell_grid_modal,14.99,27.0,-1.96
ORD-501113,9,tier_2_regional,fixed_low_fee,gamified_loyalty_bar,32.4,38.0,2.66
ORD-501114,9,tier_3_small,dynamic_surge_multiplier,upsell_grid_modal,16.53,37.0,-0.81
ORD-501115,14,tier_1_megacity,tiered_basket_subsidy,one_click_express,42.42,42.0,7.85
ORD-501116,8,tier_2_regional,fixed_low_fee,gamified_loyalty_bar,29.58,36.0,3.64
ORD-501117,22,tier_2_regional,dynamic_surge_multiplier,gamified_loyalty_bar,26.7,30.0,1.48
ORD-501118,22,tier_2_regional,fixed_low_fee,one_click_express,26.74,35.0,4.23
ORD-501119,10,tier_2_regional,tiered_basket_subsidy,gamified_loyalty_bar,47.75,22.0,8.68
ORD-501120,9,tier_1_megacity,dynamic_surge_multiplier,one_click_express,45.26,33.0,5.34
ORD-501121,20,tier_2_regional,fixed_low_fee,gamified_loyalty_bar,30.15,51.0,5.92
ORD-501122,20,tier_1_megacity,fixed_low_fee,upsell_grid_modal,59.72,31.0,6.31
ORD-501123,11,tier_1_megacity,dynamic_surge_multiplier,upsell_grid_modal,43.18,19.0,1.2
ORD-501124,21,tier_3_small,fixed_low_fee,upsell_grid_modal,32.25,27.0,6.71
ORD-501125,22,tier_1_megacity,tiered_basket_subsidy,upsell_grid_modal,49.25,24.0,6.93
ORD-501126,11,tier_1_megacity,tiered_basket_subsidy,one_click_express,36.76,44.0,11.93
ORD-501127,21,tier_2_regional,fixed_low_fee,one_click_express,29.29,25.0,5.82
ORD-501128,17,tier_1_megacity,dynamic_surge_multiplier,one_click_express,34.28,31.0,5.16
ORD-501129,20,tier_2_regional,dynamic_surge_multiplier,upsell_grid_modal,16.18,27.0,0.75
ORD-501130,23,tier_1_megacity,fixed_low_fee,one_click_express,22.42,30.0,4.24
ORD-501131,22,tier_2_regional,fixed_low_fee,gamified_loyalty_bar,38.62,25.0,5.57
ORD-501132,8,tier_1_megacity,tiered_basket_subsidy,upsell_grid_modal,36.71,20.0,5.38
ORD-501133,21,tier_1_megacity,dynamic_surge_multiplier,gamified_loyalty_bar,41.03,42.0,7.67
ORD-501134,17,tier_1_megacity,tiered_basket_subsidy,gamified_loyalty_bar,55.38,27.0,9.53
ORD-501135,15,tier_3_small,fixed_low_fee,upsell_grid_modal,42.18,36.0,5.13
ORD-501136,9,tier_2_regional,fixed_low_fee,gamified_loyalty_bar,28.79,19.0,6.05
ORD-501137,22,tier_2_regional,fixed_low_fee,upsell_grid_modal,36.15,38.0,8.0
ORD-501138,23,tier_1_megacity,fixed_low_fee,one_click_express,29.66,35.0,2.87
ORD-501139,17,tier_1_megacity,tiered_basket_subsidy,upsell_grid_modal,43.59,12.0,1.5
ORD-501140,16,tier_1_megacity,dynamic_surge_multiplier,gamified_loyalty_bar,26.53,30.0,-0.02
ORD-501141,22,tier_1_megacity,tiered_basket_subsidy,gamified_loyalty_bar,58.06,36.0,7.75
ORD-501142,18,tier_1_megacity,dynamic_surge_multiplier,upsell_grid_modal,25.97,17.0,-0.29
ORD-501143,17,tier_2_regional,fixed_low_fee,one_click_express,14.33,31.0,5.13
ORD-501144,15,tier_3_small,fixed_low_fee,gamified_loyalty_bar,27.14,14.0,3.43
ORD-501145,11,tier_2_regional,fixed_low_fee,gamified_loyalty_bar,29.21,35.0,4.85
ORD-501146,11,tier_1_megacity,tiered_basket_subsidy,upsell_grid_modal,41.94,26.0,6.45
ORD-501147,17,tier_1_megacity,fixed_low_fee,gamified_loyalty_bar,43.42,22.0,4.67
ORD-501148,21,tier_1_megacity,fixed_low_fee,upsell_grid_modal,42.72,47.0,5.2
ORD-501149,18,tier_2_regional,tiered_basket_subsidy,gamified_loyalty_bar,39.16,41.0,9.42
ORD-501150,20,tier_3_small,dynamic_surge_multiplier,one_click_express,21.25,32.0,5.37
ORD-501151,11,tier_1_megacity,dynamic_surge_multiplier,gamified_loyalty_bar,42.15,36.0,1.85
ORD-501152,20,tier_1_megacity,dynamic_surge_multiplier,one_click_express,47.18,14.0,5.53
ORD-501153,22,tier_2_regional,dynamic_surge_multiplier,one_click_express,33.93,34.0,7.99
ORD-501154,12,tier_2_regional,tiered_basket_subsidy,one_click_express,17.19,40.0,4.96
ORD-501155,16,tier_2_regional,tiered_basket_subsidy,one_click_express,16.18,29.0,2.89
ORD-501156,19,tier_1_megacity,fixed_low_fee,gamified_loyalty_bar,37.78,34.0,3.41
ORD-501157,20,tier_1_megacity,dynamic_surge_multiplier,upsell_grid_modal,41.79,37.0,4.71
ORD-501158,22,tier_1_megacity,tiered_basket_subsidy,upsell_grid_modal,39.23,32.0,3.6
ORD-501159,9,tier_2_regional,tiered_basket_subsidy,gamified_loyalty_bar,40.09,38.0,10.16
ORD-501160,11,tier_2_regional,dynamic_surge_multiplier,gamified_loyalty_bar,31.95,37.0,2.09
ORD-501161,16,tier_3_small,fixed_low_fee,upsell_grid_modal,27.02,18.0,4.78
ORD-501162,11,tier_1_megacity,fixed_low_fee,upsell_grid_modal,36.7,29.0,2.19
ORD-501163,8,tier_2_regional,dynamic_surge_multiplier,one_click_express,32.77,29.0,9.54
ORD-501164,8,tier_1_megacity,tiered_basket_subsidy,upsell_grid_modal,34.9,26.0,7.03
ORD-501165,16,tier_2_regional,dynamic_surge_multiplier,one_click_express,35.43,19.0,-2.76
ORD-501166,10,tier_1_megacity,dynamic_surge_multiplier,upsell_grid_modal,26.84,13.0,7.47
ORD-501167,16,tier_1_megacity,dynamic_surge_multiplier,one_click_express,39.02,21.0,7.28
ORD-501168,23,tier_2_regional,fixed_low_fee,one_click_express,27.69,42.0,4.99
ORD-501169,9,tier_1_megacity,tiered_basket_subsidy,one_click_express,34.32,23.0,8.59
ORD-501170,8,tier_1_megacity,dynamic_surge_multiplier,upsell_grid_modal,32.28,36.0,1.23
ORD-501171,9,tier_3_small,tiered_basket_subsidy,gamified_loyalty_bar,39.94,15.0,8.97
ORD-501172,22,tier_1_megacity,tiered_basket_subsidy,gamified_loyalty_bar,63.08,31.0,8.05
ORD-501173,23,tier_2_regional,fixed_low_fee,gamified_loyalty_bar,33.91,52.0,6.98
ORD-501174,10,tier_1_megacity,tiered_basket_subsidy,one_click_express,44.04,44.0,7.59
ORD-501175,16,tier_2_regional,fixed_low_fee,gamified_loyalty_bar,32.24,33.0,5.03
ORD-501176,19,tier_3_small,dynamic_surge_multiplier,upsell_grid_modal,13.87,27.0,1.86
ORD-501177,23,tier_1_megacity,fixed_low_fee,one_click_express,32.31,39.0,6.77
ORD-501178,8,tier_1_megacity,dynamic_surge_multiplier,gamified_loyalty_bar,45.19,22.0,1.07
ORD-501179,15,tier_1_megacity,dynamic_surge_multiplier,one_click_express,49.86,37.0,5.56
ORD-501180,19,tier_1_megacity,tiered_basket_subsidy,one_click_express,39.08,52.0,4.69
ORD-501181,17,tier_1_megacity,dynamic_surge_multiplier,upsell_grid_modal,34.02,28.0,7.48
ORD-501182,23,tier_2_regional,tiered_basket_subsidy,one_click_express,29.52,31.0,4.94
ORD-501183,18,tier_3_small,dynamic_surge_multiplier,one_click_express,30.42,17.0,7.29
ORD-501184,18,tier_1_megacity,fixed_low_fee,one_click_express,41.78,27.0,4.65
ORD-501185,11,tier_1_megacity,tiered_basket_subsidy,upsell_grid_modal,59.48,24.0,5.34
ORD-501186,15,tier_2_regional,dynamic_surge_multiplier,gamified_loyalty_bar,22.39,24.0,8.54
ORD-501187,10,tier_1_megacity,fixed_low_fee,upsell_grid_modal,45.65,10.0,7.73
ORD-501188,9,tier_2_regional,dynamic_surge_multiplier,gamified_loyalty_bar,23.27,40.0,9.1
ORD-501189,19,tier_2_regional,dynamic_surge_multiplier,gamified_loyalty_bar,26.54,23.0,4.29
ORD-501190,10,tier_3_small,fixed_low_fee,upsell_grid_modal,28.82,61.0,3.36
ORD-501191,16,tier_3_small,dynamic_surge_multiplier,one_click_express,18.93,22.0,10.64
ORD-501192,15,tier_2_regional,fixed_low_fee,gamified_loyalty_bar,25.61,39.0,5.76
ORD-501193,15,tier_3_small,dynamic_surge_multiplier,one_click_express,19.18,28.0,2.93
ORD-501194,22,tier_1_megacity,dynamic_surge_multiplier,gamified_loyalty_bar,32.35,50.0,5.84
ORD-501195,12,tier_3_small,tiered_basket_subsidy,upsell_grid_modal,19.94,26.0,6.31
ORD-501196,20,tier_1_megacity,dynamic_surge_multiplier,upsell_grid_modal,19.84,28.0,1.5
ORD-501197,16,tier_1_megacity,tiered_basket_subsidy,gamified_loyalty_bar,41.5,31.0,9.71
ORD-501198,8,tier_2_regional,fixed_low_fee,gamified_loyalty_bar,40.32,24.0,3.86
ORD-501199,21,tier_1_megacity,dynamic_surge_multiplier,upsell_grid_modal,29.87,12.0,-0.32
ORD-501200,15,tier_3_small,fixed_low_fee,upsell_grid_modal,35.64,29.0,5.92
ORD-501201,16,tier_1_megacity,tiered_basket_subsidy,one_click_express,37.07,39.0,6.18
ORD-501202,23,tier_3_small,dynamic_surge_multiplier,one_click_express,23.84,20.0,6.19
ORD-501203,11,tier_1_megacity,dynamic_surge_multiplier,one_click_express,44.39,39.0,10.59
ORD-501204,13,tier_1_megacity,dynamic_surge_multiplier,upsell_grid_modal,36.87,22.0,4.21
ORD-501205,14,tier_1_megacity,fixed_low_fee,gamified_loyalty_bar,36.61,22.0,3.22
ORD-501206,15,tier_2_regional,fixed_low_fee,gamified_loyalty_bar,27.11,30.0,4.67
ORD-501207,8,tier_1_megacity,tiered_basket_subsidy,upsell_grid_modal,45.64,30.0,2.45
ORD-501208,11,tier_3_small,tiered_basket_subsidy,gamified_loyalty_bar,30.98,13.0,11.8
ORD-501209,11,tier_2_regional,fixed_low_fee,one_click_express,26.01,29.0,3.88
ORD-501210,13,tier_3_small,tiered_basket_subsidy,upsell_grid_modal,35.2,43.0,5.07
ORD-501211,8,tier_2_regional,dynamic_surge_multiplier,gamified_loyalty_bar,31.9,48.0,11.85
ORD-501212,18,tier_3_small,dynamic_surge_multiplier,gamified_loyalty_bar,26.8,38.0,5.55
ORD-501213,17,tier_2_regional,dynamic_surge_multiplier,gamified_loyalty_bar,22.37,12.0,9.1
ORD-501214,16,tier_2_regional,dynamic_surge_multiplier,one_click_express,15.8,34.0,7.24
ORD-501215,23,tier_2_regional,fixed_low_fee,one_click_express,22.94,33.0,4.15
ORD-501216,12,tier_3_small,dynamic_surge_multiplier,one_click_express,17.94,30.0,13.75
ORD-501217,18,tier_2_regional,tiered_basket_subsidy,upsell_grid_modal,32.93,29.0,2.36
ORD-501218,14,tier_3_small,fixed_low_fee,gamified_loyalty_bar,23.65,44.0,1.52
ORD-501219,8,tier_1_megacity,fixed_low_fee,upsell_grid_modal,51.82,30.0,5.63
ORD-501220,17,tier_3_small,dynamic_surge_multiplier,upsell_grid_modal,20.65,15.0,10.93
ORD-501221,15,tier_1_megacity,dynamic_surge_multiplier,gamified_loyalty_bar,31.2,41.0,8.36
ORD-501222,14,tier_1_megacity,dynamic_surge_multiplier,upsell_grid_modal,46.55,23.0,5.55
ORD-501223,14,tier_2_regional,tiered_basket_subsidy,gamified_loyalty_bar,32.97,36.0,9.67
ORD-501224,21,tier_1_megacity,dynamic_surge_multiplier,upsell_grid_modal,38.53,28.0,4.6
ORD-501225,15,tier_2_regional,dynamic_surge_multiplier,one_click_express,33.13,46.0,10.49
ORD-501226,8,tier_1_megacity,dynamic_surge_multiplier,one_click_express,37.11,37.0,2.25
ORD-501227,18,tier_1_megacity,dynamic_surge_multiplier,one_click_express,48.79,37.0,10.34
ORD-501228,11,tier_1_megacity,dynamic_surge_multiplier,upsell_grid_modal,39.88,12.0,8.12
ORD-501229,14,tier_1_megacity,dynamic_surge_multiplier,gamified_loyalty_bar,36.3,38.0,6.88
ORD-501230,22,tier_1_megacity,fixed_low_fee,one_click_express,44.43,38.0,3.15
ORD-501231,18,tier_1_megacity,dynamic_surge_multiplier,gamified_loyalty_bar,35.82,47.0,-1.63
ORD-501232,23,tier_2_regional,dynamic_surge_multiplier,one_click_express,32.47,46.0,12.7
ORD-501233,18,tier_1_megacity,fixed_low_fee,one_click_express,40.16,31.0,3.39
ORD-501234,19,tier_1_megacity,dynamic_surge_multiplier,gamified_loyalty_bar,45.39,21.0,1.76
ORD-501235,15,tier_1_megacity,fixed_low_fee,gamified_loyalty_bar,35.61,37.0,2.74
ORD-501236,14,tier_2_regional,tiered_basket_subsidy,one_click_express,31.9,28.0,4.13
ORD-501237,17,tier_1_megacity,tiered_basket_subsidy,upsell_grid_modal,37.13,45.0,3.49
ORD-501238,22,tier_1_megacity,tiered_basket_subsidy,gamified_loyalty_bar,59.49,,7.09
ORD-501239,21,tier_1_megacity,tiered_basket_subsidy,gamified_loyalty_bar,51.26,42.0,8.81
ORD-501240,15,tier_1_megacity,fixed_low_fee,one_click_express,37.15,31.0,3.27
ORD-501241,14,tier_1_megacity,fixed_low_fee,one_click_express,27.39,33.0,7.39
ORD-501242,17,tier_2_regional,fixed_low_fee,one_click_express,38.55,43.0,2.59
ORD-501243,20,tier_2_regional,fixed_low_fee,gamified_loyalty_bar,33.96,54.0,1.53
ORD-501244,22,tier_1_megacity,tiered_basket_subsidy,gamified_loyalty_bar,47.68,45.0,10.77
ORD-501245,15,tier_2_regional,tiered_basket_subsidy,gamified_loyalty_bar,27.33,28.0,7.82
ORD-501246,13,tier_1_megacity,fixed_low_fee,one_click_express,34.17,46.0,4.48
ORD-501247,19,tier_2_regional,tiered_basket_subsidy,gamified_loyalty_bar,46.65,29.0,7.25
ORD-501248,19,tier_3_small,tiered_basket_subsidy,gamified_loyalty_bar,33.75,37.0,8.89
ORD-501249,13,tier_1_megacity,fixed_low_fee,upsell_grid_modal,48.75,21.0,3.51
ORD-501250,9,tier_1_megacity,tiered_basket_subsidy,one_click_express,34.73,28.0,4.58
ORD-501251,23,tier_1_megacity,tiered_basket_subsidy,one_click_express,40.44,,11.71
ORD-501252,10,tier_1_megacity,tiered_basket_subsidy,one_click_express,36.56,28.0,1.37
ORD-501253,14,tier_1_megacity,dynamic_surge_multiplier,upsell_grid_modal,35.45,25.0,2.82
ORD-501254,11,tier_3_small,dynamic_surge_multiplier,one_click_express,22.97,15.0,4.58
ORD-501255,11,tier_1_megacity,dynamic_surge_multiplier,one_click_express,46.48,42.0,8.07
ORD-501256,11,,fixed_low_fee,one_click_express,35.64,32.0,4.29
ORD-501257,20,tier_1_megacity,fixed_low_fee,upsell_grid_modal,43.05,37.0,8.28
ORD-501258,23,tier_1_megacity,fixed_low_fee,upsell_grid_modal,42.63,47.0,5.12
ORD-501259,16,tier_2_regional,tiered_basket_subsidy,upsell_grid_modal,35.45,47.0,2.06
ORD-501260,22,tier_3_small,fixed_low_fee,one_click_express,14.07,18.0,6.3
ORD-501261,13,tier_1_megacity,tiered_basket_subsidy,gamified_loyalty_bar,53.19,39.0,9.32
ORD-501262,18,tier_2_regional,dynamic_surge_multiplier,upsell_grid_modal,25.73,38.0,3.7
ORD-501263,9,tier_1_megacity,dynamic_surge_multiplier,one_click_express,39.52,19.0,8.52
ORD-501264,20,tier_3_small,dynamic_surge_multiplier,one_click_express,32.76,34.0,1.65
ORD-501265,17,tier_2_regional,fixed_low_fee,gamified_loyalty_bar,19.7,34.0,3.92
ORD-501266,8,tier_1_megacity,dynamic_surge_multiplier,one_click_express,36.71,18.0,14.81
ORD-501267,20,tier_1_megacity,dynamic_surge_multiplier,gamified_loyalty_bar,26.22,33.0,-0.38
ORD-501268,14,tier_3_small,fixed_low_fee,gamified_loyalty_bar,18.73,31.0,2.52
ORD-501269,9,tier_2_regional,fixed_low_fee,upsell_grid_modal,32.03,28.0,6.17
ORD-501270,9,tier_2_regional,tiered_basket_subsidy,upsell_grid_modal,18.5,49.0,4.86
ORD-501271,11,tier_2_regional,fixed_low_fee,gamified_loyalty_bar,12.48,19.0,8.09
ORD-501272,10,tier_1_megacity,fixed_low_fee,one_click_express,36.57,42.0,4.87
ORD-501273,18,tier_1_megacity,dynamic_surge_multiplier,gamified_loyalty_bar,42.12,20.0,-4.61
ORD-501274,10,tier_2_regional,tiered_basket_subsidy,gamified_loyalty_bar,51.65,22.0,11.59
ORD-501275,18,tier_1_megacity,fixed_low_fee,one_click_express,33.0,39.0,2.66
ORD-501276,15,tier_2_regional,fixed_low_fee,one_click_express,22.67,26.0,2.49
ORD-501277,16,tier_2_regional,fixed_low_fee,gamified_loyalty_bar,25.08,22.0,5.06
ORD-501278,21,tier_1_megacity,tiered_basket_subsidy,one_click_express,32.23,39.0,8.58
ORD-501279,18,tier_3_small,fixed_low_fee,upsell_grid_modal,26.63,33.0,3.59
ORD-501280,11,tier_2_regional,fixed_low_fee,gamified_loyalty_bar,14.82,33.0,3.93
ORD-501281,20,tier_1_megacity,tiered_basket_subsidy,gamified_loyalty_bar,42.59,36.0,6.25
ORD-501282,23,tier_1_megacity,dynamic_surge_multiplier,upsell_grid_modal,23.02,36.0,5.97
ORD-501283,22,tier_3_small,tiered_basket_subsidy,upsell_grid_modal,16.2,44.0,4.63
ORD-501284,17,tier_2_regional,tiered_basket_subsidy,upsell_grid_modal,23.42,43.0,7.61
ORD-501285,15,tier_2_regional,fixed_low_fee,gamified_loyalty_bar,34.43,26.0,5.33
ORD-501286,9,tier_3_small,dynamic_surge_multiplier,one_click_express,24.37,24.0,6.51
ORD-501287,17,tier_1_megacity,fixed_low_fee,gamified_loyalty_bar,32.45,38.0,2.91
ORD-501288,8,tier_1_megacity,tiered_basket_subsidy,gamified_loyalty_bar,59.03,34.0,5.85
ORD-501289,14,tier_1_megacity,dynamic_surge_multiplier,one_click_express,32.49,26.0,9.19
ORD-501290,18,tier_2_regional,tiered_basket_subsidy,upsell_grid_modal,25.53,22.0,7.06
ORD-501291,21,tier_1_megacity,dynamic_surge_multiplier,gamified_loyalty_bar,37.57,40.0,1.66
ORD-501292,13,tier_1_megacity,dynamic_surge_multiplier,one_click_express,34.79,25.0,16.71
ORD-501293,9,tier_1_megacity,fixed_low_fee,one_click_express,36.44,16.0,2.65
ORD-501294,11,tier_1_megacity,dynamic_surge_multiplier,upsell_grid_modal,33.76,30.0,-2.49
ORD-501295,14,tier_3_small,dynamic_surge_multiplier,gamified_loyalty_bar,18.91,35.0,2.54
ORD-501296,13,tier_3_small,fixed_low_fee,one_click_express,21.67,40.0,1.8
ORD-501297,10,tier_1_megacity,tiered_basket_subsidy,gamified_loyalty_bar,63.21,23.0,6.95
ORD-501298,12,tier_1_megacity,fixed_low_fee,one_click_express,53.28,34.0,4.92
ORD-501299,23,tier_1_megacity,fixed_low_fee,upsell_grid_modal,56.59,32.0,4.68
ORD-501300,9,tier_1_megacity,tiered_basket_subsidy,upsell_grid_modal,36.57,49.0,5.52
ORD-501301,21,tier_2_regional,fixed_low_fee,upsell_grid_modal,46.87,40.0,5.02
ORD-501302,14,tier_1_megacity,fixed_low_fee,one_click_express,35.17,29.0,2.18
ORD-501303,19,tier_3_small,fixed_low_fee,gamified_loyalty_bar,31.94,21.0,5.76
ORD-501304,10,tier_1_megacity,fixed_low_fee,gamified_loyalty_bar,50.72,45.0,10.12
ORD-501305,18,tier_2_regional,fixed_low_fee,gamified_loyalty_bar,39.79,29.0,5.34
ORD-501306,22,tier_2_regional,fixed_low_fee,one_click_express,32.84,46.0,7.06
ORD-501307,13,tier_2_regional,fixed_low_fee,one_click_express,27.92,39.0,6.45
ORD-501308,23,tier_3_small,dynamic_surge_multiplier,gamified_loyalty_bar,23.0,43.0,7.54
ORD-501309,9,tier_1_megacity,dynamic_surge_multiplier,one_click_express,518.61,23.0,171.52
ORD-501310,20,tier_1_megacity,dynamic_surge_multiplier,upsell_grid_modal,39.23,32.0,4.11
ORD-501311,9,tier_1_megacity,fixed_low_fee,upsell_grid_modal,54.38,36.0,6.03
ORD-501312,17,tier_3_small,dynamic_surge_multiplier,one_click_express,25.19,35.0,12.02
ORD-501313,19,,dynamic_surge_multiplier,upsell_grid_modal,36.93,31.0,2.05
ORD-501314,16,tier_2_regional,fixed_low_fee,gamified_loyalty_bar,35.69,22.0,4.55
ORD-501315,19,tier_1_megacity,tiered_basket_subsidy,gamified_loyalty_bar,42.07,36.0,9.51
ORD-501316,22,tier_3_small,fixed_low_fee,gamified_loyalty_bar,15.18,37.0,2.3
ORD-501317,20,tier_2_regional,fixed_low_fee,upsell_grid_modal,48.48,29.0,5.55
ORD-501318,8,tier_1_megacity,fixed_low_fee,upsell_grid_modal,44.99,35.0,6.7
ORD-501319,20,tier_1_megacity,fixed_low_fee,one_click_express,38.0,55.0,3.04
ORD-501320,18,tier_1_megacity,fixed_low_fee,upsell_grid_modal,50.02,53.0,8.95
ORD-501321,12,tier_2_regional,dynamic_surge_multiplier,upsell_grid_modal,19.6,10.0,7.78
ORD-501322,14,tier_2_regional,tiered_basket_subsidy,one_click_express,32.12,29.0,3.71
ORD-501323,15,tier_1_megacity,fixed_low_fee,one_click_express,28.4,39.0,4.67
ORD-501324,21,tier_2_regional,dynamic_surge_multiplier,upsell_grid_modal,11.46,25.0,-7.66
ORD-501325,12,tier_2_regional,dynamic_surge_multiplier,upsell_grid_modal,24.45,27.0,-2.91
ORD-501326,17,tier_1_megacity,dynamic_surge_multiplier,upsell_grid_modal,30.08,12.0,9.62
ORD-501327,21,tier_2_regional,tiered_basket_subsidy,one_click_express,22.48,31.0,2.71
ORD-501328,9,tier_2_regional,fixed_low_fee,upsell_grid_modal,32.71,37.0,2.22
ORD-501329,20,tier_1_megacity,fixed_low_fee,gamified_loyalty_bar,45.59,33.0,7.5
ORD-501330,8,tier_1_megacity,fixed_low_fee,upsell_grid_modal,38.96,32.0,6.45
ORD-501331,13,tier_1_megacity,tiered_basket_subsidy,gamified_loyalty_bar,70.57,17.0,9.61
ORD-501332,23,tier_1_megacity,fixed_low_fee,gamified_loyalty_bar,27.98,25.0,3.54
ORD-501333,17,tier_1_megacity,dynamic_surge_multiplier,one_click_express,28.65,25.0,3.42
ORD-501334,23,tier_1_megacity,tiered_basket_subsidy,upsell_grid_modal,26.65,33.0,9.2
ORD-501335,12,tier_2_regional,dynamic_surge_multiplier,upsell_grid_modal,22.56,23.0,0.32
ORD-501336,10,tier_3_small,dynamic_surge_multiplier,gamified_loyalty_bar,26.58,24.0,-2.19
ORD-501337,9,tier_1_megacity,tiered_basket_subsidy,one_click_express,32.81,46.0,5.68
ORD-501338,23,tier_3_small,dynamic_surge_multiplier,one_click_express,15.93,32.0,7.5
ORD-501339,23,tier_2_regional,fixed_low_fee,upsell_grid_modal,21.43,26.0,4.63
ORD-501340,11,tier_1_megacity,tiered_basket_subsidy,one_click_express,43.71,32.0,4.2
ORD-501341,9,tier_1_megacity,fixed_low_fee,gamified_loyalty_bar,44.43,23.0,6.01
ORD-501342,13,tier_1_megacity,fixed_low_fee,one_click_express,43.42,41.0,1.37
ORD-501343,23,tier_1_megacity,dynamic_surge_multiplier,one_click_express,47.24,37.0,11.61
ORD-501344,8,tier_1_megacity,tiered_basket_subsidy,gamified_loyalty_bar,59.12,37.0,9.61
ORD-501345,16,tier_2_regional,fixed_low_fee,gamified_loyalty_bar,29.19,69.0,4.87
ORD-501346,21,tier_1_megacity,tiered_basket_subsidy,one_click_express,45.86,24.0,5.76
ORD-501347,20,tier_2_regional,fixed_low_fee,one_click_express,17.03,30.0,7.54
ORD-501348,18,tier_1_megacity,fixed_low_fee,one_click_express,41.65,38.0,6.24
ORD-501349,22,tier_2_regional,dynamic_surge_multiplier,one_click_express,44.02,54.0,10.41
ORD-501350,13,tier_1_megacity,tiered_basket_subsidy,gamified_loyalty_bar,53.27,27.0,9.08
ORD-501351,22,tier_1_megacity,dynamic_surge_multiplier,gamified_loyalty_bar,36.87,30.0,4.13
ORD-501352,10,tier_3_small,dynamic_surge_multiplier,gamified_loyalty_bar,25.94,35.0,11.36
ORD-501353,20,tier_3_small,tiered_basket_subsidy,one_click_express,14.67,24.0,-0.85
ORD-501354,19,tier_2_regional,fixed_low_fee,gamified_loyalty_bar,33.5,36.0,4.63
ORD-501355,9,tier_2_regional,tiered_basket_subsidy,one_click_express,34.72,33.0,7.39
ORD-501356,15,tier_1_megacity,dynamic_surge_multiplier,one_click_express,43.02,29.0,-2.55
ORD-501357,14,tier_1_megacity,tiered_basket_subsidy,gamified_loyalty_bar,61.01,43.0,5.74
ORD-501358,15,tier_1_megacity,dynamic_surge_multiplier,gamified_loyalty_bar,34.93,32.0,6.29
ORD-501359,18,tier_2_regional,fixed_low_fee,gamified_loyalty_bar,24.7,34.0,3.82
ORD-501360,20,tier_1_megacity,dynamic_surge_multiplier,one_click_express,38.34,37.0,8.84
ORD-501361,17,tier_3_small,dynamic_surge_multiplier,upsell_grid_modal,8.0,35.0,3.73
ORD-501362,16,tier_1_megacity,dynamic_surge_multiplier,gamified_loyalty_bar,55.97,29.0,3.31
ORD-501363,14,tier_3_small,fixed_low_fee,upsell_grid_modal,31.07,17.0,3.66
ORD-501364,8,tier_1_megacity,dynamic_surge_multiplier,upsell_grid_modal,40.99,19.0,11.25
ORD-501365,13,tier_3_small,fixed_low_fee,one_click_express,13.98,39.0,2.07
ORD-501366,11,tier_2_regional,fixed_low_fee,one_click_express,26.59,32.0,3.53
ORD-501367,9,tier_3_small,tiered_basket_subsidy,upsell_grid_modal,16.88,37.0,6.23
ORD-501368,23,tier_1_megacity,fixed_low_fee,one_click_express,49.67,32.0,6.67
ORD-501369,19,tier_1_megacity,dynamic_surge_multiplier,one_click_express,50.23,21.0,5.45
ORD-501370,18,tier_2_regional,fixed_low_fee,upsell_grid_modal,23.82,37.0,6.54
ORD-501371,8,tier_1_megacity,tiered_basket_subsidy,upsell_grid_modal,36.2,34.0,7.84
ORD-501372,11,tier_1_megacity,dynamic_surge_multiplier,one_click_express,42.22,17.0,14.76
ORD-501373,14,tier_2_regional,tiered_basket_subsidy,gamified_loyalty_bar,20.57,32.0,10.29
ORD-501374,12,tier_2_regional,dynamic_surge_multiplier,upsell_grid_modal,25.34,24.0,7.0
ORD-501375,17,tier_2_regional,tiered_basket_subsidy,gamified_loyalty_bar,39.12,21.0,8.97
ORD-501376,14,tier_1_megacity,fixed_low_fee,upsell_grid_modal,37.01,46.0,3.85
ORD-501377,23,tier_1_megacity,fixed_low_fee,upsell_grid_modal,49.49,27.0,2.85
ORD-501378,16,tier_1_megacity,fixed_low_fee,one_click_express,42.75,49.0,5.78
ORD-501379,15,tier_2_regional,fixed_low_fee,upsell_grid_modal,31.56,38.0,6.1
ORD-501380,22,tier_1_megacity,tiered_basket_subsidy,one_click_express,31.53,35.0,3.77
ORD-501381,18,tier_2_regional,tiered_basket_subsidy,one_click_express,30.02,19.0,4.88
ORD-501382,11,tier_2_regional,fixed_low_fee,gamified_loyalty_bar,28.87,37.0,5.69
ORD-501383,20,tier_1_megacity,fixed_low_fee,gamified_loyalty_bar,42.7,27.0,3.88
ORD-501384,23,tier_1_megacity,dynamic_surge_multiplier,gamified_loyalty_bar,46.19,33.0,2.86
ORD-501385,22,tier_2_regional,fixed_low_fee,gamified_loyalty_bar,36.18,43.0,4.93
ORD-501386,21,tier_1_megacity,fixed_low_fee,upsell_grid_modal,57.94,33.0,5.17
ORD-501387,12,tier_1_megacity,dynamic_surge_multiplier,gamified_loyalty_bar,35.73,36.0,6.08
ORD-501388,10,tier_2_regional,dynamic_surge_multiplier,gamified_loyalty_bar,23.4,27.0,7.97
ORD-501389,10,tier_1_megacity,tiered_basket_subsidy,one_click_express,39.99,40.0,5.05
ORD-501390,19,tier_1_megacity,tiered_basket_subsidy,gamified_loyalty_bar,56.11,30.0,8.62
ORD-501391,14,tier_1_megacity,dynamic_surge_multiplier,one_click_express,39.93,40.0,16.42
ORD-501392,19,tier_2_regional,tiered_basket_subsidy,gamified_loyalty_bar,36.6,38.0,12.09
ORD-501393,22,tier_3_small,fixed_low_fee,one_click_express,30.24,40.0,3.78
ORD-501394,21,tier_2_regional,dynamic_surge_multiplier,one_click_express,34.98,20.0,12.37
ORD-501395,13,tier_1_megacity,dynamic_surge_multiplier,one_click_express,26.67,40.0,2.29
ORD-501396,9,tier_2_regional,dynamic_surge_multiplier,one_click_express,39.37,32.0,10.34
ORD-501397,18,tier_1_megacity,dynamic_surge_multiplier,upsell_grid_modal,41.49,31.0,2.14
ORD-501398,17,tier_1_megacity,fixed_low_fee,upsell_grid_modal,46.52,33.0,6.88
ORD-501399,15,tier_3_small,tiered_basket_subsidy,gamified_loyalty_bar,37.32,55.0,8.87
ORD-501400,9,tier_2_regional,fixed_low_fee,one_click_express,24.42,24.0,3.68
ORD-501401,9,tier_1_megacity,dynamic_surge_multiplier,one_click_express,35.6,32.0,10.84
ORD-501402,13,tier_2_regional,tiered_basket_subsidy,one_click_express,25.13,27.0,2.39
ORD-501403,23,tier_3_small,fixed_low_fee,one_click_express,13.83,45.0,3.64
ORD-501404,20,tier_1_megacity,tiered_basket_subsidy,gamified_loyalty_bar,71.46,35.0,9.37
ORD-501405,18,tier_2_regional,dynamic_surge_multiplier,one_click_express,28.49,48.0,6.7
ORD-501406,15,tier_2_regional,tiered_basket_subsidy,gamified_loyalty_bar,33.92,28.0,7.67
ORD-501407,12,tier_1_megacity,fixed_low_fee,upsell_grid_modal,53.15,45.0,6.73
ORD-501408,22,tier_2_regional,fixed_low_fee,one_click_express,32.17,40.0,3.25
ORD-501409,9,tier_1_megacity,fixed_low_fee,one_click_express,36.82,44.0,4.08
ORD-501410,17,tier_1_megacity,dynamic_surge_multiplier,one_click_express,44.65,25.0,6.85
ORD-501411,21,tier_2_regional,fixed_low_fee,one_click_express,26.53,32.0,-0.0
ORD-501412,14,tier_1_megacity,tiered_basket_subsidy,one_click_express,12.01,35.0,1.76
ORD-501413,21,tier_1_megacity,dynamic_surge_multiplier,gamified_loyalty_bar,48.72,24.0,2.9
ORD-501414,22,tier_1_megacity,tiered_basket_subsidy,upsell_grid_modal,47.46,26.0,4.41
ORD-501415,12,tier_2_regional,tiered_basket_subsidy,gamified_loyalty_bar,53.27,-99.0,7.51
ORD-501416,8,tier_1_megacity,dynamic_surge_multiplier,gamified_loyalty_bar,22.46,22.0,10.36
ORD-501417,8,tier_1_megacity,fixed_low_fee,upsell_grid_modal,37.19,19.0,8.45
ORD-501418,16,tier_2_regional,tiered_basket_subsidy,gamified_loyalty_bar,35.32,39.0,7.03
ORD-501419,19,tier_1_megacity,tiered_basket_subsidy,one_click_express,38.1,21.0,3.17
ORD-501420,10,tier_3_small,dynamic_surge_multiplier,one_click_express,29.76,25.0,7.87
ORD-501421,20,tier_2_regional,tiered_basket_subsidy,gamified_loyalty_bar,38.55,32.0,7.03
ORD-501422,17,tier_3_small,fixed_low_fee,gamified_loyalty_bar,30.49,33.0,3.01
ORD-501423,15,tier_3_small,tiered_basket_subsidy,upsell_grid_modal,22.12,,3.53
ORD-501424,13,tier_2_regional,dynamic_surge_multiplier,upsell_grid_modal,14.99,31.0,-0.07
ORD-501425,14,tier_1_megacity,dynamic_surge_multiplier,one_click_express,46.61,26.0,7.39
ORD-501426,10,tier_1_megacity,dynamic_surge_multiplier,gamified_loyalty_bar,40.66,24.0,3.19
ORD-501427,22,tier_3_small,dynamic_surge_multiplier,upsell_grid_modal,20.27,38.0,3.07
ORD-501428,15,tier_2_regional,dynamic_surge_multiplier,upsell_grid_modal,34.35,19.0,5.52
ORD-501429,10,tier_3_small,tiered_basket_subsidy,upsell_grid_modal,20.22,17.0,2.02
ORD-501430,12,tier_1_megacity,fixed_low_fee,one_click_express,37.88,37.0,2.56
ORD-501431,9,tier_2_regional,dynamic_surge_multiplier,one_click_express,30.78,33.0,6.66
ORD-501432,13,tier_2_regional,fixed_low_fee,one_click_express,31.05,36.0,4.33
ORD-501433,13,tier_3_small,dynamic_surge_multiplier,upsell_grid_modal,15.65,17.0,2.27
ORD-501434,18,tier_1_megacity,fixed_low_fee,one_click_express,43.67,21.0,5.43
ORD-501435,22,tier_1_megacity,dynamic_surge_multiplier,gamified_loyalty_bar,39.38,35.0,4.28
ORD-501436,17,tier_3_small,tiered_basket_subsidy,upsell_grid_modal,24.93,51.0,3.24
ORD-501437,13,tier_2_regional,dynamic_surge_multiplier,upsell_grid_modal,20.95,24.0,8.82
ORD-501438,22,tier_2_regional,tiered_basket_subsidy,one_click_express,18.92,25.0,2.6
ORD-501439,21,tier_1_megacity,fixed_low_fee,gamified_loyalty_bar,38.15,30.0,1.82
ORD-501440,20,tier_1_megacity,tiered_basket_subsidy,one_click_express,37.61,41.0,2.26
ORD-501441,23,tier_1_megacity,dynamic_surge_multiplier,one_click_express,46.2,32.0,11.24
ORD-501442,8,tier_1_megacity,tiered_basket_subsidy,one_click_express,41.42,46.0,4.07
ORD-501443,21,tier_3_small,fixed_low_fee,one_click_express,8.0,36.0,4.03
ORD-501444,15,tier_1_megacity,dynamic_surge_multiplier,one_click_express,56.35,46.0,12.32
ORD-501445,12,tier_2_regional,fixed_low_fee,upsell_grid_modal,25.62,20.0,5.94
ORD-501446,19,tier_2_regional,dynamic_surge_multiplier,upsell_grid_modal,16.67,10.0,4.2
ORD-501447,14,tier_2_regional,tiered_basket_subsidy,gamified_loyalty_bar,36.8,47.0,10.86
ORD-501448,20,tier_3_small,dynamic_surge_multiplier,one_click_express,16.98,13.0,11.06
ORD-501449,11,tier_1_megacity,tiered_basket_subsidy,upsell_grid_modal,34.64,25.0,3.69
ORD-501450,17,tier_1_megacity,tiered_basket_subsidy,upsell_grid_modal,45.15,36.0,1.85
ORD-501451,16,tier_1_megacity,tiered_basket_subsidy,upsell_grid_modal,20.83,33.0,6.42
ORD-501452,20,tier_1_megacity,dynamic_surge_multiplier,gamified_loyalty_bar,37.36,24.0,8.28
ORD-501453,20,tier_3_small,tiered_basket_subsidy,gamified_loyalty_bar,36.92,38.0,9.25
ORD-501454,12,tier_1_megacity,dynamic_surge_multiplier,gamified_loyalty_bar,42.63,28.0,0.4
ORD-501455,18,tier_2_regional,tiered_basket_subsidy,gamified_loyalty_bar,48.83,24.0,3.44
ORD-501456,13,tier_1_megacity,tiered_basket_subsidy,gamified_loyalty_bar,56.27,40.0,5.45
ORD-501457,20,tier_2_regional,fixed_low_fee,upsell_grid_modal,47.54,20.0,3.38
ORD-501458,20,tier_3_small,dynamic_surge_multiplier,gamified_loyalty_bar,27.95,42.0,-0.52
ORD-501459,16,tier_2_regional,dynamic_surge_multiplier,upsell_grid_modal,9.78,26.0,2.49
ORD-501460,20,tier_1_megacity,tiered_basket_subsidy,one_click_express,44.53,42.0,6.61
ORD-501461,23,tier_2_regional,fixed_low_fee,one_click_express,31.2,33.0,1.64
ORD-501462,21,tier_2_regional,dynamic_surge_multiplier,gamified_loyalty_bar,38.74,26.0,7.55
ORD-501463,9,tier_1_megacity,fixed_low_fee,upsell_grid_modal,64.57,50.0,5.3
ORD-501464,9,tier_2_regional,fixed_low_fee,one_click_express,34.16,36.0,7.14
ORD-501465,15,tier_2_regional,dynamic_surge_multiplier,one_click_express,38.67,23.0,6.74
ORD-501466,16,tier_2_regional,dynamic_surge_multiplier,gamified_loyalty_bar,29.21,23.0,2.96
ORD-501467,10,tier_1_megacity,tiered_basket_subsidy,upsell_grid_modal,31.91,26.0,5.19
ORD-501468,16,tier_2_regional,tiered_basket_subsidy,gamified_loyalty_bar,37.43,26.0,12.23
ORD-501469,10,tier_1_megacity,dynamic_surge_multiplier,one_click_express,40.95,15.0,6.77
ORD-501470,21,tier_2_regional,fixed_low_fee,gamified_loyalty_bar,36.19,41.0,-0.61
ORD-501471,11,tier_1_megacity,dynamic_surge_multiplier,gamified_loyalty_bar,41.16,27.0,9.46
ORD-501472,8,tier_1_megacity,dynamic_surge_multiplier,one_click_express,38.39,32.0,13.4
ORD-501473,22,tier_2_regional,dynamic_surge_multiplier,upsell_grid_modal,20.98,31.0,-0.04
ORD-501474,12,tier_2_regional,tiered_basket_subsidy,one_click_express,19.56,24.0,6.29
ORD-501475,8,tier_1_megacity,tiered_basket_subsidy,gamified_loyalty_bar,44.19,38.0,3.58
ORD-501476,16,tier_1_megacity,tiered_basket_subsidy,one_click_express,48.32,30.0,5.26
ORD-501477,22,tier_1_megacity,dynamic_surge_multiplier,upsell_grid_modal,23.51,11.0,7.99
ORD-501478,8,tier_1_megacity,fixed_low_fee,gamified_loyalty_bar,37.93,25.0,1.27
ORD-501479,23,tier_2_regional,fixed_low_fee,upsell_grid_modal,37.45,36.0,6.69
ORD-501480,21,tier_1_megacity,fixed_low_fee,gamified_loyalty_bar,41.58,56.0,4.54
ORD-501481,21,tier_3_small,fixed_low_fee,upsell_grid_modal,27.51,44.0,7.01
ORD-501482,17,tier_1_megacity,tiered_basket_subsidy,one_click_express,41.46,38.0,6.1
ORD-501483,15,tier_3_small,tiered_basket_subsidy,gamified_loyalty_bar,35.87,28.0,10.5
ORD-501484,16,tier_3_small,tiered_basket_subsidy,gamified_loyalty_bar,33.82,23.0,14.36
ORD-501485,16,tier_1_megacity,dynamic_surge_multiplier,upsell_grid_modal,25.62,38.0,-2.54
ORD-501486,10,tier_3_small,fixed_low_fee,gamified_loyalty_bar,21.6,28.0,3.27
ORD-501487,14,tier_2_regional,tiered_basket_subsidy,gamified_loyalty_bar,50.08,21.0,7.58
ORD-501488,21,tier_1_megacity,tiered_basket_subsidy,upsell_grid_modal,52.02,23.0,5.43
ORD-501489,12,tier_3_small,fixed_low_fee,gamified_loyalty_bar,30.85,36.0,5.75
ORD-501490,16,tier_2_regional,tiered_basket_subsidy,gamified_loyalty_bar,35.59,17.0,8.92
ORD-501491,10,tier_1_megacity,tiered_basket_subsidy,one_click_express,21.06,21.0,3.18
ORD-501492,11,tier_2_regional,fixed_low_fee,upsell_grid_modal,38.29,27.0,2.75
ORD-501493,10,tier_1_megacity,tiered_basket_subsidy,one_click_express,46.66,23.0,6.13
ORD-501494,21,tier_1_megacity,tiered_basket_subsidy,gamified_loyalty_bar,59.65,36.0,9.04
ORD-501495,17,tier_1_megacity,dynamic_surge_multiplier,upsell_grid_modal,37.69,36.0,4.76
ORD-501496,8,tier_1_megacity,tiered_basket_subsidy,gamified_loyalty_bar,58.64,29.0,8.75
ORD-501497,10,tier_3_small,fixed_low_fee,upsell_grid_modal,24.02,23.0,3.37
ORD-501498,15,tier_1_megacity,fixed_low_fee,gamified_loyalty_bar,38.91,19.0,5.01
ORD-501499,11,tier_2_regional,tiered_basket_subsidy,upsell_grid_modal,24.66,,3.29
ORD-501500,8,tier_1_megacity,tiered_basket_subsidy,upsell_grid_modal,39.97,33.0,5.59
ORD-501501,18,tier_2_regional,dynamic_surge_multiplier,one_click_express,36.9,42.0,8.21
ORD-501502,11,tier_2_regional,fixed_low_fee,one_click_express,30.63,26.0,3.33
ORD-501503,14,tier_1_megacity,dynamic_surge_multiplier,upsell_grid_modal,36.97,45.0,9.44
ORD-501504,9,tier_1_megacity,dynamic_surge_multiplier,gamified_loyalty_bar,35.81,42.0,4.84
ORD-501505,18,tier_2_regional,dynamic_surge_multiplier,one_click_express,36.33,20.0,9.3
ORD-501506,8,tier_2_regional,tiered_basket_subsidy,one_click_express,32.57,30.0,3.64
ORD-501507,8,tier_3_small,fixed_low_fee,gamified_loyalty_bar,24.57,38.0,6.54
ORD-501508,19,tier_3_small,fixed_low_fee,gamified_loyalty_bar,28.55,28.0,4.07
ORD-501509,12,tier_1_megacity,dynamic_surge_multiplier,gamified_loyalty_bar,37.54,33.0,3.34
ORD-501510,11,tier_2_regional,dynamic_surge_multiplier,one_click_express,29.63,22.0,9.01
ORD-501511,16,tier_3_small,dynamic_surge_multiplier,upsell_grid_modal,10.04,22.0,-2.29
ORD-501512,22,tier_2_regional,fixed_low_fee,upsell_grid_modal,43.01,25.0,4.38
ORD-501513,14,tier_1_megacity,dynamic_surge_multiplier,upsell_grid_modal,18.1,20.0,-6.86
ORD-501514,12,tier_2_regional,tiered_basket_subsidy,one_click_express,21.2,47.0,5.19
ORD-501515,17,tier_2_regional,tiered_basket_subsidy,gamified_loyalty_bar,54.31,46.0,8.39
ORD-501516,19,tier_1_megacity,fixed_low_fee,one_click_express,33.81,39.0,3.62
ORD-501517,22,tier_2_regional,tiered_basket_subsidy,upsell_grid_modal,32.56,31.0,5.12
ORD-501518,21,tier_1_megacity,fixed_low_fee,upsell_grid_modal,70.5,33.0,7.49
ORD-501519,18,tier_1_megacity,fixed_low_fee,one_click_express,35.6,13.0,6.3
ORD-501520,19,tier_2_regional,dynamic_surge_multiplier,one_click_express,24.1,51.0,9.94
ORD-501521,17,tier_2_regional,fixed_low_fee,upsell_grid_modal,28.28,13.0,6.92
ORD-501522,17,tier_2_regional,tiered_basket_subsidy,one_click_express,26.64,36.0,7.36
ORD-501523,14,tier_2_regional,fixed_low_fee,upsell_grid_modal,34.52,33.0,3.64
ORD-501524,19,tier_1_megacity,dynamic_surge_multiplier,one_click_express,39.11,34.0,4.39
ORD-501525,16,tier_2_regional,tiered_basket_subsidy,gamified_loyalty_bar,57.12,19.0,10.84
ORD-501526,8,tier_1_megacity,fixed_low_fee,upsell_grid_modal,51.53,18.0,4.24
ORD-501527,13,tier_1_megacity,fixed_low_fee,gamified_loyalty_bar,39.02,38.0,6.19
ORD-501528,15,tier_1_megacity,dynamic_surge_multiplier,gamified_loyalty_bar,45.23,24.0,6.25
ORD-501529,22,tier_2_regional,tiered_basket_subsidy,gamified_loyalty_bar,34.47,15.0,9.73
ORD-501530,10,tier_1_megacity,fixed_low_fee,gamified_loyalty_bar,34.16,34.0,5.08
ORD-501531,9,tier_1_megacity,tiered_basket_subsidy,gamified_loyalty_bar,49.65,36.0,6.51
ORD-501532,15,tier_2_regional,fixed_low_fee,upsell_grid_modal,24.4,13.0,8.13
ORD-501533,20,tier_1_megacity,fixed_low_fee,gamified_loyalty_bar,31.0,19.0,3.87
ORD-501534,20,tier_1_megacity,dynamic_surge_multiplier,one_click_express,45.36,32.0,9.37
ORD-501535,11,tier_2_regional,tiered_basket_subsidy,one_click_express,27.73,24.0,1.07
ORD-501536,16,tier_2_regional,fixed_low_fee,upsell_grid_modal,35.16,23.0,5.8
ORD-501537,12,tier_1_megacity,tiered_basket_subsidy,upsell_grid_modal,26.52,44.0,5.55
ORD-501538,23,tier_2_regional,tiered_basket_subsidy,upsell_grid_modal,33.23,42.0,6.13
ORD-501539,8,tier_3_small,tiered_basket_subsidy,one_click_express,21.5,24.0,7.84
ORD-501540,19,tier_1_megacity,tiered_basket_subsidy,one_click_express,44.79,30.0,2.89
ORD-501541,14,tier_1_megacity,tiered_basket_subsidy,upsell_grid_modal,40.45,30.0,8.01
ORD-501542,14,tier_3_small,fixed_low_fee,gamified_loyalty_bar,24.13,28.0,5.66
ORD-501543,10,tier_2_regional,dynamic_surge_multiplier,one_click_express,39.22,15.0,12.01
ORD-501544,15,tier_2_regional,tiered_basket_subsidy,one_click_express,15.17,43.0,3.65
ORD-501545,8,tier_2_regional,dynamic_surge_multiplier,upsell_grid_modal,17.44,10.0,3.16
ORD-501546,23,tier_3_small,fixed_low_fee,upsell_grid_modal,34.22,34.0,5.95
ORD-501547,10,tier_1_megacity,dynamic_surge_multiplier,upsell_grid_modal,25.45,44.0,3.15
ORD-501548,21,tier_1_megacity,tiered_basket_subsidy,one_click_express,31.68,46.0,5.05
ORD-501549,9,tier_3_small,fixed_low_fee,gamified_loyalty_bar,27.23,47.0,5.33
ORD-501550,14,tier_1_megacity,dynamic_surge_multiplier,upsell_grid_modal,26.14,43.0,7.91
ORD-501551,8,tier_2_regional,dynamic_surge_multiplier,upsell_grid_modal,18.9,39.0,-0.33
ORD-501552,10,tier_3_small,fixed_low_fee,upsell_grid_modal,33.5,32.0,3.44
ORD-501553,17,tier_1_megacity,tiered_basket_subsidy,gamified_loyalty_bar,45.44,41.0,9.78
ORD-501554,16,tier_3_small,fixed_low_fee,gamified_loyalty_bar,20.49,31.0,2.03
ORD-501555,14,tier_2_regional,tiered_basket_subsidy,gamified_loyalty_bar,45.1,12.0,7.71
ORD-501556,12,tier_2_regional,fixed_low_fee,upsell_grid_modal,38.76,31.0,5.42
ORD-501557,18,tier_1_megacity,fixed_low_fee,gamified_loyalty_bar,17.5,24.0,4.59
ORD-501558,9,tier_1_megacity,tiered_basket_subsidy,one_click_express,40.13,35.0,4.68
ORD-501559,10,tier_1_megacity,fixed_low_fee,gamified_loyalty_bar,50.12,16.0,6.58
ORD-501560,15,tier_3_small,tiered_basket_subsidy,gamified_loyalty_bar,36.35,34.0,5.77
ORD-501561,16,tier_2_regional,tiered_basket_subsidy,gamified_loyalty_bar,46.19,27.0,8.33
ORD-501562,8,tier_3_small,fixed_low_fee,gamified_loyalty_bar,29.41,38.0,5.79
ORD-501563,18,tier_1_megacity,tiered_basket_subsidy,gamified_loyalty_bar,57.39,36.0,9.08
ORD-501564,20,tier_1_megacity,tiered_basket_subsidy,one_click_express,53.28,54.0,6.53
ORD-501565,11,tier_2_regional,dynamic_surge_multiplier,upsell_grid_modal,8.0,25.0,3.75
ORD-501566,12,tier_1_megacity,tiered_basket_subsidy,upsell_grid_modal,17.69,20.0,5.12
ORD-501567,22,tier_2_regional,tiered_basket_subsidy,upsell_grid_modal,29.48,35.0,4.55
ORD-501568,12,tier_2_regional,fixed_low_fee,gamified_loyalty_bar,23.7,41.0,2.08
ORD-501569,18,tier_2_regional,fixed_low_fee,upsell_grid_modal,27.32,32.0,5.7
ORD-501570,18,tier_2_regional,fixed_low_fee,one_click_express,35.65,39.0,1.99
ORD-501571,13,tier_1_megacity,tiered_basket_subsidy,one_click_express,29.51,31.0,5.1
ORD-501572,11,tier_1_megacity,dynamic_surge_multiplier,gamified_loyalty_bar,50.0,20.0,2.91
ORD-501573,14,tier_2_regional,tiered_basket_subsidy,upsell_grid_modal,27.29,47.0,4.24
ORD-501574,20,tier_2_regional,dynamic_surge_multiplier,upsell_grid_modal,14.32,,1.26
ORD-501575,8,tier_2_regional,dynamic_surge_multiplier,upsell_grid_modal,25.56,18.0,7.45
ORD-501576,8,tier_3_small,dynamic_surge_multiplier,one_click_express,29.46,24.0,6.05
ORD-501577,12,tier_2_regional,dynamic_surge_multiplier,upsell_grid_modal,23.82,28.0,3.66
ORD-501578,16,tier_2_regional,fixed_low_fee,one_click_express,33.83,55.0,5.06
ORD-501579,18,tier_2_regional,dynamic_surge_multiplier,gamified_loyalty_bar,31.39,27.0,7.23
ORD-501580,11,tier_1_megacity,dynamic_surge_multiplier,upsell_grid_modal,22.24,25.0,6.48
ORD-501581,18,tier_1_megacity,dynamic_surge_multiplier,upsell_grid_modal,39.93,33.0,-2.42
ORD-501582,20,tier_1_megacity,fixed_low_fee,upsell_grid_modal,38.78,15.0,7.05
ORD-501583,10,tier_3_small,fixed_low_fee,gamified_loyalty_bar,29.61,29.0,5.92
ORD-501584,11,tier_1_megacity,tiered_basket_subsidy,one_click_express,51.65,20.0,6.78
ORD-501585,16,tier_1_megacity,dynamic_surge_multiplier,gamified_loyalty_bar,40.81,29.0,6.09
ORD-501586,9,tier_1_megacity,dynamic_surge_multiplier,one_click_express,37.89,30.0,5.33
ORD-501587,16,tier_1_megacity,fixed_low_fee,gamified_loyalty_bar,44.33,41.0,5.54
ORD-501588,12,tier_2_regional,dynamic_surge_multiplier,one_click_express,26.99,40.0,10.81
ORD-501589,16,tier_2_regional,fixed_low_fee,gamified_loyalty_bar,36.53,55.0,2.97
ORD-501590,17,tier_1_megacity,fixed_low_fee,one_click_express,32.77,,4.21
ORD-501591,12,tier_1_megacity,fixed_low_fee,gamified_loyalty_bar,35.33,33.0,4.1
ORD-501592,14,tier_3_small,dynamic_surge_multiplier,one_click_express,20.82,40.0,5.73
ORD-501593,11,tier_2_regional,dynamic_surge_multiplier,gamified_loyalty_bar,24.09,15.0,6.89
ORD-501594,14,tier_2_regional,dynamic_surge_multiplier,one_click_express,26.87,40.0,5.22
ORD-501595,16,tier_1_megacity,dynamic_surge_multiplier,one_click_express,39.3,23.0,8.96
ORD-501596,22,tier_2_regional,tiered_basket_subsidy,gamified_loyalty_bar,40.76,40.0,10.14
ORD-501597,9,tier_2_regional,dynamic_surge_multiplier,one_click_express,45.68,25.0,12.65
ORD-501598,10,tier_1_megacity,tiered_basket_subsidy,one_click_express,30.11,48.0,4.45
ORD-501599,23,tier_1_megacity,dynamic_surge_multiplier,one_click_express,45.03,19.0,12.98
ORD-501600,18,tier_2_regional,dynamic_surge_multiplier,gamified_loyalty_bar,32.96,21.0,5.94
ORD-501601,23,tier_1_megacity,dynamic_surge_multiplier,gamified_loyalty_bar,28.54,22.0,4.38
ORD-501602,14,tier_1_megacity,dynamic_surge_multiplier,upsell_grid_modal,38.96,24.0,0.58
ORD-501603,17,tier_1_megacity,fixed_low_fee,upsell_grid_modal,53.75,35.0,5.53
ORD-501604,11,tier_3_small,dynamic_surge_multiplier,upsell_grid_modal,13.26,43.0,4.87
ORD-501605,17,tier_3_small,fixed_low_fee,gamified_loyalty_bar,18.48,26.0,1.93
ORD-501606,18,tier_1_megacity,fixed_low_fee,gamified_loyalty_bar,42.41,47.0,6.77
ORD-501607,11,tier_1_megacity,tiered_basket_subsidy,one_click_express,49.25,27.0,1.04
ORD-501608,11,tier_2_regional,dynamic_surge_multiplier,upsell_grid_modal,19.39,26.0,5.47
ORD-501609,19,tier_2_regional,tiered_basket_subsidy,upsell_grid_modal,11.48,55.0,1.36
ORD-501610,22,tier_2_regional,fixed_low_fee,gamified_loyalty_bar,31.89,20.0,7.18
ORD-501611,20,tier_2_regional,tiered_basket_subsidy,upsell_grid_modal,25.21,36.0,2.65
ORD-501612,17,tier_2_regional,tiered_basket_subsidy,one_click_express,33.43,24.0,2.51
ORD-501613,14,tier_3_small,tiered_basket_subsidy,one_click_express,25.21,31.0,2.16
ORD-501614,22,tier_1_megacity,tiered_basket_subsidy,gamified_loyalty_bar,49.35,25.0,8.9
ORD-501615,13,tier_2_regional,tiered_basket_subsidy,one_click_express,28.83,37.0,6.73
ORD-501616,12,tier_2_regional,dynamic_surge_multiplier,upsell_grid_modal,11.83,46.0,2.53
ORD-501617,19,tier_1_megacity,fixed_low_fee,upsell_grid_modal,48.24,21.0,8.41
ORD-501618,10,tier_3_small,fixed_low_fee,upsell_grid_modal,26.8,27.0,5.41
ORD-501619,9,tier_1_megacity,fixed_low_fee,upsell_grid_modal,43.11,33.0,10.01
ORD-501620,8,tier_2_regional,dynamic_surge_multiplier,upsell_grid_modal,33.7,33.0,4.31
ORD-501621,13,tier_1_megacity,dynamic_surge_multiplier,gamified_loyalty_bar,57.85,35.0,3.55
ORD-501622,16,tier_1_megacity,dynamic_surge_multiplier,one_click_express,53.27,37.0,13.54
ORD-501623,11,tier_3_small,dynamic_surge_multiplier,upsell_grid_modal,18.4,24.0,-1.46
ORD-501624,19,tier_1_megacity,fixed_low_fee,one_click_express,51.51,13.0,4.88
ORD-501625,13,tier_2_regional,tiered_basket_subsidy,upsell_grid_modal,8.0,19.0,5.05
ORD-501626,12,tier_1_megacity,dynamic_surge_multiplier,one_click_express,55.19,33.0,12.18
ORD-501627,10,tier_2_regional,dynamic_surge_multiplier,gamified_loyalty_bar,23.93,20.0,6.68
ORD-501628,8,tier_2_regional,dynamic_surge_multiplier,upsell_grid_modal,17.42,17.0,5.3
ORD-501629,9,tier_3_small,fixed_low_fee,one_click_express,29.46,28.0,7.56
ORD-501630,9,tier_1_megacity,fixed_low_fee,one_click_express,38.9,40.0,2.63
ORD-501631,13,tier_1_megacity,tiered_basket_subsidy,upsell_grid_modal,26.09,42.0,5.41
ORD-501632,19,tier_1_megacity,fixed_low_fee,one_click_express,43.68,38.0,-0.7
ORD-501633,17,tier_1_megacity,fixed_low_fee,gamified_loyalty_bar,38.59,41.0,1.6
ORD-501634,11,tier_2_regional,fixed_low_fee,gamified_loyalty_bar,32.83,25.0,5.94
ORD-501635,13,tier_1_megacity,fixed_low_fee,upsell_grid_modal,52.33,26.0,6.14
ORD-501636,20,tier_1_megacity,dynamic_surge_multiplier,gamified_loyalty_bar,29.93,27.0,5.99
ORD-501637,8,tier_2_regional,tiered_basket_subsidy,gamified_loyalty_bar,44.21,31.0,10.66
ORD-501638,18,tier_1_megacity,tiered_basket_subsidy,upsell_grid_modal,38.89,14.0,4.44
ORD-501639,11,tier_2_regional,fixed_low_fee,upsell_grid_modal,30.46,43.0,5.09
ORD-501640,17,tier_1_megacity,dynamic_surge_multiplier,upsell_grid_modal,18.18,37.0,-1.67
ORD-501641,13,tier_1_megacity,fixed_low_fee,gamified_loyalty_bar,45.24,22.0,5.33
ORD-501642,12,tier_2_regional,dynamic_surge_multiplier,one_click_express,26.86,36.0,9.02
ORD-501643,15,tier_2_regional,tiered_basket_subsidy,one_click_express,26.09,18.0,6.98
ORD-501644,13,tier_3_small,fixed_low_fee,one_click_express,17.97,11.0,6.17
ORD-501645,15,tier_1_megacity,fixed_low_fee,gamified_loyalty_bar,34.52,19.0,6.38
ORD-501646,14,tier_1_megacity,dynamic_surge_multiplier,upsell_grid_modal,28.04,32.0,-2.43
ORD-501647,23,tier_1_megacity,tiered_basket_subsidy,one_click_express,27.08,18.0,3.67
ORD-501648,11,tier_2_regional,dynamic_surge_multiplier,upsell_grid_modal,23.72,28.0,7.79
ORD-501649,8,tier_1_megacity,tiered_basket_subsidy,gamified_loyalty_bar,56.61,28.0,7.38
ORD-501650,17,tier_2_regional,dynamic_surge_multiplier,one_click_express,19.03,31.0,8.96
ORD-501651,9,tier_2_regional,fixed_low_fee,gamified_loyalty_bar,31.87,10.0,7.77
ORD-501652,22,tier_2_regional,tiered_basket_subsidy,gamified_loyalty_bar,594.91,37.0,250.67
ORD-501653,23,tier_2_regional,tiered_basket_subsidy,one_click_express,35.22,28.0,7.14
ORD-501654,20,tier_1_megacity,tiered_basket_subsidy,one_click_express,27.62,13.0,5.32
ORD-501655,20,tier_2_regional,dynamic_surge_multiplier,one_click_express,27.68,23.0,4.56
ORD-501656,16,tier_1_megacity,dynamic_surge_multiplier,upsell_grid_modal,30.85,32.0,2.97
ORD-501657,9,tier_1_megacity,dynamic_surge_multiplier,upsell_grid_modal,21.28,42.0,-0.2
ORD-501658,19,tier_3_small,fixed_low_fee,one_click_express,14.13,33.0,6.57
ORD-501659,18,tier_3_small,tiered_basket_subsidy,one_click_express,15.63,35.0,2.67
ORD-501660,18,tier_2_regional,dynamic_surge_multiplier,upsell_grid_modal,31.28,31.0,2.28
ORD-501661,14,tier_1_megacity,dynamic_surge_multiplier,upsell_grid_modal,36.43,28.0,-1.87
ORD-501662,8,tier_3_small,fixed_low_fee,one_click_express,22.85,23.0,8.43
ORD-501663,14,tier_3_small,dynamic_surge_multiplier,upsell_grid_modal,14.08,20.0,6.33
ORD-501664,18,tier_1_megacity,tiered_basket_subsidy,gamified_loyalty_bar,57.81,45.0,7.81
ORD-501665,8,tier_1_megacity,dynamic_surge_multiplier,one_click_express,46.15,14.0,9.46
ORD-501666,8,tier_2_regional,tiered_basket_subsidy,one_click_express,24.67,37.0,6.1
ORD-501667,16,tier_3_small,dynamic_surge_multiplier,one_click_express,23.91,19.0,14.57
ORD-501668,12,tier_2_regional,dynamic_surge_multiplier,gamified_loyalty_bar,23.03,20.0,1.78
ORD-501669,23,tier_3_small,fixed_low_fee,upsell_grid_modal,32.98,41.0,8.5
ORD-501670,20,tier_1_megacity,tiered_basket_subsidy,gamified_loyalty_bar,47.79,40.0,8.17
ORD-501671,15,tier_1_megacity,dynamic_surge_multiplier,gamified_loyalty_bar,33.18,,12.27
ORD-501672,18,tier_2_regional,fixed_low_fee,gamified_loyalty_bar,31.11,19.0,4.75
ORD-501673,12,tier_3_small,dynamic_surge_multiplier,upsell_grid_modal,23.1,10.0,-5.32
ORD-501674,20,tier_2_regional,tiered_basket_subsidy,upsell_grid_modal,30.34,35.0,4.98
ORD-501675,11,tier_2_regional,dynamic_surge_multiplier,one_click_express,34.33,19.0,7.46
ORD-501676,9,tier_1_megacity,fixed_low_fee,upsell_grid_modal,45.66,29.0,5.95
ORD-501677,21,tier_2_regional,fixed_low_fee,upsell_grid_modal,38.78,22.0,4.51
ORD-501678,13,tier_2_regional,tiered_basket_subsidy,one_click_express,32.46,31.0,8.26
ORD-501679,9,tier_2_regional,tiered_basket_subsidy,one_click_express,24.82,26.0,5.15
ORD-501680,12,tier_1_megacity,dynamic_surge_multiplier,gamified_loyalty_bar,52.95,37.0,3.97
ORD-501681,8,tier_1_megacity,dynamic_surge_multiplier,upsell_grid_modal,22.27,26.0,-0.73
ORD-501682,17,tier_2_regional,dynamic_surge_multiplier,upsell_grid_modal,27.33,30.0,-3.61
ORD-501683,9,tier_2_regional,dynamic_surge_multiplier,one_click_express,30.4,11.0,6.01
ORD-501684,17,tier_3_small,tiered_basket_subsidy,upsell_grid_modal,30.42,32.0,7.15
ORD-501685,13,tier_2_regional,dynamic_surge_multiplier,upsell_grid_modal,14.24,27.0,4.78
ORD-501686,19,tier_1_megacity,fixed_low_fee,gamified_loyalty_bar,42.3,38.0,3.18
ORD-501687,22,tier_3_small,tiered_basket_subsidy,upsell_grid_modal,12.99,39.0,7.39
ORD-501688,20,tier_3_small,tiered_basket_subsidy,gamified_loyalty_bar,38.63,46.0,7.25
ORD-501689,20,tier_1_megacity,fixed_low_fee,one_click_express,35.91,27.0,5.78
ORD-501690,20,tier_2_regional,fixed_low_fee,one_click_express,30.54,42.0,2.74
ORD-501691,14,tier_2_regional,dynamic_surge_multiplier,one_click_express,30.19,28.0,10.73
ORD-501692,15,tier_2_regional,fixed_low_fee,gamified_loyalty_bar,21.18,23.0,3.97
ORD-501693,11,tier_1_megacity,dynamic_surge_multiplier,gamified_loyalty_bar,48.76,18.0,9.15
ORD-501694,14,tier_1_megacity,dynamic_surge_multiplier,gamified_loyalty_bar,44.52,33.0,8.38
ORD-501695,19,tier_1_megacity,tiered_basket_subsidy,one_click_express,39.88,36.0,6.69
ORD-501696,9,tier_1_megacity,fixed_low_fee,upsell_grid_modal,45.91,10.0,4.91
ORD-501697,13,tier_1_megacity,fixed_low_fee,gamified_loyalty_bar,44.87,25.0,5.0
ORD-501698,14,tier_2_regional,dynamic_surge_multiplier,upsell_grid_modal,16.77,17.0,6.94
ORD-501699,11,tier_1_megacity,dynamic_surge_multiplier,upsell_grid_modal,30.47,30.0,0.03
ORD-501700,19,tier_3_small,fixed_low_fee,one_click_express,28.73,33.0,0.96
ORD-501701,23,tier_3_small,fixed_low_fee,gamified_loyalty_bar,20.96,41.0,4.93
ORD-501702,11,tier_1_megacity,tiered_basket_subsidy,gamified_loyalty_bar,71.27,27.0,10.13
ORD-501703,23,tier_2_regional,fixed_low_fee,gamified_loyalty_bar,26.08,25.0,2.0
ORD-501704,21,tier_1_megacity,tiered_basket_subsidy,upsell_grid_modal,34.45,31.0,4.22
ORD-501705,12,tier_2_regional,dynamic_surge_multiplier,upsell_grid_modal,37.8,30.0,-2.94
ORD-501706,20,tier_2_regional,tiered_basket_subsidy,gamified_loyalty_bar,44.6,25.0,11.01
ORD-501707,12,tier_1_megacity,tiered_basket_subsidy,one_click_express,44.91,27.0,0.44
ORD-501708,15,tier_1_megacity,fixed_low_fee,one_click_express,49.66,37.0,1.99
ORD-501709,23,tier_2_regional,fixed_low_fee,gamified_loyalty_bar,29.85,44.0,3.78
ORD-501710,23,tier_2_regional,dynamic_surge_multiplier,gamified_loyalty_bar,22.16,24.0,0.36
ORD-501711,18,tier_1_megacity,dynamic_surge_multiplier,upsell_grid_modal,33.65,25.0,5.66
ORD-501712,8,tier_1_megacity,dynamic_surge_multiplier,upsell_grid_modal,37.34,32.0,-1.78
ORD-501713,18,tier_2_regional,dynamic_surge_multiplier,upsell_grid_modal,23.87,45.0,-0.58
ORD-501714,15,tier_2_regional,fixed_low_fee,upsell_grid_modal,32.82,29.0,6.14
ORD-501715,22,tier_2_regional,tiered_basket_subsidy,upsell_grid_modal,42.69,42.0,5.15
ORD-501716,9,tier_2_regional,tiered_basket_subsidy,one_click_express,28.78,27.0,6.05
ORD-501717,16,,fixed_low_fee,upsell_grid_modal,33.65,37.0,5.24
ORD-501718,10,tier_3_small,dynamic_surge_multiplier,gamified_loyalty_bar,23.97,15.0,2.03
ORD-501719,19,tier_3_small,fixed_low_fee,one_click_express,13.05,33.0,3.68
ORD-501720,10,tier_3_small,tiered_basket_subsidy,upsell_grid_modal,29.78,10.0,6.9
ORD-501721,16,tier_1_megacity,dynamic_surge_multiplier,upsell_grid_modal,29.84,43.0,7.53
ORD-501722,20,tier_3_small,tiered_basket_subsidy,one_click_express,27.74,34.0,2.78
ORD-501723,12,tier_2_regional,dynamic_surge_multiplier,gamified_loyalty_bar,13.12,54.0,9.93
ORD-501724,22,tier_2_regional,fixed_low_fee,upsell_grid_modal,23.51,39.0,8.45
ORD-501725,13,tier_1_megacity,fixed_low_fee,upsell_grid_modal,58.87,22.0,8.3
ORD-501726,21,tier_1_megacity,fixed_low_fee,one_click_express,39.13,29.0,1.65
ORD-501727,18,tier_1_megacity,fixed_low_fee,gamified_loyalty_bar,40.72,34.0,5.66
ORD-501728,10,tier_1_megacity,dynamic_surge_multiplier,gamified_loyalty_bar,554.96,36.0,138.08
ORD-501729,21,tier_1_megacity,fixed_low_fee,upsell_grid_modal,46.55,30.0,5.99
ORD-501730,12,tier_2_regional,dynamic_surge_multiplier,upsell_grid_modal,19.45,34.0,-0.64
ORD-501731,8,tier_2_regional,fixed_low_fee,upsell_grid_modal,37.18,23.0,4.61
ORD-501732,10,tier_1_megacity,fixed_low_fee,one_click_express,41.61,42.0,4.32
ORD-501733,18,tier_1_megacity,fixed_low_fee,gamified_loyalty_bar,40.57,33.0,3.63
ORD-501734,18,tier_3_small,dynamic_surge_multiplier,gamified_loyalty_bar,21.84,26.0,3.93
ORD-501735,21,tier_2_regional,dynamic_surge_multiplier,upsell_grid_modal,14.69,36.0,0.53
ORD-501736,11,tier_2_regional,dynamic_surge_multiplier,one_click_express,28.95,45.0,0.07
ORD-501737,21,tier_1_megacity,fixed_low_fee,gamified_loyalty_bar,26.22,49.0,3.07
ORD-501738,12,tier_2_regional,fixed_low_fee,upsell_grid_modal,35.32,41.0,5.48
ORD-501739,19,tier_2_regional,tiered_basket_subsidy,one_click_express,28.65,29.0,4.39
ORD-501740,20,tier_3_small,dynamic_surge_multiplier,one_click_express,26.34,41.0,21.33
ORD-501741,13,tier_2_regional,fixed_low_fee,one_click_express,33.38,25.0,4.22
ORD-501742,20,tier_1_megacity,tiered_basket_subsidy,one_click_express,38.24,35.0,7.02
ORD-501743,13,tier_2_regional,fixed_low_fee,one_click_express,19.98,35.0,3.49
ORD-501744,12,tier_2_regional,tiered_basket_subsidy,gamified_loyalty_bar,53.89,34.0,9.37
ORD-501745,21,tier_1_megacity,fixed_low_fee,gamified_loyalty_bar,32.16,42.0,6.9
ORD-501746,13,tier_2_regional,fixed_low_fee,upsell_grid_modal,43.8,39.0,1.73
ORD-501747,15,tier_1_megacity,fixed_low_fee,one_click_express,31.36,53.0,5.98
ORD-501748,11,tier_1_megacity,fixed_low_fee,gamified_loyalty_bar,42.1,34.0,6.55
ORD-501749,8,tier_3_small,dynamic_surge_multiplier,upsell_grid_modal,20.66,19.0,0.27
ORD-501750,14,tier_1_megacity,tiered_basket_subsidy,one_click_express,29.0,23.0,6.8
ORD-501751,16,tier_3_small,tiered_basket_subsidy,one_click_express,18.16,34.0,4.53
ORD-501752,9,tier_1_megacity,dynamic_surge_multiplier,upsell_grid_modal,32.41,35.0,-0.55
ORD-501753,16,tier_2_regional,dynamic_surge_multiplier,gamified_loyalty_bar,21.38,31.0,4.81
ORD-501754,23,tier_2_regional,fixed_low_fee,one_click_express,35.78,48.0,6.24
ORD-501755,17,tier_1_megacity,tiered_basket_subsidy,one_click_express,27.78,34.0,5.44
ORD-501756,17,tier_1_megacity,tiered_basket_subsidy,upsell_grid_modal,37.32,35.0,5.74
ORD-501757,11,tier_3_small,fixed_low_fee,gamified_loyalty_bar,30.75,50.0,4.94
ORD-501758,16,tier_2_regional,tiered_basket_subsidy,upsell_grid_modal,33.76,29.0,9.18
ORD-501759,17,tier_1_megacity,dynamic_surge_multiplier,gamified_loyalty_bar,35.53,39.0,6.66
ORD-501760,18,tier_2_regional,dynamic_surge_multiplier,upsell_grid_modal,15.52,38.0,10.1
ORD-501761,18,tier_2_regional,dynamic_surge_multiplier,upsell_grid_modal,24.38,34.0,4.13
ORD-501762,17,tier_1_megacity,tiered_basket_subsidy,one_click_express,45.2,34.0,6.25
ORD-501763,15,tier_2_regional,fixed_low_fee,one_click_express,25.37,28.0,3.87
ORD-501764,12,tier_1_megacity,dynamic_surge_multiplier,upsell_grid_modal,45.39,17.0,6.48
ORD-501765,17,tier_2_regional,dynamic_surge_multiplier,gamified_loyalty_bar,30.02,42.0,1.31
ORD-501766,8,tier_2_regional,tiered_basket_subsidy,upsell_grid_modal,28.89,52.0,4.85
ORD-501767,13,tier_2_regional,fixed_low_fee,one_click_express,36.96,34.0,4.54
ORD-501768,13,tier_1_megacity,tiered_basket_subsidy,upsell_grid_modal,18.31,32.0,3.92
ORD-501769,12,tier_3_small,tiered_basket_subsidy,one_click_express,26.49,36.0,2.87
ORD-501770,9,tier_2_regional,dynamic_surge_multiplier,gamified_loyalty_bar,27.9,33.0,10.61
ORD-501771,20,tier_1_megacity,dynamic_surge_multiplier,one_click_express,54.44,34.0,10.47
ORD-501772,18,tier_2_regional,tiered_basket_subsidy,upsell_grid_modal,30.08,30.0,3.37
ORD-501773,22,tier_2_regional,fixed_low_fee,gamified_loyalty_bar,21.49,37.0,3.61
ORD-501774,10,tier_3_small,dynamic_surge_multiplier,upsell_grid_modal,15.6,37.0,-0.34
ORD-501775,11,tier_2_regional,dynamic_surge_multiplier,upsell_grid_modal,15.74,47.0,-0.59
ORD-501776,19,tier_2_regional,fixed_low_fee,one_click_express,31.43,36.0,4.1
ORD-501777,10,tier_2_regional,fixed_low_fee,one_click_express,18.09,21.0,1.56
ORD-501778,19,tier_2_regional,fixed_low_fee,upsell_grid_modal,39.19,45.0,1.22
ORD-501779,10,tier_2_regional,dynamic_surge_multiplier,gamified_loyalty_bar,27.79,12.0,8.13
ORD-501780,16,tier_3_small,fixed_low_fee,one_click_express,33.79,43.0,2.35
ORD-501781,14,tier_1_megacity,dynamic_surge_multiplier,one_click_express,28.71,21.0,10.1
ORD-501782,19,tier_1_megacity,fixed_low_fee,gamified_loyalty_bar,40.46,31.0,2.8
ORD-501783,19,tier_2_regional,fixed_low_fee,gamified_loyalty_bar,41.09,38.0,3.21
ORD-501784,19,tier_1_megacity,tiered_basket_subsidy,one_click_express,40.2,22.0,4.61
ORD-501785,13,tier_2_regional,dynamic_surge_multiplier,upsell_grid_modal,26.29,38.0,0.08
ORD-501786,13,tier_1_megacity,tiered_basket_subsidy,one_click_express,44.65,36.0,2.84
ORD-501787,20,tier_1_megacity,fixed_low_fee,one_click_express,38.9,12.0,3.35
ORD-501788,16,tier_1_megacity,fixed_low_fee,gamified_loyalty_bar,38.13,51.0,5.55
ORD-501789,15,tier_1_megacity,dynamic_surge_multiplier,upsell_grid_modal,26.85,40.0,5.88
ORD-501790,22,tier_1_megacity,tiered_basket_subsidy,gamified_loyalty_bar,53.42,40.0,8.45
ORD-501791,8,tier_1_megacity,dynamic_surge_multiplier,one_click_express,42.54,44.0,11.09
ORD-501792,20,tier_1_megacity,dynamic_surge_multiplier,gamified_loyalty_bar,41.63,14.0,2.95
ORD-501793,9,tier_1_megacity,tiered_basket_subsidy,gamified_loyalty_bar,36.28,24.0,7.81
ORD-501794,8,tier_1_megacity,tiered_basket_subsidy,upsell_grid_modal,41.08,25.0,2.29
ORD-501795,13,tier_2_regional,dynamic_surge_multiplier,upsell_grid_modal,26.12,21.0,3.11
ORD-501796,20,tier_1_megacity,fixed_low_fee,gamified_loyalty_bar,26.08,31.0,4.7
ORD-501797,10,tier_3_small,dynamic_surge_multiplier,one_click_express,20.85,18.0,11.89
ORD-501798,20,tier_1_megacity,tiered_basket_subsidy,gamified_loyalty_bar,64.07,33.0,10.75
ORD-501799,10,tier_1_megacity,fixed_low_fee,upsell_grid_modal,51.74,35.0,4.25
ORD-501800,18,tier_1_megacity,tiered_basket_subsidy,gamified_loyalty_bar,48.3,40.0,10.69
ORD-501801,14,tier_1_megacity,dynamic_surge_multiplier,one_click_express,45.01,29.0,8.66
ORD-501802,11,tier_2_regional,fixed_low_fee,upsell_grid_modal,33.66,19.0,4.85
ORD-501803,20,tier_3_small,tiered_basket_subsidy,upsell_grid_modal,18.5,35.0,2.29
ORD-501804,13,tier_3_small,dynamic_surge_multiplier,one_click_express,26.19,27.0,10.03
ORD-501805,23,tier_1_megacity,tiered_basket_subsidy,one_click_express,48.02,16.0,3.65
ORD-501806,10,tier_1_megacity,fixed_low_fee,gamified_loyalty_bar,43.44,42.0,5.98
ORD-501807,13,tier_2_regional,fixed_low_fee,upsell_grid_modal,18.6,24.0,8.48
ORD-501808,23,tier_1_megacity,fixed_low_fee,upsell_grid_modal,53.13,34.0,4.11
ORD-501809,16,tier_1_megacity,tiered_basket_subsidy,gamified_loyalty_bar,53.12,30.0,9.53
ORD-501810,11,tier_2_regional,fixed_low_fee,one_click_express,38.14,44.0,7.93
ORD-501811,12,tier_1_megacity,tiered_basket_subsidy,one_click_express,46.86,28.0,-0.76
ORD-501812,9,tier_2_regional,fixed_low_fee,one_click_express,31.4,29.0,3.99
ORD-501813,16,tier_1_megacity,tiered_basket_subsidy,upsell_grid_modal,49.77,,3.85
ORD-501814,16,tier_1_megacity,fixed_low_fee,upsell_grid_modal,54.26,19.0,8.19
ORD-501815,10,tier_1_megacity,fixed_low_fee,upsell_grid_modal,37.45,27.0,8.24
ORD-501816,22,tier_1_megacity,fixed_low_fee,gamified_loyalty_bar,48.12,29.0,4.63
ORD-501817,12,tier_2_regional,tiered_basket_subsidy,one_click_express,29.22,25.0,6.76
ORD-501818,13,tier_3_small,fixed_low_fee,gamified_loyalty_bar,15.22,23.0,2.7
ORD-501819,12,tier_2_regional,dynamic_surge_multiplier,gamified_loyalty_bar,29.3,31.0,8.65
ORD-501820,21,tier_1_megacity,tiered_basket_subsidy,gamified_loyalty_bar,64.64,35.0,5.22
ORD-501821,17,tier_2_regional,fixed_low_fee,one_click_express,27.64,34.0,4.52
ORD-501822,22,tier_2_regional,tiered_basket_subsidy,gamified_loyalty_bar,33.96,33.0,9.06
ORD-501823,9,tier_2_regional,fixed_low_fee,one_click_express,27.38,28.0,6.62
ORD-501824,21,tier_1_megacity,tiered_basket_subsidy,upsell_grid_modal,39.03,35.0,2.02
ORD-501825,22,tier_2_regional,fixed_low_fee,one_click_express,15.92,36.0,1.42
ORD-501826,8,tier_1_megacity,fixed_low_fee,gamified_loyalty_bar,45.25,35.0,3.17
ORD-501827,9,tier_1_megacity,dynamic_surge_multiplier,one_click_express,36.67,33.0,10.99
ORD-501828,8,tier_3_small,fixed_low_fee,gamified_loyalty_bar,32.91,28.0,4.86
ORD-501829,19,tier_2_regional,fixed_low_fee,one_click_express,30.88,35.0,2.78
ORD-501830,13,tier_3_small,tiered_basket_subsidy,one_click_express,23.64,30.0,3.35
ORD-501831,23,tier_1_megacity,dynamic_surge_multiplier,one_click_express,42.77,33.0,7.87
ORD-501832,21,tier_1_megacity,fixed_low_fee,one_click_express,24.06,22.0,5.22
ORD-501833,17,tier_1_megacity,fixed_low_fee,upsell_grid_modal,35.52,43.0,5.17
ORD-501834,23,tier_1_megacity,fixed_low_fee,one_click_express,15.84,37.0,4.96
ORD-501835,16,tier_2_regional,tiered_basket_subsidy,gamified_loyalty_bar,37.09,37.0,8.55
ORD-501836,9,tier_1_megacity,dynamic_surge_multiplier,gamified_loyalty_bar,39.81,37.0,14.92
ORD-501837,23,tier_3_small,dynamic_surge_multiplier,gamified_loyalty_bar,25.15,49.0,6.11
ORD-501838,12,tier_2_regional,tiered_basket_subsidy,gamified_loyalty_bar,38.3,17.0,4.78
ORD-501839,19,tier_2_regional,dynamic_surge_multiplier,upsell_grid_modal,22.09,41.0,4.86
ORD-501840,13,tier_1_megacity,dynamic_surge_multiplier,gamified_loyalty_bar,29.47,28.0,6.29
ORD-501841,18,tier_1_megacity,fixed_low_fee,gamified_loyalty_bar,51.46,26.0,2.49
ORD-501842,18,tier_1_megacity,fixed_low_fee,upsell_grid_modal,43.24,19.0,6.36
ORD-501843,23,tier_2_regional,fixed_low_fee,one_click_express,30.12,44.0,2.53
ORD-501844,15,tier_3_small,tiered_basket_subsidy,upsell_grid_modal,24.46,46.0,4.99
ORD-501845,17,tier_3_small,tiered_basket_subsidy,upsell_grid_modal,20.22,26.0,6.04
ORD-501846,12,tier_3_small,dynamic_surge_multiplier,upsell_grid_modal,9.32,27.0,1.55
ORD-501847,10,tier_1_megacity,tiered_basket_subsidy,one_click_express,25.12,28.0,5.9
ORD-501848,13,tier_1_megacity,fixed_low_fee,gamified_loyalty_bar,36.3,29.0,1.9
ORD-501849,13,tier_2_regional,tiered_basket_subsidy,upsell_grid_modal,32.05,41.0,4.34
ORD-501850,12,tier_3_small,tiered_basket_subsidy,one_click_express,21.05,46.0,3.88
ORD-501851,9,tier_1_megacity,fixed_low_fee,one_click_express,48.39,32.0,2.9
ORD-501852,14,tier_3_small,tiered_basket_subsidy,one_click_express,34.43,,1.65
ORD-501853,22,tier_2_regional,fixed_low_fee,upsell_grid_modal,32.67,24.0,6.77
ORD-501854,21,tier_3_small,tiered_basket_subsidy,gamified_loyalty_bar,35.18,36.0,14.28
ORD-501855,13,tier_1_megacity,tiered_basket_subsidy,one_click_express,31.0,24.0,6.5
ORD-501856,8,tier_1_megacity,dynamic_surge_multiplier,gamified_loyalty_bar,39.67,41.0,3.17
ORD-501857,14,tier_2_regional,tiered_basket_subsidy,one_click_express,32.0,26.0,2.86
ORD-501858,10,tier_3_small,dynamic_surge_multiplier,gamified_loyalty_bar,25.4,48.0,5.12
ORD-501859,14,tier_1_megacity,tiered_basket_subsidy,gamified_loyalty_bar,55.9,68.0,6.96
ORD-501860,18,tier_1_megacity,tiered_basket_subsidy,upsell_grid_modal,32.19,10.0,6.39
ORD-501861,9,tier_1_megacity,dynamic_surge_multiplier,upsell_grid_modal,26.22,34.0,11.64
ORD-501862,10,tier_3_small,fixed_low_fee,one_click_express,19.5,32.0,2.57
ORD-501863,15,tier_1_megacity,tiered_basket_subsidy,upsell_grid_modal,28.48,35.0,3.23
ORD-501864,16,tier_1_megacity,fixed_low_fee,gamified_loyalty_bar,29.02,29.0,4.48
ORD-501865,13,tier_2_regional,dynamic_surge_multiplier,gamified_loyalty_bar,26.04,39.0,2.98
ORD-501866,22,tier_2_regional,fixed_low_fee,gamified_loyalty_bar,15.28,38.0,6.84
ORD-501867,8,tier_1_megacity,fixed_low_fee,one_click_express,27.45,45.0,1.17
ORD-501868,23,tier_1_megacity,tiered_basket_subsidy,one_click_express,53.85,33.0,5.37
ORD-501869,20,tier_1_megacity,dynamic_surge_multiplier,upsell_grid_modal,8.0,41.0,1.52
ORD-501870,16,tier_2_regional,dynamic_surge_multiplier,gamified_loyalty_bar,23.99,24.0,1.32
ORD-501871,22,tier_3_small,dynamic_surge_multiplier,one_click_express,17.47,32.0,10.55
ORD-501872,8,tier_1_megacity,tiered_basket_subsidy,gamified_loyalty_bar,41.3,41.0,10.78
ORD-501873,11,tier_1_megacity,tiered_basket_subsidy,one_click_express,35.96,38.0,2.39
ORD-501874,14,tier_2_regional,dynamic_surge_multiplier,one_click_express,23.98,31.0,9.6
ORD-501875,14,tier_1_megacity,fixed_low_fee,upsell_grid_modal,57.3,16.0,4.36
ORD-501876,15,tier_1_megacity,dynamic_surge_multiplier,gamified_loyalty_bar,52.82,24.0,4.6
ORD-501877,14,tier_1_megacity,tiered_basket_subsidy,upsell_grid_modal,44.38,21.0,2.41
ORD-501878,20,tier_3_small,dynamic_surge_multiplier,one_click_express,21.86,35.0,3.68
ORD-501879,11,tier_1_megacity,fixed_low_fee,gamified_loyalty_bar,36.84,31.0,1.72
ORD-501880,14,tier_1_megacity,dynamic_surge_multiplier,gamified_loyalty_bar,40.75,52.0,6.83
ORD-501881,10,tier_2_regional,fixed_low_fee,one_click_express,26.23,36.0,1.53
ORD-501882,21,tier_1_megacity,fixed_low_fee,upsell_grid_modal,48.78,29.0,3.76
ORD-501883,18,tier_3_small,fixed_low_fee,one_click_express,16.33,22.0,5.24
ORD-501884,11,tier_1_megacity,fixed_low_fee,gamified_loyalty_bar,38.3,19.0,3.46
ORD-501885,13,tier_1_megacity,dynamic_surge_multiplier,gamified_loyalty_bar,38.79,26.0,10.21
ORD-501886,18,tier_2_regional,dynamic_surge_multiplier,upsell_grid_modal,27.09,28.0,1.75
ORD-501887,11,tier_2_regional,tiered_basket_subsidy,upsell_grid_modal,32.96,26.0,3.15
ORD-501888,17,tier_1_megacity,dynamic_surge_multiplier,upsell_grid_modal,41.94,29.0,-3.53
ORD-501889,21,tier_1_megacity,fixed_low_fee,gamified_loyalty_bar,58.64,45.0,7.26
ORD-501890,15,tier_3_small,fixed_low_fee,gamified_loyalty_bar,23.89,35.0,3.78
ORD-501891,18,tier_2_regional,fixed_low_fee,one_click_express,24.15,16.0,2.14
ORD-501892,23,tier_1_megacity,dynamic_surge_multiplier,gamified_loyalty_bar,38.93,35.0,6.45
ORD-501893,14,tier_3_small,tiered_basket_subsidy,upsell_grid_modal,22.74,41.0,3.69
ORD-501894,22,tier_3_small,fixed_low_fee,gamified_loyalty_bar,22.32,33.0,6.47
ORD-501895,15,tier_1_megacity,dynamic_surge_multiplier,one_click_express,60.6,46.0,10.15
ORD-501896,20,tier_1_megacity,dynamic_surge_multiplier,upsell_grid_modal,22.49,30.0,7.83
ORD-501897,11,tier_1_megacity,tiered_basket_subsidy,one_click_express,44.28,38.0,6.85
ORD-501898,16,tier_1_megacity,fixed_low_fee,gamified_loyalty_bar,33.06,21.0,5.71
ORD-501899,17,tier_3_small,dynamic_surge_multiplier,one_click_express,22.51,21.0,2.59
ORD-501900,9,tier_2_regional,tiered_basket_subsidy,one_click_express,35.75,18.0,2.84
ORD-501901,15,tier_1_megacity,dynamic_surge_multiplier,upsell_grid_modal,29.89,31.0,4.65
ORD-501902,8,tier_2_regional,tiered_basket_subsidy,one_click_express,32.39,16.0,5.33
ORD-501903,18,tier_2_regional,tiered_basket_subsidy,one_click_express,26.21,36.0,6.2
ORD-501904,23,tier_1_megacity,fixed_low_fee,gamified_loyalty_bar,29.22,43.0,2.56
ORD-501905,23,tier_1_megacity,dynamic_surge_multiplier,gamified_loyalty_bar,35.23,32.0,3.54
ORD-501906,11,tier_2_regional,dynamic_surge_multiplier,one_click_express,32.77,39.0,12.1
ORD-501907,15,tier_1_megacity,fixed_low_fee,gamified_loyalty_bar,43.79,38.0,3.89
ORD-501908,9,tier_1_megacity,fixed_low_fee,one_click_express,41.78,30.0,1.68
ORD-501909,13,tier_3_small,tiered_basket_subsidy,one_click_express,26.64,24.0,5.01
ORD-501910,17,tier_2_regional,dynamic_surge_multiplier,upsell_grid_modal,16.73,29.0,0.16
ORD-501911,15,tier_2_regional,fixed_low_fee,one_click_express,32.52,21.0,4.36
ORD-501912,20,tier_1_megacity,dynamic_surge_multiplier,gamified_loyalty_bar,38.86,40.0,7.4
ORD-501913,21,tier_1_megacity,fixed_low_fee,one_click_express,25.0,46.0,3.34
ORD-501914,18,tier_1_megacity,fixed_low_fee,upsell_grid_modal,34.03,26.0,5.53
ORD-501915,18,tier_2_regional,tiered_basket_subsidy,upsell_grid_modal,22.07,36.0,5.37
ORD-501916,22,tier_1_megacity,fixed_low_fee,one_click_express,36.94,19.0,5.78
ORD-501917,21,tier_1_megacity,dynamic_surge_multiplier,one_click_express,34.0,32.0,8.6
ORD-501918,12,tier_2_regional,dynamic_surge_multiplier,gamified_loyalty_bar,26.5,51.0,3.76
ORD-501919,8,tier_3_small,dynamic_surge_multiplier,upsell_grid_modal,17.1,27.0,1.99
ORD-501920,23,tier_2_regional,tiered_basket_subsidy,upsell_grid_modal,33.5,30.0,6.23
ORD-501921,13,tier_1_megacity,fixed_low_fee,one_click_express,17.17,21.0,2.36
ORD-501922,18,tier_1_megacity,fixed_low_fee,one_click_express,39.45,26.0,4.07
ORD-501923,20,tier_2_regional,fixed_low_fee,gamified_loyalty_bar,35.87,32.0,6.47
ORD-501924,10,tier_2_regional,dynamic_surge_multiplier,upsell_grid_modal,31.51,32.0,5.9
ORD-501925,11,tier_1_megacity,tiered_basket_subsidy,upsell_grid_modal,32.12,32.0,6.22
ORD-501926,8,tier_1_megacity,fixed_low_fee,gamified_loyalty_bar,37.82,33.0,5.55
ORD-501927,11,tier_2_regional,fixed_low_fee,one_click_express,35.16,29.0,4.61
ORD-501928,10,tier_1_megacity,tiered_basket_subsidy,one_click_express,43.2,38.0,1.87
ORD-501929,19,tier_1_megacity,fixed_low_fee,gamified_loyalty_bar,33.88,11.0,3.63
ORD-501930,20,tier_1_megacity,dynamic_surge_multiplier,upsell_grid_modal,31.57,29.0,4.6
ORD-501931,15,tier_1_megacity,fixed_low_fee,gamified_loyalty_bar,29.43,35.0,4.28
ORD-501932,15,tier_3_small,dynamic_surge_multiplier,one_click_express,26.48,32.0,10.33
ORD-501933,12,tier_1_megacity,fixed_low_fee,gamified_loyalty_bar,47.8,36.0,5.27
ORD-501934,8,tier_2_regional,dynamic_surge_multiplier,one_click_express,33.1,34.0,10.22
ORD-501935,22,tier_2_regional,tiered_basket_subsidy,upsell_grid_modal,39.83,36.0,7.29
ORD-501936,21,tier_1_megacity,fixed_low_fee,one_click_express,30.21,31.0,3.05
ORD-501937,16,tier_3_small,fixed_low_fee,upsell_grid_modal,27.46,17.0,4.9
ORD-501938,9,tier_1_megacity,dynamic_surge_multiplier,upsell_grid_modal,55.57,19.0,4.07
ORD-501939,22,tier_2_regional,tiered_basket_subsidy,upsell_grid_modal,18.01,35.0,7.66
ORD-501940,14,tier_1_megacity,tiered_basket_subsidy,one_click_express,22.27,55.0,7.51
ORD-501941,20,tier_2_regional,tiered_basket_subsidy,upsell_grid_modal,27.39,23.0,4.35
ORD-501942,13,tier_1_megacity,dynamic_surge_multiplier,upsell_grid_modal,11.26,32.0,4.75
ORD-501943,15,tier_1_megacity,dynamic_surge_multiplier,upsell_grid_modal,37.04,40.0,-1.57
ORD-501944,22,tier_1_megacity,tiered_basket_subsidy,upsell_grid_modal,36.57,44.0,2.0
ORD-501945,12,tier_2_regional,fixed_low_fee,one_click_express,19.57,42.0,4.7
ORD-501946,16,tier_1_megacity,dynamic_surge_multiplier,gamified_loyalty_bar,30.77,29.0,6.97
ORD-501947,12,tier_1_megacity,dynamic_surge_multiplier,upsell_grid_modal,34.4,32.0,4.49
ORD-501948,9,tier_2_regional,fixed_low_fee,one_click_express,24.1,37.0,3.26
ORD-501949,17,tier_1_megacity,tiered_basket_subsidy,upsell_grid_modal,31.43,31.0,4.77
ORD-501950,17,tier_2_regional,dynamic_surge_multiplier,gamified_loyalty_bar,30.92,17.0,6.03
ORD-501951,16,tier_2_regional,fixed_low_fee,one_click_express,31.05,42.0,1.19
ORD-501952,9,tier_1_megacity,tiered_basket_subsidy,gamified_loyalty_bar,57.58,27.0,7.07
ORD-501953,18,tier_2_regional,dynamic_surge_multiplier,upsell_grid_modal,17.08,35.0,3.18
ORD-501954,8,tier_2_regional,dynamic_surge_multiplier,gamified_loyalty_bar,36.85,22.0,-0.13
ORD-501955,22,tier_2_regional,dynamic_surge_multiplier,upsell_grid_modal,19.0,36.0,-6.97
ORD-501956,9,tier_2_regional,fixed_low_fee,gamified_loyalty_bar,23.19,30.0,3.08
ORD-501957,9,tier_1_megacity,fixed_low_fee,gamified_loyalty_bar,47.92,33.0,4.32
ORD-501958,10,tier_1_megacity,dynamic_surge_multiplier,gamified_loyalty_bar,38.6,24.0,9.46
ORD-501959,21,tier_1_megacity,dynamic_surge_multiplier,gamified_loyalty_bar,27.99,36.0,4.23
ORD-501960,11,tier_1_megacity,dynamic_surge_multiplier,upsell_grid_modal,42.74,32.0,3.5
ORD-501961,15,tier_2_regional,fixed_low_fee,one_click_express,39.69,19.0,5.05
ORD-501962,11,tier_2_regional,fixed_low_fee,gamified_loyalty_bar,29.57,22.0,1.97
ORD-501963,9,tier_3_small,fixed_low_fee,one_click_express,24.65,32.0,5.77
ORD-501964,8,tier_2_regional,tiered_basket_subsidy,upsell_grid_modal,29.37,21.0,3.75
ORD-501965,19,tier_1_megacity,dynamic_surge_multiplier,one_click_express,38.16,31.0,2.26
ORD-501966,12,tier_1_megacity,dynamic_surge_multiplier,upsell_grid_modal,33.42,20.0,5.12
ORD-501967,18,tier_3_small,tiered_basket_subsidy,one_click_express,13.38,28.0,8.21
ORD-501968,8,tier_1_megacity,tiered_basket_subsidy,one_click_express,48.86,20.0,5.76
ORD-501969,21,tier_1_megacity,fixed_low_fee,one_click_express,37.46,33.0,5.84
ORD-501970,21,tier_2_regional,dynamic_surge_multiplier,upsell_grid_modal,20.32,17.0,6.5
ORD-501971,17,tier_3_small,tiered_basket_subsidy,upsell_grid_modal,20.16,36.0,2.37
ORD-501972,21,tier_1_megacity,fixed_low_fee,gamified_loyalty_bar,44.01,40.0,1.74
ORD-501973,22,tier_2_regional,dynamic_surge_multiplier,upsell_grid_modal,9.9,22.0,-0.51
ORD-501974,10,tier_2_regional,dynamic_surge_multiplier,gamified_loyalty_bar,33.86,24.0,7.39
ORD-501975,10,tier_2_regional,fixed_low_fee,one_click_express,24.12,42.0,5.35
ORD-501976,15,tier_1_megacity,tiered_basket_subsidy,one_click_express,34.45,55.0,4.7
ORD-501977,19,tier_2_regional,fixed_low_fee,upsell_grid_modal,34.2,49.0,2.95
ORD-501978,14,tier_2_regional,fixed_low_fee,gamified_loyalty_bar,33.27,38.0,4.37
ORD-501979,10,tier_2_regional,dynamic_surge_multiplier,gamified_loyalty_bar,33.12,27.0,12.59
ORD-501980,10,tier_1_megacity,dynamic_surge_multiplier,upsell_grid_modal,49.43,42.0,5.32
ORD-501981,8,tier_1_megacity,tiered_basket_subsidy,upsell_grid_modal,39.57,38.0,6.11
ORD-501982,16,tier_1_megacity,fixed_low_fee,upsell_grid_modal,55.32,28.0,4.74
ORD-501983,22,tier_3_small,dynamic_surge_multiplier,gamified_loyalty_bar,27.22,21.0,12.29
ORD-501984,14,tier_2_regional,dynamic_surge_multiplier,one_click_express,29.64,38.0,0.71
ORD-501985,15,tier_1_megacity,fixed_low_fee,gamified_loyalty_bar,47.13,31.0,3.59
ORD-501986,20,tier_2_regional,fixed_low_fee,one_click_express,29.76,39.0,1.64
ORD-501987,17,tier_3_small,tiered_basket_subsidy,upsell_grid_modal,30.23,20.0,8.59
ORD-501988,19,tier_2_regional,fixed_low_fee,gamified_loyalty_bar,32.49,35.0,5.16
ORD-501989,18,tier_1_megacity,tiered_basket_subsidy,gamified_loyalty_bar,53.85,34.0,8.72
ORD-501990,10,tier_1_megacity,fixed_low_fee,gamified_loyalty_bar,37.09,26.0,3.83
ORD-501991,19,tier_1_megacity,fixed_low_fee,gamified_loyalty_bar,42.96,35.0,3.26
ORD-501992,14,tier_2_regional,dynamic_surge_multiplier,upsell_grid_modal,21.61,28.0,8.41
ORD-501993,9,tier_1_megacity,tiered_basket_subsidy,upsell_grid_modal,38.99,31.0,5.12
ORD-501994,10,tier_1_megacity,tiered_basket_subsidy,gamified_loyalty_bar,59.14,23.0,13.94
ORD-501995,9,tier_2_regional,fixed_low_fee,gamified_loyalty_bar,30.35,36.0,5.11
ORD-501996,22,tier_1_megacity,fixed_low_fee,gamified_loyalty_bar,37.27,34.0,6.31
ORD-501997,21,tier_3_small,fixed_low_fee,one_click_express,13.47,33.0,5.52
ORD-501998,21,tier_2_regional,dynamic_surge_multiplier,upsell_grid_modal,25.59,15.0,9.88
ORD-501999,15,tier_2_regional,dynamic_surge_multiplier,gamified_loyalty_bar,18.8,23.0,11.91
ORD-502000,21,tier_2_regional,fixed_low_fee,gamified_loyalty_bar,24.95,36.0,6.42
ORD-502001,23,tier_1_megacity,dynamic_surge_multiplier,upsell_grid_modal,24.1,33.0,-0.2
ORD-502002,22,tier_1_megacity,tiered_basket_subsidy,one_click_express,31.8,23.0,6.74
ORD-502003,16,tier_1_megacity,tiered_basket_subsidy,gamified_loyalty_bar,46.72,21.0,7.95
ORD-502004,14,tier_2_regional,dynamic_surge_multiplier,gamified_loyalty_bar,36.81,38.0,8.6
ORD-502005,10,tier_1_megacity,dynamic_surge_multiplier,upsell_grid_modal,41.74,32.0,2.74
ORD-502006,16,tier_1_megacity,dynamic_surge_multiplier,one_click_express,40.91,32.0,7.13
ORD-502007,18,tier_1_megacity,fixed_low_fee,upsell_grid_modal,57.5,46.0,5.34
ORD-502008,22,tier_2_regional,tiered_basket_subsidy,gamified_loyalty_bar,34.22,16.0,8.57
ORD-502009,22,tier_2_regional,tiered_basket_subsidy,one_click_express,31.42,29.0,6.31
ORD-502010,16,tier_1_megacity,dynamic_surge_multiplier,one_click_express,30.67,41.0,8.12
ORD-502011,18,tier_3_small,dynamic_surge_multiplier,upsell_grid_modal,14.12,17.0,0.7
ORD-502012,9,tier_1_megacity,dynamic_surge_multiplier,upsell_grid_modal,34.02,29.0,0.58
ORD-502013,12,tier_1_megacity,dynamic_surge_multiplier,upsell_grid_modal,14.16,26.0,0.94
ORD-502014,11,tier_2_regional,tiered_basket_subsidy,one_click_express,16.56,17.0,7.39
ORD-502015,12,tier_1_megacity,fixed_low_fee,one_click_express,39.79,22.0,4.06
ORD-502016,19,tier_2_regional,fixed_low_fee,one_click_express,28.12,30.0,5.05
ORD-502017,16,tier_1_megacity,tiered_basket_subsidy,gamified_loyalty_bar,53.38,19.0,6.16
ORD-502018,22,tier_1_megacity,dynamic_surge_multiplier,upsell_grid_modal,41.49,32.0,3.32
ORD-502019,23,tier_2_regional,fixed_low_fee,gamified_loyalty_bar,13.01,10.0,5.25
ORD-502020,15,tier_3_small,dynamic_surge_multiplier,upsell_grid_modal,21.6,41.0,6.95
ORD-502021,19,tier_1_megacity,fixed_low_fee,gamified_loyalty_bar,41.88,38.0,6.41
ORD-502022,12,tier_2_regional,fixed_low_fee,one_click_express,8.0,28.0,6.5
ORD-502023,13,tier_1_megacity,dynamic_surge_multiplier,one_click_express,58.87,47.0,9.75
ORD-502024,19,tier_2_regional,tiered_basket_subsidy,gamified_loyalty_bar,46.26,33.0,9.62
ORD-502025,15,tier_2_regional,fixed_low_fee,gamified_loyalty_bar,35.93,20.0,5.02
ORD-502026,10,tier_2_regional,dynamic_surge_multiplier,gamified_loyalty_bar,23.34,26.0,6.81
ORD-502027,10,tier_3_small,dynamic_surge_multiplier,upsell_grid_modal,17.65,22.0,6.19
ORD-502028,8,tier_1_megacity,tiered_basket_subsidy,one_click_express,39.52,28.0,9.34
ORD-502029,18,tier_1_megacity,dynamic_surge_multiplier,upsell_grid_modal,25.61,32.0,-1.44
ORD-502030,22,tier_1_megacity,dynamic_surge_multiplier,upsell_grid_modal,50.36,41.0,-2.2
ORD-502031,16,tier_1_megacity,dynamic_surge_multiplier,one_click_express,31.26,40.0,7.95
ORD-502032,15,tier_1_megacity,tiered_basket_subsidy,gamified_loyalty_bar,55.1,40.0,7.31
ORD-502033,17,tier_2_regional,tiered_basket_subsidy,upsell_grid_modal,29.98,21.0,7.55
ORD-502034,10,tier_1_megacity,dynamic_surge_multiplier,upsell_grid_modal,29.99,20.0,6.95
ORD-502035,21,tier_3_small,tiered_basket_subsidy,gamified_loyalty_bar,31.23,16.0,7.86
ORD-502036,20,tier_3_small,dynamic_surge_multiplier,one_click_express,34.11,15.0,7.33
ORD-502037,8,tier_2_regional,tiered_basket_subsidy,one_click_express,36.0,41.0,5.08
ORD-502038,14,tier_1_megacity,fixed_low_fee,gamified_loyalty_bar,43.94,17.0,7.58
ORD-502039,13,tier_2_regional,dynamic_surge_multiplier,gamified_loyalty_bar,40.69,22.0,14.59
ORD-502040,13,tier_1_megacity,fixed_low_fee,gamified_loyalty_bar,23.05,25.0,4.14
ORD-502041,8,tier_1_megacity,fixed_low_fee,one_click_express,38.02,38.0,3.32
ORD-502042,15,tier_2_regional,dynamic_surge_multiplier,one_click_express,39.89,32.0,8.71
ORD-502043,14,tier_3_small,fixed_low_fee,upsell_grid_modal,26.49,33.0,3.13
ORD-502044,20,tier_2_regional,tiered_basket_subsidy,one_click_express,514.0,38.0,137.38
ORD-502045,23,tier_1_megacity,tiered_basket_subsidy,one_click_express,36.92,44.0,3.41
ORD-502046,15,tier_2_regional,dynamic_surge_multiplier,one_click_express,28.33,36.0,-1.42
ORD-502047,15,tier_3_small,tiered_basket_subsidy,gamified_loyalty_bar,46.92,37.0,8.2
ORD-502048,23,tier_2_regional,fixed_low_fee,upsell_grid_modal,34.21,30.0,4.91
ORD-502049,23,tier_3_small,fixed_low_fee,gamified_loyalty_bar,31.7,26.0,6.76
ORD-502050,18,tier_2_regional,fixed_low_fee,one_click_express,30.77,42.0,4.09
ORD-502051,19,tier_3_small,fixed_low_fee,upsell_grid_modal,32.63,33.0,7.55
ORD-502052,8,tier_1_megacity,tiered_basket_subsidy,gamified_loyalty_bar,49.91,45.0,13.84
ORD-502053,12,tier_1_megacity,fixed_low_fee,one_click_express,37.81,21.0,2.02
ORD-502054,19,tier_2_regional,tiered_basket_subsidy,one_click_express,18.98,20.0,5.05
ORD-502055,22,tier_1_megacity,tiered_basket_subsidy,one_click_express,17.02,31.0,1.95
ORD-502056,9,tier_2_regional,tiered_basket_subsidy,upsell_grid_modal,34.47,34.0,9.87
ORD-502057,8,tier_1_megacity,dynamic_surge_multiplier,upsell_grid_modal,17.24,31.0,8.15
ORD-502058,15,tier_1_megacity,dynamic_surge_multiplier,upsell_grid_modal,29.8,16.0,5.5
ORD-502059,13,tier_1_megacity,dynamic_surge_multiplier,gamified_loyalty_bar,49.98,40.0,9.37
ORD-502060,19,tier_2_regional,fixed_low_fee,upsell_grid_modal,20.21,18.0,3.51
ORD-502061,14,tier_1_megacity,fixed_low_fee,one_click_express,34.75,19.0,2.04
ORD-502062,18,tier_1_megacity,dynamic_surge_multiplier,one_click_express,46.38,29.0,0.56
ORD-502063,10,tier_1_megacity,dynamic_surge_multiplier,one_click_express,37.11,21.0,12.68
ORD-502064,8,tier_1_megacity,dynamic_surge_multiplier,one_click_express,49.22,32.0,8.88
ORD-502065,17,tier_2_regional,fixed_low_fee,upsell_grid_modal,27.43,39.0,1.68
ORD-502066,23,tier_2_regional,dynamic_surge_multiplier,gamified_loyalty_bar,30.6,32.0,8.5
ORD-502067,12,tier_2_regional,dynamic_surge_multiplier,upsell_grid_modal,26.4,20.0,0.35
ORD-502068,11,tier_1_megacity,tiered_basket_subsidy,gamified_loyalty_bar,56.68,30.0,8.35
ORD-502069,19,tier_1_megacity,fixed_low_fee,gamified_loyalty_bar,31.18,12.0,6.15
ORD-502070,17,tier_1_megacity,tiered_basket_subsidy,one_click_express,36.05,33.0,7.19
ORD-502071,21,tier_1_megacity,tiered_basket_subsidy,upsell_grid_modal,39.28,37.0,6.23
ORD-502072,20,tier_1_megacity,fixed_low_fee,gamified_loyalty_bar,24.22,15.0,2.25
ORD-502073,8,tier_1_megacity,fixed_low_fee,upsell_grid_modal,44.11,27.0,6.18
ORD-502074,23,tier_2_regional,dynamic_surge_multiplier,gamified_loyalty_bar,30.79,43.0,10.45
ORD-502075,19,tier_3_small,tiered_basket_subsidy,gamified_loyalty_bar,38.89,29.0,8.63
ORD-502076,10,tier_1_megacity,dynamic_surge_multiplier,gamified_loyalty_bar,28.52,26.0,8.63
ORD-502077,16,tier_1_megacity,dynamic_surge_multiplier,gamified_loyalty_bar,44.98,30.0,8.01
ORD-502078,22,tier_2_regional,tiered_basket_subsidy,gamified_loyalty_bar,50.66,31.0,6.53
ORD-502079,21,tier_3_small,fixed_low_fee,one_click_express,19.49,28.0,5.69
ORD-502080,14,tier_1_megacity,fixed_low_fee,upsell_grid_modal,55.67,17.0,9.59
ORD-502081,17,tier_2_regional,fixed_low_fee,one_click_express,26.96,40.0,1.7
ORD-502082,8,tier_1_megacity,dynamic_surge_multiplier,one_click_express,50.45,34.0,13.02
ORD-502083,21,tier_1_megacity,fixed_low_fee,gamified_loyalty_bar,48.41,25.0,1.6
ORD-502084,13,tier_1_megacity,fixed_low_fee,one_click_express,38.14,18.0,5.26
ORD-502085,16,tier_2_regional,tiered_basket_subsidy,upsell_grid_modal,31.32,10.0,7.24
ORD-502086,18,tier_3_small,dynamic_surge_multiplier,upsell_grid_modal,20.78,37.0,-2.75
ORD-502087,21,tier_2_regional,fixed_low_fee,gamified_loyalty_bar,27.73,35.0,4.01
ORD-502088,19,tier_2_regional,tiered_basket_subsidy,one_click_express,23.41,35.0,6.15
ORD-502089,19,tier_3_small,dynamic_surge_multiplier,one_click_express,21.91,28.0,11.65
ORD-502090,9,tier_2_regional,dynamic_surge_multiplier,one_click_express,8.47,29.0,9.26
ORD-502091,22,tier_1_megacity,fixed_low_fee,one_click_express,38.56,40.0,4.08
ORD-502092,11,tier_2_regional,fixed_low_fee,one_click_express,19.46,12.0,4.47
ORD-502093,19,tier_2_regional,fixed_low_fee,upsell_grid_modal,51.79,21.0,5.81
ORD-502094,22,tier_2_regional,dynamic_surge_multiplier,upsell_grid_modal,26.61,12.0,-1.37
ORD-502095,10,tier_2_regional,dynamic_surge_multiplier,upsell_grid_modal,28.45,27.0,-1.17
ORD-502096,21,tier_2_regional,tiered_basket_subsidy,one_click_express,18.79,41.0,8.0
ORD-502097,22,tier_1_megacity,tiered_basket_subsidy,gamified_loyalty_bar,55.16,35.0,5.58
ORD-502098,23,tier_1_megacity,dynamic_surge_multiplier,upsell_grid_modal,43.62,19.0,4.25
ORD-502099,20,tier_3_small,tiered_basket_subsidy,upsell_grid_modal,18.47,43.0,2.82
ORD-502100,16,tier_2_regional,fixed_low_fee,one_click_express,32.45,28.0,3.22
ORD-502101,14,tier_2_regional,fixed_low_fee,upsell_grid_modal,35.6,31.0,2.87
ORD-502102,18,tier_2_regional,dynamic_surge_multiplier,gamified_loyalty_bar,24.24,47.0,4.57
ORD-502103,22,tier_1_megacity,fixed_low_fee,upsell_grid_modal,57.72,31.0,3.24
ORD-502104,9,tier_1_megacity,dynamic_surge_multiplier,one_click_express,53.44,45.0,9.93
ORD-502105,23,tier_1_megacity,fixed_low_fee,upsell_grid_modal,44.16,22.0,6.7
ORD-502106,19,tier_1_megacity,dynamic_surge_multiplier,gamified_loyalty_bar,34.63,30.0,4.38
ORD-502107,14,tier_3_small,fixed_low_fee,gamified_loyalty_bar,19.63,14.0,0.76
ORD-502108,9,tier_2_regional,dynamic_surge_multiplier,one_click_express,35.44,41.0,10.07
ORD-502109,9,tier_3_small,dynamic_surge_multiplier,gamified_loyalty_bar,27.7,27.0,10.16
ORD-502110,22,tier_2_regional,tiered_basket_subsidy,one_click_express,37.87,25.0,6.35
ORD-502111,8,tier_2_regional,dynamic_surge_multiplier,one_click_express,22.07,32.0,2.61
ORD-502112,16,tier_2_regional,dynamic_surge_multiplier,gamified_loyalty_bar,24.02,14.0,5.92
ORD-502113,16,tier_2_regional,tiered_basket_subsidy,gamified_loyalty_bar,39.35,32.0,8.09
ORD-502114,18,tier_1_megacity,fixed_low_fee,one_click_express,33.51,48.0,4.91
ORD-502115,12,tier_3_small,dynamic_surge_multiplier,one_click_express,20.07,25.0,7.78
ORD-502116,15,tier_1_megacity,fixed_low_fee,one_click_express,31.8,37.0,3.0
ORD-502117,14,tier_2_regional,dynamic_surge_multiplier,gamified_loyalty_bar,30.31,42.0,1.11
ORD-502118,19,tier_1_megacity,dynamic_surge_multiplier,one_click_express,38.77,10.0,9.98
ORD-502119,15,tier_1_megacity,tiered_basket_subsidy,upsell_grid_modal,46.42,19.0,3.84
ORD-502120,18,tier_1_megacity,dynamic_surge_multiplier,upsell_grid_modal,27.17,34.0,1.76
ORD-502121,9,tier_1_megacity,dynamic_surge_multiplier,one_click_express,31.87,32.0,11.03
ORD-502122,8,tier_1_megacity,fixed_low_fee,upsell_grid_modal,49.11,26.0,4.7
ORD-502123,10,tier_2_regional,fixed_low_fee,gamified_loyalty_bar,23.74,21.0,1.18
ORD-502124,14,tier_1_megacity,fixed_low_fee,one_click_express,40.87,26.0,2.87
ORD-502125,19,tier_1_megacity,fixed_low_fee,gamified_loyalty_bar,31.87,26.0,4.43
ORD-502126,21,tier_2_regional,tiered_basket_subsidy,gamified_loyalty_bar,43.52,28.0,10.26
ORD-502127,9,tier_2_regional,tiered_basket_subsidy,gamified_loyalty_bar,40.55,35.0,9.4
ORD-502128,12,tier_1_megacity,fixed_low_fee,one_click_express,48.61,21.0,4.67
ORD-502129,21,tier_1_megacity,tiered_basket_subsidy,one_click_express,67.25,30.0,2.59
ORD-502130,8,tier_1_megacity,tiered_basket_subsidy,upsell_grid_modal,41.68,37.0,4.85
ORD-502131,22,tier_1_megacity,dynamic_surge_multiplier,one_click_express,40.68,39.0,6.69
ORD-502132,22,tier_2_regional,fixed_low_fee,one_click_express,35.68,38.0,2.75
ORD-502133,11,tier_1_megacity,fixed_low_fee,upsell_grid_modal,46.97,34.0,4.24
ORD-502134,10,tier_2_regional,fixed_low_fee,one_click_express,28.1,37.0,6.05
ORD-502135,12,tier_1_megacity,tiered_basket_subsidy,one_click_express,36.19,39.0,4.54
ORD-502136,17,tier_1_megacity,dynamic_surge_multiplier,gamified_loyalty_bar,32.96,47.0,3.56
ORD-502137,10,tier_1_megacity,dynamic_surge_multiplier,gamified_loyalty_bar,51.75,26.0,4.76
ORD-502138,23,tier_1_megacity,dynamic_surge_multiplier,one_click_express,27.93,20.0,4.53
ORD-502139,9,tier_1_megacity,tiered_basket_subsidy,one_click_express,38.44,22.0,6.29
ORD-502140,22,tier_2_regional,fixed_low_fee,one_click_express,27.79,32.0,3.78
ORD-502141,17,tier_1_megacity,dynamic_surge_multiplier,upsell_grid_modal,45.21,29.0,4.4
ORD-502142,12,tier_2_regional,fixed_low_fee,gamified_loyalty_bar,37.28,19.0,6.27
ORD-502143,13,tier_2_regional,dynamic_surge_multiplier,one_click_express,27.77,35.0,9.95
ORD-502144,19,tier_1_megacity,fixed_low_fee,gamified_loyalty_bar,32.73,28.0,5.29
ORD-502145,22,tier_1_megacity,dynamic_surge_multiplier,gamified_loyalty_bar,22.64,24.0,8.76
ORD-502146,22,tier_1_megacity,tiered_basket_subsidy,upsell_grid_modal,45.69,24.0,6.5
ORD-502147,15,tier_1_megacity,dynamic_surge_multiplier,gamified_loyalty_bar,34.31,27.0,4.29
ORD-502148,8,tier_1_megacity,dynamic_surge_multiplier,gamified_loyalty_bar,48.55,35.0,-9.25
ORD-502149,12,tier_1_megacity,tiered_basket_subsidy,gamified_loyalty_bar,41.41,29.0,7.66
ORD-502150,9,tier_3_small,fixed_low_fee,upsell_grid_modal,24.81,38.0,4.99
ORD-502151,8,tier_2_regional,tiered_basket_subsidy,upsell_grid_modal,25.74,36.0,7.8
ORD-502152,23,tier_3_small,fixed_low_fee,gamified_loyalty_bar,20.51,16.0,4.89
ORD-502153,17,tier_3_small,fixed_low_fee,gamified_loyalty_bar,27.64,33.0,5.98
ORD-502154,20,tier_2_regional,tiered_basket_subsidy,gamified_loyalty_bar,46.59,27.0,8.29
ORD-502155,19,tier_3_small,tiered_basket_subsidy,one_click_express,14.41,25.0,6.01
ORD-502156,21,tier_2_regional,tiered_basket_subsidy,gamified_loyalty_bar,33.66,42.0,8.62
ORD-502157,19,tier_3_small,fixed_low_fee,one_click_express,24.37,33.0,3.33
ORD-502158,18,tier_2_regional,fixed_low_fee,one_click_express,32.97,23.0,5.97
ORD-502159,20,tier_1_megacity,dynamic_surge_multiplier,upsell_grid_modal,28.23,29.0,-4.73
ORD-502160,10,tier_1_megacity,dynamic_surge_multiplier,one_click_express,42.35,34.0,13.0
ORD-502161,19,tier_1_megacity,fixed_low_fee,upsell_grid_modal,41.35,27.0,5.39
ORD-502162,16,tier_3_small,tiered_basket_subsidy,one_click_express,24.32,43.0,7.29
ORD-502163,9,tier_2_regional,dynamic_surge_multiplier,one_click_express,34.27,40.0,11.09
ORD-502164,12,tier_2_regional,dynamic_surge_multiplier,gamified_loyalty_bar,22.82,24.0,3.87
ORD-502165,10,tier_2_regional,dynamic_surge_multiplier,one_click_express,35.74,16.0,12.33
ORD-502166,12,tier_2_regional,dynamic_surge_multiplier,upsell_grid_modal,23.76,29.0,3.29
ORD-502167,11,tier_1_megacity,dynamic_surge_multiplier,one_click_express,22.17,29.0,9.34
ORD-502168,16,tier_1_megacity,dynamic_surge_multiplier,upsell_grid_modal,23.57,22.0,2.52
ORD-502169,23,tier_2_regional,tiered_basket_subsidy,gamified_loyalty_bar,44.82,36.0,8.42
ORD-502170,9,tier_3_small,dynamic_surge_multiplier,gamified_loyalty_bar,13.53,33.0,10.7
ORD-502171,9,tier_1_megacity,tiered_basket_subsidy,upsell_grid_modal,49.46,30.0,4.84
ORD-502172,11,tier_3_small,tiered_basket_subsidy,one_click_express,31.13,24.0,6.13
ORD-502173,19,tier_1_megacity,dynamic_surge_multiplier,one_click_express,35.27,46.0,6.39
ORD-502174,10,tier_2_regional,tiered_basket_subsidy,upsell_grid_modal,20.57,22.0,4.12
ORD-502175,22,tier_2_regional,fixed_low_fee,one_click_express,25.78,34.0,0.36
ORD-502176,14,tier_1_megacity,tiered_basket_subsidy,upsell_grid_modal,28.67,46.0,5.83
ORD-502177,15,tier_1_megacity,fixed_low_fee,gamified_loyalty_bar,48.29,23.0,3.36
ORD-502178,12,tier_2_regional,tiered_basket_subsidy,upsell_grid_modal,30.61,38.0,2.45
ORD-502179,21,tier_2_regional,fixed_low_fee,upsell_grid_modal,31.31,19.0,3.3
ORD-502180,14,tier_1_megacity,fixed_low_fee,upsell_grid_modal,43.46,38.0,8.42
ORD-502181,21,tier_3_small,fixed_low_fee,upsell_grid_modal,30.77,29.0,4.14
ORD-502182,23,tier_3_small,dynamic_surge_multiplier,one_click_express,20.95,26.0,4.91
ORD-502183,19,tier_2_regional,dynamic_surge_multiplier,upsell_grid_modal,24.64,22.0,2.85
ORD-502184,17,tier_2_regional,dynamic_surge_multiplier,gamified_loyalty_bar,34.82,37.0,2.78
ORD-502185,13,tier_1_megacity,dynamic_surge_multiplier,upsell_grid_modal,24.72,38.0,9.98
ORD-502186,15,tier_1_megacity,tiered_basket_subsidy,upsell_grid_modal,41.35,29.0,3.35
ORD-502187,20,tier_1_megacity,dynamic_surge_multiplier,gamified_loyalty_bar,21.82,-99.0,0.31
ORD-502188,22,tier_2_regional,tiered_basket_subsidy,gamified_loyalty_bar,34.47,51.0,10.19
ORD-502189,16,tier_1_megacity,dynamic_surge_multiplier,gamified_loyalty_bar,40.73,11.0,1.98
ORD-502190,12,tier_2_regional,dynamic_surge_multiplier,one_click_express,41.44,48.0,7.84
ORD-502191,18,tier_1_megacity,fixed_low_fee,one_click_express,37.97,40.0,3.18
ORD-502192,14,tier_1_megacity,tiered_basket_subsidy,one_click_express,36.79,37.0,6.74
ORD-502193,22,tier_1_megacity,tiered_basket_subsidy,one_click_express,43.04,19.0,1.14
ORD-502194,21,tier_1_megacity,tiered_basket_subsidy,gamified_loyalty_bar,60.74,24.0,9.38
ORD-502195,20,tier_2_regional,fixed_low_fee,upsell_grid_modal,43.33,34.0,4.62
ORD-502196,14,tier_1_megacity,tiered_basket_subsidy,gamified_loyalty_bar,58.68,33.0,11.19
ORD-502197,20,tier_2_regional,tiered_basket_subsidy,gamified_loyalty_bar,35.32,33.0,9.94
ORD-502198,23,tier_3_small,tiered_basket_subsidy,one_click_express,12.25,27.0,4.98
ORD-502199,12,tier_2_regional,dynamic_surge_multiplier,one_click_express,33.93,26.0,12.53
ORD-502200,18,tier_1_megacity,tiered_basket_subsidy,gamified_loyalty_bar,57.36,39.0,9.25
ORD-502201,21,tier_1_megacity,fixed_low_fee,one_click_express,43.36,39.0,6.14
ORD-502202,10,tier_1_megacity,tiered_basket_subsidy,one_click_express,41.28,29.0,10.9
ORD-502203,23,tier_1_megacity,tiered_basket_subsidy,upsell_grid_modal,37.97,34.0,4.25
ORD-502204,22,tier_2_regional,fixed_low_fee,one_click_express,34.68,24.0,3.42
ORD-502205,23,tier_3_small,fixed_low_fee,upsell_grid_modal,32.43,22.0,4.53
ORD-502206,11,tier_2_regional,dynamic_surge_multiplier,one_click_express,40.48,29.0,12.5
ORD-502207,11,tier_2_regional,tiered_basket_subsidy,upsell_grid_modal,36.42,43.0,5.31
ORD-502208,9,tier_1_megacity,dynamic_surge_multiplier,one_click_express,35.57,39.0,15.79
ORD-502209,11,tier_1_megacity,tiered_basket_subsidy,gamified_loyalty_bar,47.34,24.0,8.23
ORD-502210,10,tier_2_regional,tiered_basket_subsidy,upsell_grid_modal,33.19,57.0,9.35
ORD-502211,13,tier_1_megacity,fixed_low_fee,upsell_grid_modal,31.98,28.0,3.07
ORD-502212,11,tier_1_megacity,fixed_low_fee,upsell_grid_modal,46.72,35.0,5.38
ORD-502213,8,tier_1_megacity,fixed_low_fee,gamified_loyalty_bar,57.95,33.0,5.35
ORD-502214,20,tier_1_megacity,dynamic_surge_multiplier,gamified_loyalty_bar,50.83,34.0,4.23
ORD-502215,23,tier_2_regional,tiered_basket_subsidy,gamified_loyalty_bar,46.23,30.0,4.64
ORD-502216,10,tier_1_megacity,dynamic_surge_multiplier,gamified_loyalty_bar,41.27,34.0,11.13
ORD-502217,8,tier_1_megacity,fixed_low_fee,one_click_express,33.72,,3.84
ORD-502218,18,tier_1_megacity,tiered_basket_subsidy,upsell_grid_modal,46.65,28.0,2.3
ORD-502219,20,tier_2_regional,fixed_low_fee,upsell_grid_modal,26.36,45.0,6.94
ORD-502220,21,tier_2_regional,tiered_basket_subsidy,gamified_loyalty_bar,41.47,26.0,12.33
ORD-502221,20,tier_1_megacity,tiered_basket_subsidy,upsell_grid_modal,35.25,32.0,5.16
ORD-502222,21,tier_1_megacity,fixed_low_fee,one_click_express,27.97,27.0,2.91
ORD-502223,13,tier_1_megacity,fixed_low_fee,one_click_express,38.35,24.0,4.51
ORD-502224,10,tier_2_regional,dynamic_surge_multiplier,upsell_grid_modal,25.98,19.0,0.98
ORD-502225,11,tier_1_megacity,dynamic_surge_multiplier,gamified_loyalty_bar,25.99,27.0,7.12
ORD-502226,16,tier_2_regional,dynamic_surge_multiplier,upsell_grid_modal,21.68,25.0,-1.87
ORD-502227,10,tier_3_small,tiered_basket_subsidy,upsell_grid_modal,20.73,31.0,7.01
ORD-502228,22,tier_1_megacity,dynamic_surge_multiplier,upsell_grid_modal,32.71,29.0,4.1
ORD-502229,11,tier_2_regional,tiered_basket_subsidy,upsell_grid_modal,17.23,25.0,7.24
ORD-502230,17,tier_1_megacity,dynamic_surge_multiplier,gamified_loyalty_bar,43.95,16.0,5.02
ORD-502231,9,tier_1_megacity,fixed_low_fee,upsell_grid_modal,32.16,19.0,5.44
ORD-502232,20,tier_1_megacity,tiered_basket_subsidy,one_click_express,31.81,19.0,7.78
ORD-502233,21,tier_1_megacity,dynamic_surge_multiplier,one_click_express,45.42,30.0,14.87
ORD-502234,18,tier_3_small,dynamic_surge_multiplier,upsell_grid_modal,14.5,36.0,-2.35
ORD-502235,22,tier_1_megacity,dynamic_surge_multiplier,one_click_express,35.12,23.0,3.94
ORD-502236,22,tier_1_megacity,fixed_low_fee,upsell_grid_modal,57.01,33.0,2.67
ORD-502237,15,tier_1_megacity,dynamic_surge_multiplier,one_click_express,52.98,40.0,7.66
ORD-502238,13,tier_1_megacity,dynamic_surge_multiplier,one_click_express,34.38,35.0,5.5
ORD-502239,19,tier_2_regional,dynamic_surge_multiplier,upsell_grid_modal,26.04,49.0,3.77
ORD-502240,19,tier_2_regional,fixed_low_fee,gamified_loyalty_bar,29.14,30.0,4.11
ORD-502241,22,tier_1_megacity,tiered_basket_subsidy,one_click_express,40.36,26.0,8.17
ORD-502242,15,tier_1_megacity,fixed_low_fee,gamified_loyalty_bar,42.83,32.0,4.83
ORD-502243,22,tier_2_regional,tiered_basket_subsidy,gamified_loyalty_bar,38.05,33.0,12.45
ORD-502244,14,tier_1_megacity,dynamic_surge_multiplier,upsell_grid_modal,45.68,38.0,0.02
ORD-502245,21,tier_1_megacity,fixed_low_fee,one_click_express,28.06,17.0,8.48
ORD-502246,17,tier_1_megacity,tiered_basket_subsidy,upsell_grid_modal,31.9,46.0,4.08
ORD-502247,21,tier_1_megacity,tiered_basket_subsidy,upsell_grid_modal,39.69,24.0,5.88
ORD-502248,22,tier_3_small,tiered_basket_subsidy,upsell_grid_modal,20.04,32.0,5.05
ORD-502249,11,tier_1_megacity,dynamic_surge_multiplier,one_click_express,40.75,65.0,7.98
ORD-502250,8,tier_1_megacity,tiered_basket_subsidy,upsell_grid_modal,40.12,34.0,2.82
ORD-502251,17,tier_1_megacity,fixed_low_fee,upsell_grid_modal,41.82,11.0,4.56
ORD-502252,10,tier_2_regional,fixed_low_fee,upsell_grid_modal,28.64,32.0,4.4
ORD-502253,10,tier_2_regional,fixed_low_fee,upsell_grid_modal,37.04,19.0,6.18
ORD-502254,14,tier_1_megacity,fixed_low_fee,one_click_express,31.02,35.0,3.91
ORD-502255,13,tier_2_regional,fixed_low_fee,one_click_express,21.7,12.0,3.77
ORD-502256,9,tier_1_megacity,tiered_basket_subsidy,gamified_loyalty_bar,70.13,28.0,7.46
ORD-502257,16,tier_2_regional,fixed_low_fee,one_click_express,24.12,43.0,5.45
ORD-502258,20,tier_3_small,fixed_low_fee,gamified_loyalty_bar,34.34,40.0,4.82
ORD-502259,11,tier_1_megacity,tiered_basket_subsidy,gamified_loyalty_bar,49.51,47.0,8.05
ORD-502260,16,tier_1_megacity,fixed_low_fee,one_click_express,28.74,23.0,6.58
ORD-502261,20,tier_2_regional,fixed_low_fee,one_click_express,35.54,26.0,1.03
ORD-502262,21,tier_1_megacity,fixed_low_fee,one_click_express,41.92,47.0,4.72
ORD-502263,23,tier_1_megacity,fixed_low_fee,upsell_grid_modal,34.99,33.0,6.25
ORD-502264,16,tier_1_megacity,tiered_basket_subsidy,one_click_express,29.76,40.0,4.84
ORD-502265,8,tier_2_regional,tiered_basket_subsidy,gamified_loyalty_bar,41.25,27.0,7.4
ORD-502266,14,tier_1_megacity,fixed_low_fee,upsell_grid_modal,32.85,28.0,4.7
ORD-502267,21,tier_1_megacity,fixed_low_fee,upsell_grid_modal,40.04,23.0,4.69
ORD-502268,13,tier_2_regional,tiered_basket_subsidy,one_click_express,27.26,33.0,4.7
ORD-502269,23,tier_1_megacity,fixed_low_fee,upsell_grid_modal,52.27,10.0,6.18
ORD-502270,22,tier_2_regional,dynamic_surge_multiplier,one_click_express,29.96,40.0,8.53
ORD-502271,9,tier_2_regional,tiered_basket_subsidy,one_click_express,25.72,41.0,3.78
ORD-502272,12,tier_3_small,fixed_low_fee,one_click_express,32.07,29.0,5.77
ORD-502273,13,tier_3_small,fixed_low_fee,gamified_loyalty_bar,17.97,42.0,7.25
ORD-502274,17,tier_2_regional,dynamic_surge_multiplier,one_click_express,21.8,22.0,1.33
ORD-502275,13,tier_1_megacity,dynamic_surge_multiplier,gamified_loyalty_bar,39.74,32.0,12.98
ORD-502276,23,tier_2_regional,dynamic_surge_multiplier,gamified_loyalty_bar,30.26,24.0,3.67
ORD-502277,18,tier_2_regional,fixed_low_fee,upsell_grid_modal,30.56,29.0,3.26
ORD-502278,14,tier_1_megacity,tiered_basket_subsidy,one_click_express,38.82,28.0,5.34
ORD-502279,18,tier_2_regional,fixed_low_fee,one_click_express,32.8,26.0,3.21
ORD-502280,22,tier_2_regional,dynamic_surge_multiplier,gamified_loyalty_bar,27.99,44.0,9.94
ORD-502281,9,tier_1_megacity,dynamic_surge_multiplier,gamified_loyalty_bar,42.16,15.0,5.63
ORD-502282,16,tier_2_regional,fixed_low_fee,gamified_loyalty_bar,35.55,16.0,7.02
ORD-502283,21,tier_2_regional,tiered_basket_subsidy,upsell_grid_modal,31.56,29.0,5.04
ORD-502284,19,tier_1_megacity,fixed_low_fee,one_click_express,32.06,38.0,2.23
ORD-502285,11,tier_1_megacity,dynamic_surge_multiplier,gamified_loyalty_bar,42.08,28.0,12.5
ORD-502286,22,tier_3_small,tiered_basket_subsidy,one_click_express,19.38,29.0,1.87
ORD-502287,17,tier_3_small,dynamic_surge_multiplier,gamified_loyalty_bar,20.43,10.0,3.79
ORD-502288,14,tier_1_megacity,fixed_low_fee,gamified_loyalty_bar,47.64,38.0,6.09
ORD-502289,22,tier_2_regional,tiered_basket_subsidy,gamified_loyalty_bar,42.25,46.0,6.78
ORD-502290,11,tier_2_regional,dynamic_surge_multiplier,upsell_grid_modal,19.07,32.0,5.04
ORD-502291,13,tier_1_megacity,fixed_low_fee,gamified_loyalty_bar,50.59,30.0,3.51
ORD-502292,12,tier_1_megacity,dynamic_surge_multiplier,gamified_loyalty_bar,42.3,26.0,-4.31
ORD-502293,17,tier_1_megacity,fixed_low_fee,gamified_loyalty_bar,44.63,31.0,4.44
ORD-502294,12,tier_3_small,tiered_basket_subsidy,one_click_express,18.49,27.0,7.45
ORD-502295,9,tier_1_megacity,fixed_low_fee,gamified_loyalty_bar,37.71,33.0,1.66
ORD-502296,20,tier_1_megacity,dynamic_surge_multiplier,gamified_loyalty_bar,41.42,19.0,6.63
ORD-502297,11,tier_2_regional,fixed_low_fee,one_click_express,26.91,22.0,1.57
ORD-502298,23,tier_2_regional,dynamic_surge_multiplier,gamified_loyalty_bar,25.77,36.0,7.05
ORD-502299,23,tier_3_small,dynamic_surge_multiplier,upsell_grid_modal,16.23,22.0,2.06
ORD-502300,15,tier_2_regional,tiered_basket_subsidy,one_click_express,21.94,27.0,5.24
ORD-502301,21,tier_1_megacity,fixed_low_fee,one_click_express,51.66,26.0,2.39
ORD-502302,13,tier_3_small,fixed_low_fee,one_click_express,20.18,35.0,3.48
ORD-502303,23,tier_1_megacity,dynamic_surge_multiplier,one_click_express,37.18,48.0,12.9
ORD-502304,21,tier_1_megacity,fixed_low_fee,gamified_loyalty_bar,39.0,24.0,3.64
ORD-502305,11,tier_1_megacity,fixed_low_fee,upsell_grid_modal,45.97,26.0,6.03
ORD-502306,20,tier_1_megacity,dynamic_surge_multiplier,upsell_grid_modal,36.02,12.0,4.54
ORD-502307,11,tier_1_megacity,dynamic_surge_multiplier,one_click_express,34.08,32.0,3.4
ORD-502308,13,tier_1_megacity,dynamic_surge_multiplier,gamified_loyalty_bar,40.6,50.0,5.59
ORD-502309,10,tier_3_small,dynamic_surge_multiplier,upsell_grid_modal,13.95,28.0,7.75
ORD-502310,17,tier_3_small,fixed_low_fee,gamified_loyalty_bar,28.87,36.0,4.12
ORD-502311,20,tier_2_regional,dynamic_surge_multiplier,gamified_loyalty_bar,29.26,20.0,6.94
ORD-502312,22,tier_1_megacity,dynamic_surge_multiplier,gamified_loyalty_bar,32.01,19.0,-4.88
ORD-502313,12,tier_1_megacity,dynamic_surge_multiplier,gamified_loyalty_bar,31.76,16.0,10.52
ORD-502314,23,tier_1_megacity,fixed_low_fee,one_click_express,45.28,18.0,7.71
ORD-502315,21,tier_1_megacity,fixed_low_fee,one_click_express,34.62,33.0,5.16
ORD-502316,14,tier_2_regional,dynamic_surge_multiplier,one_click_express,27.32,27.0,3.5
ORD-502317,20,tier_2_regional,dynamic_surge_multiplier,one_click_express,34.12,45.0,5.81
ORD-502318,18,tier_1_megacity,fixed_low_fee,one_click_express,29.33,37.0,6.75
ORD-502319,12,tier_3_small,fixed_low_fee,one_click_express,24.85,26.0,5.65
ORD-502320,15,tier_1_megacity,dynamic_surge_multiplier,gamified_loyalty_bar,383.6,19.0,218.96
ORD-502321,16,tier_1_megacity,dynamic_surge_multiplier,gamified_loyalty_bar,29.04,27.0,12.18
ORD-502322,12,tier_1_megacity,dynamic_surge_multiplier,gamified_loyalty_bar,45.37,30.0,1.85
ORD-502323,14,tier_1_megacity,fixed_low_fee,one_click_express,23.11,13.0,4.66
ORD-502324,23,tier_1_megacity,dynamic_surge_multiplier,gamified_loyalty_bar,45.15,22.0,9.92
ORD-502325,11,tier_2_regional,tiered_basket_subsidy,gamified_loyalty_bar,53.32,30.0,8.47
ORD-502326,21,tier_1_megacity,dynamic_surge_multiplier,one_click_express,39.68,29.0,3.62
ORD-502327,20,tier_1_megacity,dynamic_surge_multiplier,gamified_loyalty_bar,31.22,25.0,3.63
ORD-502328,20,tier_3_small,dynamic_surge_multiplier,upsell_grid_modal,15.58,23.0,-3.83
ORD-502329,13,tier_3_small,tiered_basket_subsidy,gamified_loyalty_bar,37.93,25.0,6.42
ORD-502330,14,tier_1_megacity,dynamic_surge_multiplier,gamified_loyalty_bar,48.64,34.0,6.48
ORD-502331,11,tier_2_regional,dynamic_surge_multiplier,gamified_loyalty_bar,29.93,36.0,9.82
ORD-502332,14,tier_1_megacity,dynamic_surge_multiplier,one_click_express,49.85,27.0,7.2
ORD-502333,8,tier_1_megacity,fixed_low_fee,upsell_grid_modal,50.74,14.0,4.87
ORD-502334,11,tier_2_regional,tiered_basket_subsidy,upsell_grid_modal,31.7,19.0,2.82
ORD-502335,13,tier_1_megacity,fixed_low_fee,one_click_express,41.83,33.0,6.1
ORD-502336,12,tier_3_small,dynamic_surge_multiplier,gamified_loyalty_bar,22.45,29.0,10.65
ORD-502337,16,tier_1_megacity,fixed_low_fee,upsell_grid_modal,50.75,30.0,5.57
ORD-502338,21,tier_2_regional,tiered_basket_subsidy,upsell_grid_modal,18.79,35.0,7.1
ORD-502339,13,tier_2_regional,tiered_basket_subsidy,upsell_grid_modal,28.76,31.0,6.94
ORD-502340,15,tier_2_regional,dynamic_surge_multiplier,gamified_loyalty_bar,24.23,31.0,2.67
ORD-502341,20,tier_1_megacity,tiered_basket_subsidy,one_click_express,54.53,29.0,4.61
ORD-502342,14,tier_3_small,tiered_basket_subsidy,gamified_loyalty_bar,39.31,29.0,7.04
ORD-502343,19,tier_3_small,fixed_low_fee,upsell_grid_modal,35.16,32.0,4.25
ORD-502344,20,tier_1_megacity,dynamic_surge_multiplier,upsell_grid_modal,36.01,47.0,6.11
ORD-502345,14,tier_2_regional,fixed_low_fee,gamified_loyalty_bar,28.77,33.0,3.47
ORD-502346,14,tier_1_megacity,fixed_low_fee,gamified_loyalty_bar,54.17,31.0,5.87
ORD-502347,10,tier_2_regional,dynamic_surge_multiplier,gamified_loyalty_bar,28.62,41.0,5.57
ORD-502348,10,tier_1_megacity,dynamic_surge_multiplier,one_click_express,30.08,38.0,6.21
ORD-502349,18,tier_1_megacity,dynamic_surge_multiplier,upsell_grid_modal,30.38,30.0,3.81
ORD-502350,23,tier_1_megacity,dynamic_surge_multiplier,gamified_loyalty_bar,48.32,34.0,8.78
ORD-502351,17,tier_1_megacity,dynamic_surge_multiplier,upsell_grid_modal,30.78,36.0,0.74
ORD-502352,20,tier_2_regional,tiered_basket_subsidy,gamified_loyalty_bar,48.04,32.0,7.01
ORD-502353,8,tier_1_megacity,dynamic_surge_multiplier,upsell_grid_modal,35.18,13.0,7.47
ORD-502354,10,tier_1_megacity,dynamic_surge_multiplier,gamified_loyalty_bar,33.04,39.0,6.31
ORD-502355,22,tier_2_regional,tiered_basket_subsidy,upsell_grid_modal,33.28,48.0,5.99
ORD-502356,12,tier_2_regional,dynamic_surge_multiplier,upsell_grid_modal,17.14,20.0,-0.02
ORD-502357,14,tier_1_megacity,fixed_low_fee,upsell_grid_modal,51.47,46.0,4.65
ORD-502358,18,tier_2_regional,dynamic_surge_multiplier,one_click_express,50.48,23.0,9.9
ORD-502359,16,tier_2_regional,dynamic_surge_multiplier,one_click_express,29.14,23.0,7.56
ORD-502360,21,tier_1_megacity,fixed_low_fee,gamified_loyalty_bar,37.09,34.0,4.82
ORD-502361,10,tier_2_regional,dynamic_surge_multiplier,upsell_grid_modal,17.44,41.0,-1.32
ORD-502362,15,tier_1_megacity,fixed_low_fee,gamified_loyalty_bar,29.39,41.0,2.59
ORD-502363,21,tier_1_megacity,fixed_low_fee,upsell_grid_modal,45.77,27.0,4.32
ORD-502364,20,tier_1_megacity,dynamic_surge_multiplier,gamified_loyalty_bar,45.43,29.0,5.18
ORD-502365,14,tier_1_megacity,dynamic_surge_multiplier,upsell_grid_modal,45.5,46.0,5.7
ORD-502366,16,tier_2_regional,dynamic_surge_multiplier,gamified_loyalty_bar,25.53,27.0,3.31
ORD-502367,23,tier_1_megacity,fixed_low_fee,upsell_grid_modal,42.82,30.0,6.96
ORD-502368,19,tier_1_megacity,fixed_low_fee,upsell_grid_modal,56.97,19.0,4.79
ORD-502369,10,tier_2_regional,dynamic_surge_multiplier,upsell_grid_modal,31.81,42.0,-1.99
ORD-502370,11,tier_2_regional,tiered_basket_subsidy,one_click_express,22.84,10.0,2.5
ORD-502371,9,tier_3_small,fixed_low_fee,upsell_grid_modal,28.08,33.0,3.96
ORD-502372,11,tier_1_megacity,fixed_low_fee,upsell_grid_modal,29.96,24.0,4.83
ORD-502373,18,tier_1_megacity,tiered_basket_subsidy,upsell_grid_modal,49.66,13.0,3.87
ORD-502374,18,tier_1_megacity,dynamic_surge_multiplier,one_click_express,23.96,35.0,1.81
ORD-502375,10,tier_2_regional,tiered_basket_subsidy,upsell_grid_modal,33.46,29.0,2.14
ORD-502376,15,tier_1_megacity,tiered_basket_subsidy,gamified_loyalty_bar,63.84,44.0,6.42
ORD-502377,20,tier_1_megacity,fixed_low_fee,one_click_express,37.68,43.0,4.5
ORD-502378,13,tier_1_megacity,fixed_low_fee,gamified_loyalty_bar,36.66,,5.91
ORD-502379,22,tier_2_regional,tiered_basket_subsidy,upsell_grid_modal,30.47,34.0,3.24
ORD-502380,21,tier_2_regional,fixed_low_fee,upsell_grid_modal,29.64,56.0,5.11
ORD-502381,11,tier_2_regional,tiered_basket_subsidy,one_click_express,18.44,61.0,3.85
ORD-502382,23,tier_1_megacity,dynamic_surge_multiplier,one_click_express,44.05,31.0,5.29
ORD-502383,11,tier_2_regional,dynamic_surge_multiplier,one_click_express,44.14,29.0,9.75
ORD-502384,15,tier_1_megacity,tiered_basket_subsidy,gamified_loyalty_bar,62.01,21.0,7.83
ORD-502385,11,tier_2_regional,fixed_low_fee,upsell_grid_modal,21.11,40.0,3.39
ORD-502386,23,tier_2_regional,fixed_low_fee,one_click_express,28.09,27.0,4.08
ORD-502387,20,tier_1_megacity,fixed_low_fee,upsell_grid_modal,47.13,40.0,7.17
ORD-502388,10,tier_2_regional,dynamic_surge_multiplier,upsell_grid_modal,33.69,38.0,0.49
ORD-502389,22,tier_2_regional,dynamic_surge_multiplier,upsell_grid_modal,25.81,39.0,3.82
ORD-502390,15,tier_1_megacity,tiered_basket_subsidy,gamified_loyalty_bar,44.65,40.0,10.75
ORD-502391,20,tier_1_megacity,tiered_basket_subsidy,one_click_express,37.6,25.0,6.55
ORD-502392,12,tier_1_megacity,tiered_basket_subsidy,gamified_loyalty_bar,65.35,31.0,14.42
ORD-502393,18,tier_1_megacity,dynamic_surge_multiplier,one_click_express,30.72,53.0,9.1
ORD-502394,22,tier_1_megacity,tiered_basket_subsidy,upsell_grid_modal,35.37,38.0,2.27
ORD-502395,18,tier_2_regional,fixed_low_fee,gamified_loyalty_bar,34.48,45.0,3.19
ORD-502396,19,tier_2_regional,fixed_low_fee,upsell_grid_modal,46.7,29.0,7.12
ORD-502397,23,tier_1_megacity,tiered_basket_subsidy,one_click_express,41.7,,4.92
ORD-502398,9,tier_1_megacity,tiered_basket_subsidy,upsell_grid_modal,33.07,39.0,0.57
ORD-502399,16,tier_2_regional,dynamic_surge_multiplier,one_click_express,33.27,26.0,6.4
ORD-502400,16,tier_1_megacity,fixed_low_fee,one_click_express,29.25,38.0,2.1
ORD-502401,8,tier_3_small,dynamic_surge_multiplier,upsell_grid_modal,11.23,31.0,-3.01
ORD-502402,15,tier_2_regional,dynamic_surge_multiplier,upsell_grid_modal,29.79,22.0,-0.57
ORD-502403,10,tier_2_regional,dynamic_surge_multiplier,gamified_loyalty_bar,27.07,24.0,4.39
ORD-502404,18,tier_2_regional,tiered_basket_subsidy,one_click_express,31.54,28.0,2.78
ORD-502405,22,tier_2_regional,dynamic_surge_multiplier,upsell_grid_modal,26.04,29.0,0.66
ORD-502406,20,tier_2_regional,fixed_low_fee,gamified_loyalty_bar,29.49,23.0,5.35
ORD-502407,10,tier_1_megacity,dynamic_surge_multiplier,gamified_loyalty_bar,31.69,53.0,2.84
ORD-502408,13,tier_2_regional,fixed_low_fee,upsell_grid_modal,35.97,26.0,4.61
ORD-502409,9,tier_2_regional,dynamic_surge_multiplier,one_click_express,29.69,20.0,7.78
ORD-502410,12,tier_1_megacity,tiered_basket_subsidy,one_click_express,44.59,24.0,4.87
ORD-502411,11,tier_2_regional,dynamic_surge_multiplier,gamified_loyalty_bar,31.36,29.0,10.92
ORD-502412,23,tier_1_megacity,fixed_low_fee,upsell_grid_modal,46.93,45.0,8.47
ORD-502413,20,tier_3_small,tiered_basket_subsidy,gamified_loyalty_bar,36.56,31.0,8.02
ORD-502414,19,tier_2_regional,fixed_low_fee,gamified_loyalty_bar,22.74,32.0,3.94
ORD-502415,13,tier_1_megacity,dynamic_surge_multiplier,one_click_express,53.28,42.0,7.88
ORD-502416,20,tier_2_regional,dynamic_surge_multiplier,upsell_grid_modal,21.69,37.0,3.96
ORD-502417,12,tier_1_megacity,fixed_low_fee,upsell_grid_modal,32.72,29.0,4.72
ORD-502418,19,tier_1_megacity,fixed_low_fee,gamified_loyalty_bar,53.18,-99.0,6.31
ORD-502419,16,tier_2_regional,dynamic_surge_multiplier,upsell_grid_modal,23.39,20.0,4.88
ORD-502420,23,tier_1_megacity,tiered_basket_subsidy,gamified_loyalty_bar,42.52,11.0,7.63
ORD-502421,10,tier_1_megacity,dynamic_surge_multiplier,one_click_express,30.61,43.0,8.89
ORD-502422,15,tier_1_megacity,fixed_low_fee,gamified_loyalty_bar,27.34,20.0,1.84
ORD-502423,12,tier_3_small,dynamic_surge_multiplier,one_click_express,24.18,17.0,6.17
ORD-502424,14,tier_2_regional,tiered_basket_subsidy,one_click_express,30.65,45.0,7.13
ORD-502425,15,tier_1_megacity,fixed_low_fee,upsell_grid_modal,48.05,49.0,3.22
ORD-502426,12,tier_1_megacity,dynamic_surge_multiplier,upsell_grid_modal,24.06,42.0,0.99
ORD-502427,22,tier_2_regional,fixed_low_fee,one_click_express,23.61,41.0,5.58
ORD-502428,17,tier_3_small,tiered_basket_subsidy,gamified_loyalty_bar,46.18,22.0,9.47
ORD-502429,9,tier_1_megacity,dynamic_surge_multiplier,upsell_grid_modal,42.05,18.0,-0.6
ORD-502430,12,tier_1_megacity,tiered_basket_subsidy,upsell_grid_modal,34.94,22.0,4.44
ORD-502431,10,tier_2_regional,tiered_basket_subsidy,one_click_express,24.58,34.0,3.7
ORD-502432,23,tier_2_regional,tiered_basket_subsidy,gamified_loyalty_bar,32.97,40.0,10.02
ORD-502433,14,tier_2_regional,tiered_basket_subsidy,upsell_grid_modal,35.84,37.0,5.99
ORD-502434,14,tier_2_regional,fixed_low_fee,one_click_express,23.17,45.0,7.48
ORD-502435,22,tier_1_megacity,tiered_basket_subsidy,upsell_grid_modal,27.97,43.0,5.72
ORD-502436,14,tier_2_regional,dynamic_surge_multiplier,gamified_loyalty_bar,34.04,40.0,6.05
ORD-502437,19,tier_1_megacity,fixed_low_fee,upsell_grid_modal,37.85,42.0,6.09
ORD-502438,23,tier_2_regional,tiered_basket_subsidy,one_click_express,30.86,28.0,7.82
ORD-502439,16,tier_1_megacity,dynamic_surge_multiplier,gamified_loyalty_bar,44.53,30.0,1.89
ORD-502440,22,tier_1_megacity,fixed_low_fee,gamified_loyalty_bar,39.26,43.0,6.32
ORD-502441,8,tier_2_regional,dynamic_surge_multiplier,gamified_loyalty_bar,23.77,29.0,4.71
ORD-502442,9,tier_1_megacity,dynamic_surge_multiplier,upsell_grid_modal,42.95,27.0,9.91
ORD-502443,10,tier_1_megacity,tiered_basket_subsidy,one_click_express,40.41,33.0,4.38
ORD-502444,15,tier_1_megacity,dynamic_surge_multiplier,upsell_grid_modal,19.94,34.0,4.7
ORD-502445,20,tier_2_regional,dynamic_surge_multiplier,one_click_express,25.88,22.0,2.66
ORD-502446,21,tier_1_megacity,fixed_low_fee,upsell_grid_modal,46.23,33.0,4.63
ORD-502447,14,tier_1_megacity,tiered_basket_subsidy,gamified_loyalty_bar,51.46,14.0,2.1
ORD-502448,18,tier_1_megacity,tiered_basket_subsidy,one_click_express,32.15,47.0,4.41
ORD-502449,8,tier_1_megacity,fixed_low_fee,one_click_express,37.33,40.0,2.54
ORD-502450,19,tier_1_megacity,tiered_basket_subsidy,upsell_grid_modal,41.39,36.0,5.5
ORD-502451,11,tier_2_regional,dynamic_surge_multiplier,gamified_loyalty_bar,18.79,50.0,6.91
ORD-502452,15,tier_3_small,fixed_low_fee,upsell_grid_modal,20.6,47.0,5.73
ORD-502453,14,tier_1_megacity,tiered_basket_subsidy,upsell_grid_modal,41.74,14.0,7.6
ORD-502454,12,tier_1_megacity,fixed_low_fee,gamified_loyalty_bar,42.6,10.0,1.43
ORD-502455,15,tier_2_regional,tiered_basket_subsidy,upsell_grid_modal,21.42,42.0,6.8
ORD-502456,16,tier_3_small,tiered_basket_subsidy,one_click_express,16.7,40.0,6.37
ORD-502457,20,tier_3_small,tiered_basket_subsidy,gamified_loyalty_bar,36.79,33.0,10.66
ORD-502458,23,tier_1_megacity,tiered_basket_subsidy,upsell_grid_modal,51.72,33.0,2.0
ORD-502459,18,tier_1_megacity,fixed_low_fee,gamified_loyalty_bar,42.52,27.0,3.21
ORD-502460,11,tier_1_megacity,dynamic_surge_multiplier,gamified_loyalty_bar,36.64,22.0,-1.0
ORD-502461,23,tier_2_regional,tiered_basket_subsidy,one_click_express,23.1,31.0,4.71
ORD-502462,11,tier_2_regional,fixed_low_fee,gamified_loyalty_bar,25.71,32.0,3.72
ORD-502463,18,tier_2_regional,dynamic_surge_multiplier,upsell_grid_modal,19.49,26.0,-1.09
ORD-502464,18,tier_1_megacity,dynamic_surge_multiplier,one_click_express,52.77,20.0,9.3
ORD-502465,12,tier_2_regional,tiered_basket_subsidy,upsell_grid_modal,28.36,19.0,5.2
ORD-502466,12,tier_1_megacity,fixed_low_fee,upsell_grid_modal,46.29,20.0,5.63
ORD-502467,10,tier_2_regional,tiered_basket_subsidy,one_click_express,30.89,25.0,7.5
ORD-502468,13,tier_3_small,dynamic_surge_multiplier,gamified_loyalty_bar,26.89,24.0,7.87
ORD-502469,19,tier_1_megacity,tiered_basket_subsidy,upsell_grid_modal,35.31,15.0,0.74
ORD-502470,20,tier_1_megacity,dynamic_surge_multiplier,upsell_grid_modal,21.15,23.0,5.17
ORD-502471,14,tier_1_megacity,dynamic_surge_multiplier,one_click_express,44.88,44.0,6.57
ORD-502472,14,,tiered_basket_subsidy,gamified_loyalty_bar,48.59,38.0,11.95
ORD-502473,20,tier_3_small,fixed_low_fee,gamified_loyalty_bar,21.27,25.0,5.92
ORD-502474,14,tier_1_megacity,tiered_basket_subsidy,one_click_express,46.29,35.0,6.3
ORD-502475,9,tier_3_small,fixed_low_fee,gamified_loyalty_bar,21.85,15.0,6.01
ORD-502476,16,tier_1_megacity,tiered_basket_subsidy,gamified_loyalty_bar,52.26,29.0,7.33
ORD-502477,10,tier_2_regional,fixed_low_fee,upsell_grid_modal,23.28,34.0,2.48
ORD-502478,10,tier_1_megacity,dynamic_surge_multiplier,one_click_express,45.78,24.0,11.39
ORD-502479,15,tier_2_regional,fixed_low_fee,upsell_grid_modal,28.82,19.0,8.53
ORD-502480,22,tier_3_small,tiered_basket_subsidy,gamified_loyalty_bar,39.37,31.0,10.72
ORD-502481,8,tier_2_regional,fixed_low_fee,upsell_grid_modal,40.4,19.0,9.62
ORD-502482,9,tier_2_regional,fixed_low_fee,upsell_grid_modal,37.05,55.0,6.87
ORD-502483,15,tier_1_megacity,tiered_basket_subsidy,upsell_grid_modal,34.27,34.0,4.05
ORD-502484,10,tier_1_megacity,tiered_basket_subsidy,one_click_express,38.59,27.0,5.2
ORD-502485,22,tier_1_megacity,dynamic_surge_multiplier,gamified_loyalty_bar,42.58,26.0,8.51
ORD-502486,15,tier_1_megacity,dynamic_surge_multiplier,one_click_express,49.98,38.0,8.97
ORD-502487,20,tier_1_megacity,dynamic_surge_multiplier,one_click_express,32.15,21.0,9.98
ORD-502488,8,tier_1_megacity,dynamic_surge_multiplier,gamified_loyalty_bar,38.4,35.0,-3.26
ORD-502489,17,tier_3_small,tiered_basket_subsidy,upsell_grid_modal,29.39,23.0,5.54
ORD-502490,10,tier_1_megacity,dynamic_surge_multiplier,gamified_loyalty_bar,22.78,42.0,0.49
ORD-502491,16,tier_2_regional,dynamic_surge_multiplier,upsell_grid_modal,27.99,30.0,1.27
ORD-502492,16,tier_3_small,dynamic_surge_multiplier,gamified_loyalty_bar,29.89,34.0,7.64
ORD-502493,8,tier_2_regional,dynamic_surge_multiplier,upsell_grid_modal,29.87,29.0,0.78
ORD-502494,20,tier_2_regional,tiered_basket_subsidy,one_click_express,38.53,16.0,4.86
ORD-502495,17,tier_3_small,dynamic_surge_multiplier,upsell_grid_modal,8.0,53.0,2.73
ORD-502496,14,tier_1_megacity,dynamic_surge_multiplier,one_click_express,37.92,27.0,7.19
ORD-502497,17,tier_3_small,fixed_low_fee,one_click_express,15.01,49.0,2.82
ORD-502498,22,tier_2_regional,fixed_low_fee,upsell_grid_modal,31.25,10.0,4.68
ORD-502499,9,tier_1_megacity,fixed_low_fee,one_click_express,26.63,23.0,3.68
ORD-502500,16,tier_2_regional,dynamic_surge_multiplier,gamified_loyalty_bar,24.35,21.0,6.51
ORD-502501,19,tier_2_regional,dynamic_surge_multiplier,upsell_grid_modal,19.93,28.0,0.23
ORD-502502,9,tier_3_small,fixed_low_fee,one_click_express,24.43,23.0,4.52
ORD-502503,19,tier_1_megacity,dynamic_surge_multiplier,one_click_express,46.98,20.0,3.04
ORD-502504,13,tier_3_small,dynamic_surge_multiplier,upsell_grid_modal,19.38,29.0,5.64
ORD-502505,8,tier_1_megacity,fixed_low_fee,upsell_grid_modal,52.2,37.0,8.34
ORD-502506,12,tier_2_regional,tiered_basket_subsidy,upsell_grid_modal,29.35,30.0,3.4
ORD-502507,8,tier_2_regional,fixed_low_fee,gamified_loyalty_bar,27.36,14.0,1.95
ORD-502508,18,tier_2_regional,tiered_basket_subsidy,gamified_loyalty_bar,42.09,31.0,8.75
ORD-502509,8,tier_1_megacity,tiered_basket_subsidy,one_click_express,37.34,31.0,2.94
ORD-502510,8,tier_2_regional,tiered_basket_subsidy,one_click_express,17.69,62.0,6.06
ORD-502511,10,tier_2_regional,tiered_basket_subsidy,one_click_express,30.56,40.0,7.58
ORD-502512,15,tier_2_regional,fixed_low_fee,gamified_loyalty_bar,33.19,24.0,2.78
ORD-502513,19,tier_1_megacity,tiered_basket_subsidy,one_click_express,18.51,,8.77
ORD-502514,19,tier_1_megacity,tiered_basket_subsidy,upsell_grid_modal,41.87,25.0,4.45
ORD-502515,14,tier_3_small,fixed_low_fee,upsell_grid_modal,28.02,11.0,8.43
ORD-502516,18,tier_2_regional,dynamic_surge_multiplier,gamified_loyalty_bar,31.48,45.0,8.04
ORD-502517,10,tier_1_megacity,tiered_basket_subsidy,gamified_loyalty_bar,46.08,34.0,8.51
ORD-502518,8,tier_1_megacity,dynamic_surge_multiplier,gamified_loyalty_bar,33.71,25.0,7.09
ORD-502519,22,tier_1_megacity,tiered_basket_subsidy,upsell_grid_modal,50.33,31.0,4.7
ORD-502520,15,tier_3_small,fixed_low_fee,gamified_loyalty_bar,23.89,22.0,2.43
ORD-502521,18,tier_2_regional,dynamic_surge_multiplier,one_click_express,34.34,21.0,6.99
ORD-502522,16,tier_2_regional,dynamic_surge_multiplier,one_click_express,31.03,36.0,6.48
ORD-502523,15,tier_2_regional,dynamic_surge_multiplier,upsell_grid_modal,32.6,44.0,2.97
ORD-502524,14,tier_3_small,dynamic_surge_multiplier,gamified_loyalty_bar,19.09,26.0,9.18
ORD-502525,16,tier_3_small,fixed_low_fee,upsell_grid_modal,25.26,-99.0,4.07
ORD-502526,10,tier_2_regional,dynamic_surge_multiplier,one_click_express,36.89,42.0,11.95
ORD-502527,9,tier_3_small,dynamic_surge_multiplier,one_click_express,23.03,11.0,8.41
ORD-502528,13,tier_1_megacity,dynamic_surge_multiplier,gamified_loyalty_bar,44.35,45.0,6.44
ORD-502529,18,tier_3_small,tiered_basket_subsidy,upsell_grid_modal,16.25,39.0,3.03
ORD-502530,20,tier_2_regional,dynamic_surge_multiplier,upsell_grid_modal,30.7,14.0,3.48
ORD-502531,11,tier_1_megacity,fixed_low_fee,gamified_loyalty_bar,24.54,21.0,4.44
ORD-502532,12,tier_2_regional,fixed_low_fee,upsell_grid_modal,25.52,21.0,2.77
ORD-502533,11,tier_3_small,tiered_basket_subsidy,one_click_express,23.57,20.0,7.69
ORD-502534,18,tier_2_regional,dynamic_surge_multiplier,upsell_grid_modal,14.43,36.0,4.62
ORD-502535,12,tier_2_regional,tiered_basket_subsidy,one_click_express,14.75,26.0,3.42
ORD-502536,18,tier_2_regional,fixed_low_fee,one_click_express,29.47,34.0,0.38
ORD-502537,20,tier_1_megacity,dynamic_surge_multiplier,upsell_grid_modal,34.53,39.0,-0.45
ORD-502538,10,tier_1_megacity,dynamic_surge_multiplier,gamified_loyalty_bar,33.19,,7.03
ORD-502539,8,tier_3_small,dynamic_surge_multiplier,upsell_grid_modal,11.79,28.0,9.25
ORD-502540,18,tier_3_small,tiered_basket_subsidy,one_click_express,20.56,25.0,9.45
ORD-502541,10,tier_2_regional,fixed_low_fee,upsell_grid_modal,35.19,13.0,7.52
ORD-502542,14,tier_1_megacity,dynamic_surge_multiplier,upsell_grid_modal,60.37,46.0,3.83
ORD-502543,22,tier_1_megacity,fixed_low_fee,gamified_loyalty_bar,50.84,35.0,4.22
ORD-502544,21,tier_1_megacity,fixed_low_fee,gamified_loyalty_bar,45.76,34.0,5.8
ORD-502545,18,tier_2_regional,tiered_basket_subsidy,upsell_grid_modal,32.63,25.0,7.24
ORD-502546,14,tier_3_small,fixed_low_fee,gamified_loyalty_bar,20.6,33.0,7.67
ORD-502547,20,tier_1_megacity,fixed_low_fee,gamified_loyalty_bar,45.91,32.0,4.59
ORD-502548,12,tier_2_regional,dynamic_surge_multiplier,upsell_grid_modal,18.75,30.0,3.73
ORD-502549,10,tier_1_megacity,dynamic_surge_multiplier,gamified_loyalty_bar,37.01,24.0,0.94
ORD-502550,23,tier_1_megacity,dynamic_surge_multiplier,upsell_grid_modal,43.85,24.0,3.38
ORD-502551,22,,tiered_basket_subsidy,upsell_grid_modal,54.46,35.0,3.02
ORD-502552,14,tier_1_megacity,dynamic_surge_multiplier,gamified_loyalty_bar,31.48,32.0,2.02
ORD-502553,21,tier_1_megacity,dynamic_surge_multiplier,one_click_express,39.1,30.0,8.69
ORD-502554,22,tier_1_megacity,fixed_low_fee,gamified_loyalty_bar,33.9,10.0,3.68
ORD-502555,11,tier_1_megacity,fixed_low_fee,upsell_grid_modal,38.27,48.0,4.57
ORD-502556,16,tier_1_megacity,dynamic_surge_multiplier,upsell_grid_modal,34.57,36.0,6.25
ORD-502557,18,tier_1_megacity,tiered_basket_subsidy,gamified_loyalty_bar,54.03,45.0,9.72
ORD-502558,11,tier_3_small,dynamic_surge_multiplier,gamified_loyalty_bar,17.58,45.0,3.54
ORD-502559,13,tier_1_megacity,tiered_basket_subsidy,upsell_grid_modal,59.0,45.0,4.23
ORD-502560,9,tier_3_small,tiered_basket_subsidy,gamified_loyalty_bar,44.65,16.0,6.32
ORD-502561,10,tier_1_megacity,fixed_low_fee,upsell_grid_modal,47.52,32.0,5.58
ORD-502562,11,tier_2_regional,tiered_basket_subsidy,upsell_grid_modal,25.43,15.0,3.22
ORD-502563,13,tier_2_regional,tiered_basket_subsidy,upsell_grid_modal,21.88,49.0,3.33
ORD-502564,22,tier_2_regional,dynamic_surge_multiplier,upsell_grid_modal,15.12,52.0,3.78
ORD-502565,18,tier_2_regional,dynamic_surge_multiplier,one_click_express,42.37,29.0,10.98
ORD-502566,23,tier_1_megacity,fixed_low_fee,upsell_grid_modal,42.22,33.0,5.6
ORD-502567,9,tier_3_small,tiered_basket_subsidy,upsell_grid_modal,27.7,42.0,8.52
ORD-502568,16,tier_2_regional,fixed_low_fee,gamified_loyalty_bar,34.81,36.0,5.51
ORD-502569,12,tier_2_regional,fixed_low_fee,gamified_loyalty_bar,24.87,50.0,6.26
ORD-502570,14,tier_3_small,tiered_basket_subsidy,gamified_loyalty_bar,33.54,40.0,8.1
ORD-502571,13,tier_1_megacity,tiered_basket_subsidy,upsell_grid_modal,24.85,19.0,3.76
ORD-502572,14,tier_1_megacity,fixed_low_fee,upsell_grid_modal,36.5,22.0,4.35
ORD-502573,19,tier_1_megacity,dynamic_surge_multiplier,upsell_grid_modal,40.99,26.0,3.84
ORD-502574,15,tier_1_megacity,fixed_low_fee,upsell_grid_modal,44.71,,9.08
ORD-502575,14,tier_3_small,dynamic_surge_multiplier,upsell_grid_modal,16.76,34.0,0.71
ORD-502576,17,tier_1_megacity,fixed_low_fee,one_click_express,48.73,40.0,0.36
ORD-502577,15,tier_2_regional,dynamic_surge_multiplier,one_click_express,46.2,30.0,6.01
ORD-502578,11,tier_1_megacity,tiered_basket_subsidy,upsell_grid_modal,53.1,10.0,4.03
ORD-502579,20,tier_3_small,fixed_low_fee,gamified_loyalty_bar,24.59,35.0,4.6
ORD-502580,16,tier_1_megacity,dynamic_surge_multiplier,upsell_grid_modal,22.74,41.0,2.1
ORD-502581,13,tier_1_megacity,tiered_basket_subsidy,gamified_loyalty_bar,34.04,37.0,8.76
ORD-502582,20,tier_2_regional,dynamic_surge_multiplier,one_click_express,34.44,22.0,5.15
ORD-502583,12,tier_1_megacity,dynamic_surge_multiplier,one_click_express,47.43,29.0,11.23
ORD-502584,13,tier_3_small,fixed_low_fee,one_click_express,33.01,32.0,5.63
ORD-502585,11,tier_3_small,dynamic_surge_multiplier,one_click_express,30.03,26.0,2.45
ORD-502586,20,tier_1_megacity,tiered_basket_subsidy,one_click_express,48.44,15.0,3.15
ORD-502587,12,tier_2_regional,tiered_basket_subsidy,one_click_express,21.6,42.0,5.5
ORD-502588,13,tier_1_megacity,dynamic_surge_multiplier,gamified_loyalty_bar,40.94,34.0,7.16
ORD-502589,17,tier_1_megacity,dynamic_surge_multiplier,gamified_loyalty_bar,19.52,36.0,9.55
ORD-502590,19,tier_1_megacity,dynamic_surge_multiplier,gamified_loyalty_bar,52.58,47.0,2.92
ORD-502591,23,tier_2_regional,dynamic_surge_multiplier,upsell_grid_modal,11.17,49.0,2.35
ORD-502592,19,tier_1_megacity,dynamic_surge_multiplier,gamified_loyalty_bar,43.29,33.0,5.03
ORD-502593,15,tier_2_regional,fixed_low_fee,gamified_loyalty_bar,29.67,33.0,4.29
ORD-502594,23,tier_2_regional,fixed_low_fee,gamified_loyalty_bar,35.91,20.0,2.14
ORD-502595,8,tier_1_megacity,tiered_basket_subsidy,upsell_grid_modal,45.72,40.0,4.33
ORD-502596,23,tier_1_megacity,fixed_low_fee,one_click_express,52.39,31.0,5.64
ORD-502597,22,tier_3_small,dynamic_surge_multiplier,upsell_grid_modal,15.0,34.0,-0.02
ORD-502598,16,tier_2_regional,fixed_low_fee,gamified_loyalty_bar,31.43,28.0,5.47
ORD-502599,23,tier_1_megacity,dynamic_surge_multiplier,gamified_loyalty_bar,45.04,32.0,7.83
ORD-502600,9,tier_1_megacity,dynamic_surge_multiplier,gamified_loyalty_bar,41.9,43.0,7.68
ORD-502601,9,tier_2_regional,fixed_low_fee,one_click_express,37.53,34.0,2.75
ORD-502602,22,tier_1_megacity,tiered_basket_subsidy,upsell_grid_modal,28.11,19.0,5.95
ORD-502603,13,tier_2_regional,fixed_low_fee,gamified_loyalty_bar,19.53,32.0,0.45
ORD-502604,13,tier_1_megacity,fixed_low_fee,gamified_loyalty_bar,39.04,58.0,3.33
ORD-502605,13,tier_2_regional,fixed_low_fee,upsell_grid_modal,496.17,29.0,159.89
ORD-502606,12,tier_3_small,dynamic_surge_multiplier,gamified_loyalty_bar,23.04,35.0,3.01
ORD-502607,10,tier_1_megacity,tiered_basket_subsidy,gamified_loyalty_bar,43.26,39.0,8.2
ORD-502608,8,tier_1_megacity,fixed_low_fee,gamified_loyalty_bar,40.67,41.0,5.16
ORD-502609,9,tier_3_small,fixed_low_fee,gamified_loyalty_bar,26.5,29.0,7.8
ORD-502610,16,tier_2_regional,tiered_basket_subsidy,gamified_loyalty_bar,38.65,32.0,10.38
ORD-502611,14,tier_1_megacity,dynamic_surge_multiplier,gamified_loyalty_bar,26.01,27.0,9.73
ORD-502612,21,tier_3_small,tiered_basket_subsidy,one_click_express,8.0,37.0,10.28
ORD-502613,14,tier_1_megacity,dynamic_surge_multiplier,one_click_express,39.95,39.0,10.84
ORD-502614,19,tier_2_regional,fixed_low_fee,one_click_express,18.5,30.0,2.86
ORD-502615,16,tier_1_megacity,fixed_low_fee,one_click_express,39.03,32.0,2.26
ORD-502616,23,tier_1_megacity,fixed_low_fee,gamified_loyalty_bar,47.87,23.0,3.08
ORD-502617,12,tier_1_megacity,tiered_basket_subsidy,upsell_grid_modal,26.34,26.0,8.32
ORD-502618,16,tier_2_regional,dynamic_surge_multiplier,upsell_grid_modal,15.66,29.0,-1.47
ORD-502619,22,tier_1_megacity,dynamic_surge_multiplier,one_click_express,36.51,25.0,1.39
ORD-502620,12,tier_1_megacity,fixed_low_fee,gamified_loyalty_bar,37.44,25.0,4.31
ORD-502621,10,tier_2_regional,fixed_low_fee,one_click_express,22.81,27.0,2.79
ORD-502622,21,tier_2_regional,dynamic_surge_multiplier,upsell_grid_modal,12.58,13.0,3.36
ORD-502623,11,tier_3_small,tiered_basket_subsidy,gamified_loyalty_bar,27.48,22.0,9.95
ORD-502624,19,tier_2_regional,dynamic_surge_multiplier,upsell_grid_modal,15.59,29.0,-2.62
ORD-502625,17,tier_1_megacity,fixed_low_fee,one_click_express,45.17,10.0,3.8
ORD-502626,14,tier_2_regional,dynamic_surge_multiplier,one_click_express,35.17,26.0,7.76
ORD-502627,13,tier_2_regional,tiered_basket_subsidy,gamified_loyalty_bar,40.64,46.0,7.76
ORD-502628,14,tier_2_regional,dynamic_surge_multiplier,upsell_grid_modal,19.03,24.0,0.06
ORD-502629,19,tier_1_megacity,tiered_basket_subsidy,gamified_loyalty_bar,62.82,11.0,10.24
ORD-502630,23,tier_2_regional,fixed_low_fee,upsell_grid_modal,39.28,41.0,5.52
ORD-502631,14,tier_2_regional,dynamic_surge_multiplier,upsell_grid_modal,16.6,35.0,-6.01
ORD-502632,23,tier_2_regional,dynamic_surge_multiplier,upsell_grid_modal,19.98,32.0,3.51
ORD-502633,23,tier_1_megacity,tiered_basket_subsidy,upsell_grid_modal,33.88,30.0,3.15
ORD-502634,13,tier_2_regional,tiered_basket_subsidy,gamified_loyalty_bar,39.89,28.0,6.98
ORD-502635,12,tier_2_regional,fixed_low_fee,one_click_express,38.52,31.0,4.17
ORD-502636,23,tier_1_megacity,tiered_basket_subsidy,one_click_express,56.3,40.0,0.57
ORD-502637,9,tier_2_regional,fixed_low_fee,one_click_express,34.82,33.0,5.5
ORD-502638,21,tier_3_small,dynamic_surge_multiplier,gamified_loyalty_bar,22.49,19.0,9.62
ORD-502639,13,tier_1_megacity,dynamic_surge_multiplier,upsell_grid_modal,33.42,22.0,4.19
ORD-502640,22,tier_1_megacity,fixed_low_fee,gamified_loyalty_bar,53.45,39.0,2.44
ORD-502641,12,tier_2_regional,fixed_low_fee,gamified_loyalty_bar,34.53,30.0,5.51
ORD-502642,11,tier_1_megacity,tiered_basket_subsidy,upsell_grid_modal,47.6,35.0,7.92
ORD-502643,17,tier_1_megacity,fixed_low_fee,upsell_grid_modal,52.08,27.0,4.04
ORD-502644,9,tier_2_regional,fixed_low_fee,gamified_loyalty_bar,28.57,21.0,9.31
ORD-502645,20,tier_1_megacity,fixed_low_fee,gamified_loyalty_bar,41.04,36.0,6.82
ORD-502646,12,tier_1_megacity,tiered_basket_subsidy,upsell_grid_modal,38.2,30.0,10.58
ORD-502647,15,tier_2_regional,fixed_low_fee,upsell_grid_modal,33.22,43.0,5.7
ORD-502648,8,tier_1_megacity,fixed_low_fee,gamified_loyalty_bar,33.25,35.0,2.71
ORD-502649,18,tier_3_small,dynamic_surge_multiplier,gamified_loyalty_bar,18.97,33.0,10.13
ORD-502650,9,tier_1_megacity,dynamic_surge_multiplier,upsell_grid_modal,27.83,26.0,3.91
ORD-502651,18,tier_3_small,fixed_low_fee,upsell_grid_modal,26.47,24.0,6.34
ORD-502652,9,tier_2_regional,dynamic_surge_multiplier,gamified_loyalty_bar,31.43,32.0,4.2
ORD-502653,11,tier_1_megacity,tiered_basket_subsidy,upsell_grid_modal,29.43,23.0,6.22
ORD-502654,23,tier_1_megacity,fixed_low_fee,one_click_express,43.08,32.0,6.17
ORD-502655,21,tier_1_megacity,fixed_low_fee,upsell_grid_modal,58.53,45.0,7.6
ORD-502656,22,tier_1_megacity,tiered_basket_subsidy,gamified_loyalty_bar,47.29,28.0,4.47
ORD-502657,16,tier_1_megacity,tiered_basket_subsidy,one_click_express,34.53,30.0,1.0
ORD-502658,23,tier_1_megacity,dynamic_surge_multiplier,upsell_grid_modal,33.05,40.0,0.93
ORD-502659,19,tier_2_regional,dynamic_surge_multiplier,gamified_loyalty_bar,32.18,42.0,2.49
ORD-502660,11,tier_1_megacity,tiered_basket_subsidy,upsell_grid_modal,32.27,29.0,2.26
ORD-502661,15,tier_2_regional,dynamic_surge_multiplier,one_click_express,40.73,27.0,12.21
ORD-502662,18,tier_1_megacity,tiered_basket_subsidy,gamified_loyalty_bar,58.04,35.0,8.76
ORD-502663,8,tier_3_small,fixed_low_fee,upsell_grid_modal,31.29,29.0,7.76
ORD-502664,15,tier_2_regional,dynamic_surge_multiplier,one_click_express,42.27,59.0,9.09
ORD-502665,23,tier_1_megacity,fixed_low_fee,upsell_grid_modal,34.77,26.0,5.02
ORD-502666,19,tier_2_regional,dynamic_surge_multiplier,upsell_grid_modal,21.16,28.0,5.42
ORD-502667,8,tier_1_megacity,fixed_low_fee,gamified_loyalty_bar,50.21,43.0,2.52
ORD-502668,17,tier_1_megacity,tiered_basket_subsidy,upsell_grid_modal,48.89,33.0,5.78
ORD-502669,14,tier_1_megacity,dynamic_surge_multiplier,one_click_express,31.75,41.0,7.69
ORD-502670,14,tier_2_regional,fixed_low_fee,one_click_express,25.15,23.0,4.12
ORD-502671,11,tier_1_megacity,fixed_low_fee,upsell_grid_modal,42.38,40.0,5.46
ORD-502672,10,tier_1_megacity,tiered_basket_subsidy,one_click_express,43.21,34.0,5.15
ORD-502673,14,tier_1_megacity,tiered_basket_subsidy,gamified_loyalty_bar,52.21,43.0,10.35
ORD-502674,17,tier_1_megacity,dynamic_surge_multiplier,upsell_grid_modal,39.45,15.0,1.15
ORD-502675,10,tier_2_regional,tiered_basket_subsidy,gamified_loyalty_bar,48.28,25.0,5.26
ORD-502676,8,tier_1_megacity,tiered_basket_subsidy,gamified_loyalty_bar,55.36,42.0,8.52
ORD-502677,12,tier_1_megacity,fixed_low_fee,upsell_grid_modal,37.73,31.0,4.67
ORD-502678,15,tier_2_regional,tiered_basket_subsidy,one_click_express,38.16,35.0,5.23
ORD-502679,16,tier_2_regional,fixed_low_fee,upsell_grid_modal,40.85,26.0,7.03
ORD-502680,17,tier_1_megacity,fixed_low_fee,upsell_grid_modal,44.39,31.0,6.9
ORD-502681,12,tier_3_small,tiered_basket_subsidy,one_click_express,14.55,44.0,6.49
ORD-502682,16,tier_2_regional,fixed_low_fee,gamified_loyalty_bar,22.94,39.0,6.28
ORD-502683,22,tier_2_regional,dynamic_surge_multiplier,one_click_express,39.07,20.0,3.51
ORD-502684,21,tier_1_megacity,dynamic_surge_multiplier,gamified_loyalty_bar,41.75,24.0,-0.4
ORD-502685,22,tier_1_megacity,fixed_low_fee,gamified_loyalty_bar,36.85,30.0,0.33
ORD-502686,10,tier_3_small,fixed_low_fee,one_click_express,16.04,38.0,5.09
ORD-502687,16,tier_1_megacity,dynamic_surge_multiplier,one_click_express,50.13,31.0,3.43
ORD-502688,23,tier_2_regional,tiered_basket_subsidy,one_click_express,27.62,34.0,7.93
ORD-502689,18,tier_1_megacity,dynamic_surge_multiplier,gamified_loyalty_bar,39.22,36.0,3.47
ORD-502690,23,tier_1_megacity,tiered_basket_subsidy,gamified_loyalty_bar,53.31,11.0,11.31
ORD-502691,22,tier_2_regional,tiered_basket_subsidy,gamified_loyalty_bar,41.44,29.0,9.68
ORD-502692,12,tier_1_megacity,dynamic_surge_multiplier,gamified_loyalty_bar,48.38,36.0,6.52
ORD-502693,15,tier_1_megacity,fixed_low_fee,one_click_express,43.97,29.0,1.3
ORD-502694,21,tier_2_regional,tiered_basket_subsidy,upsell_grid_modal,17.89,32.0,6.73
ORD-502695,11,tier_2_regional,fixed_low_fee,one_click_express,18.85,18.0,5.05
ORD-502696,23,tier_3_small,fixed_low_fee,upsell_grid_modal,28.28,32.0,6.69
ORD-502697,23,tier_2_regional,tiered_basket_subsidy,upsell_grid_modal,19.96,59.0,1.0
ORD-502698,10,tier_1_megacity,fixed_low_fee,gamified_loyalty_bar,31.85,27.0,3.52
ORD-502699,10,tier_1_megacity,tiered_basket_subsidy,one_click_express,31.98,20.0,5.84
ORD-502700,23,tier_3_small,fixed_low_fee,one_click_express,18.22,37.0,4.52
ORD-502701,16,tier_1_megacity,dynamic_surge_multiplier,one_click_express,53.49,35.0,10.71
ORD-502702,22,tier_1_megacity,fixed_low_fee,upsell_grid_modal,47.15,,9.38
ORD-502703,22,tier_2_regional,tiered_basket_subsidy,upsell_grid_modal,25.09,34.0,3.06
ORD-502704,20,tier_2_regional,dynamic_surge_multiplier,one_click_express,40.45,35.0,4.22
ORD-502705,16,,dynamic_surge_multiplier,one_click_express,50.83,23.0,8.17
ORD-502706,10,tier_2_regional,fixed_low_fee,one_click_express,23.18,,5.38
ORD-502707,23,tier_1_megacity,dynamic_surge_multiplier,gamified_loyalty_bar,22.8,31.0,3.59
ORD-502708,14,tier_2_regional,dynamic_surge_multiplier,one_click_express,24.13,,8.78
ORD-502709,17,tier_1_megacity,dynamic_surge_multiplier,upsell_grid_modal,45.82,45.0,3.0
ORD-502710,23,tier_2_regional,fixed_low_fee,upsell_grid_modal,41.74,33.0,2.98
ORD-502711,20,tier_1_megacity,dynamic_surge_multiplier,upsell_grid_modal,38.68,45.0,2.39
ORD-502712,23,tier_2_regional,dynamic_surge_multiplier,one_click_express,30.76,23.0,3.95
ORD-502713,8,tier_3_small,fixed_low_fee,gamified_loyalty_bar,18.95,16.0,4.26
ORD-502714,14,tier_2_regional,tiered_basket_subsidy,gamified_loyalty_bar,41.88,39.0,10.19
ORD-502715,10,tier_2_regional,dynamic_surge_multiplier,one_click_express,27.25,26.0,9.7
ORD-502716,12,tier_1_megacity,fixed_low_fee,one_click_express,50.57,42.0,3.14
ORD-502717,17,tier_3_small,fixed_low_fee,gamified_loyalty_bar,28.11,37.0,4.44
ORD-502718,11,tier_1_megacity,dynamic_surge_multiplier,gamified_loyalty_bar,41.46,39.0,9.44
ORD-502719,15,tier_1_megacity,tiered_basket_subsidy,gamified_loyalty_bar,40.65,25.0,11.54
ORD-502720,12,tier_2_regional,dynamic_surge_multiplier,one_click_express,32.63,28.0,5.57
ORD-502721,9,tier_1_megacity,dynamic_surge_multiplier,gamified_loyalty_bar,32.91,17.0,3.71
ORD-502722,15,tier_1_megacity,tiered_basket_subsidy,gamified_loyalty_bar,51.21,25.0,8.48
ORD-502723,11,tier_2_regional,fixed_low_fee,gamified_loyalty_bar,24.36,28.0,2.62
ORD-502724,16,tier_1_megacity,fixed_low_fee,upsell_grid_modal,32.44,36.0,3.74
ORD-502725,18,tier_1_megacity,dynamic_surge_multiplier,upsell_grid_modal,47.04,40.0,10.53
ORD-502726,9,tier_3_small,tiered_basket_subsidy,upsell_grid_modal,28.1,28.0,8.71
ORD-502727,11,tier_1_megacity,tiered_basket_subsidy,upsell_grid_modal,34.82,42.0,6.97
ORD-502728,21,tier_1_megacity,fixed_low_fee,gamified_loyalty_bar,41.96,30.0,5.2
ORD-502729,22,tier_1_megacity,fixed_low_fee,one_click_express,45.26,30.0,4.01
ORD-502730,10,tier_2_regional,dynamic_surge_multiplier,one_click_express,28.48,18.0,1.17
ORD-502731,19,tier_1_megacity,tiered_basket_subsidy,upsell_grid_modal,31.26,41.0,4.99
ORD-502732,17,tier_1_megacity,tiered_basket_subsidy,upsell_grid_modal,40.26,28.0,0.2
ORD-502733,14,tier_1_megacity,fixed_low_fee,upsell_grid_modal,40.48,22.0,6.6
ORD-502734,23,tier_1_megacity,tiered_basket_subsidy,one_click_express,36.57,31.0,7.08
ORD-502735,20,tier_1_megacity,dynamic_surge_multiplier,one_click_express,29.81,26.0,8.9
ORD-502736,22,tier_1_megacity,tiered_basket_subsidy,one_click_express,45.96,42.0,6.72
ORD-502737,16,tier_2_regional,fixed_low_fee,upsell_grid_modal,31.23,24.0,3.82
ORD-502738,12,tier_1_megacity,fixed_low_fee,upsell_grid_modal,38.06,29.0,5.75
ORD-502739,20,tier_2_regional,fixed_low_fee,one_click_express,21.22,32.0,9.04
ORD-502740,21,tier_1_megacity,tiered_basket_subsidy,gamified_loyalty_bar,41.48,41.0,9.31
ORD-502741,23,tier_1_megacity,fixed_low_fee,gamified_loyalty_bar,40.33,41.0,5.72
ORD-502742,8,tier_2_regional,tiered_basket_subsidy,gamified_loyalty_bar,45.03,43.0,10.37
ORD-502743,9,tier_1_megacity,tiered_basket_subsidy,one_click_express,39.63,38.0,5.98
ORD-502744,16,tier_2_regional,dynamic_surge_multiplier,gamified_loyalty_bar,11.38,48.0,8.87
ORD-502745,13,tier_2_regional,dynamic_surge_multiplier,upsell_grid_modal,22.68,34.0,1.2
ORD-502746,21,tier_1_megacity,dynamic_surge_multiplier,upsell_grid_modal,46.13,32.0,2.96
ORD-502747,11,tier_2_regional,dynamic_surge_multiplier,one_click_express,35.0,36.0,15.92
ORD-502748,20,tier_1_megacity,dynamic_surge_multiplier,one_click_express,31.65,53.0,12.66
ORD-502749,10,tier_2_regional,fixed_low_fee,one_click_express,29.35,25.0,8.14
ORD-502750,15,tier_2_regional,tiered_basket_subsidy,upsell_grid_modal,22.93,38.0,6.13
ORD-502751,14,tier_2_regional,fixed_low_fee,upsell_grid_modal,40.6,26.0,5.69
ORD-502752,15,tier_2_regional,dynamic_surge_multiplier,upsell_grid_modal,22.78,37.0,3.2
ORD-502753,23,tier_3_small,tiered_basket_subsidy,one_click_express,37.1,35.0,5.57
ORD-502754,17,tier_1_megacity,fixed_low_fee,one_click_express,27.97,32.0,4.35
ORD-502755,8,tier_2_regional,dynamic_surge_multiplier,gamified_loyalty_bar,33.58,40.0,4.89
ORD-502756,22,tier_1_megacity,fixed_low_fee,one_click_express,34.95,31.0,1.19
ORD-502757,8,tier_1_megacity,tiered_basket_subsidy,gamified_loyalty_bar,49.25,25.0,5.35
ORD-502758,20,tier_1_megacity,fixed_low_fee,gamified_loyalty_bar,41.54,17.0,6.53
ORD-502759,17,tier_1_megacity,fixed_low_fee,gamified_loyalty_bar,47.9,42.0,4.13
ORD-502760,11,tier_2_regional,tiered_basket_subsidy,upsell_grid_modal,31.5,12.0,1.19
ORD-502761,11,tier_1_megacity,tiered_basket_subsidy,gamified_loyalty_bar,38.63,26.0,11.07
ORD-502762,22,tier_2_regional,tiered_basket_subsidy,upsell_grid_modal,25.35,26.0,6.6
ORD-502763,9,tier_1_megacity,tiered_basket_subsidy,one_click_express,29.82,24.0,7.75
ORD-502764,14,tier_1_megacity,dynamic_surge_multiplier,one_click_express,25.34,26.0,3.31
ORD-502765,13,tier_1_megacity,dynamic_surge_multiplier,one_click_express,35.78,51.0,6.24
ORD-502766,17,tier_2_regional,dynamic_surge_multiplier,one_click_express,34.0,34.0,7.24
ORD-502767,19,tier_3_small,fixed_low_fee,gamified_loyalty_bar,23.81,25.0,4.44
ORD-502768,9,tier_1_megacity,dynamic_surge_multiplier,gamified_loyalty_bar,25.33,35.0,9.78
ORD-502769,10,tier_1_megacity,dynamic_surge_multiplier,gamified_loyalty_bar,51.26,15.0,6.88
ORD-502770,16,tier_3_small,dynamic_surge_multiplier,gamified_loyalty_bar,22.41,22.0,9.23
ORD-502771,14,tier_1_megacity,tiered_basket_subsidy,gamified_loyalty_bar,54.23,31.0,7.58
ORD-502772,15,tier_2_regional,fixed_low_fee,one_click_express,22.17,27.0,1.23
ORD-502773,8,tier_2_regional,fixed_low_fee,one_click_express,15.9,26.0,3.44
ORD-502774,23,tier_2_regional,fixed_low_fee,upsell_grid_modal,39.22,,7.34
ORD-502775,12,tier_2_regional,fixed_low_fee,gamified_loyalty_bar,36.46,20.0,6.73
ORD-502776,21,tier_2_regional,tiered_basket_subsidy,upsell_grid_modal,18.43,32.0,7.48
ORD-502777,23,tier_1_megacity,fixed_low_fee,gamified_loyalty_bar,34.2,42.0,6.62
ORD-502778,16,tier_2_regional,tiered_basket_subsidy,gamified_loyalty_bar,45.13,27.0,9.76
ORD-502779,10,tier_2_regional,tiered_basket_subsidy,gamified_loyalty_bar,39.91,23.0,4.19
ORD-502780,19,tier_1_megacity,fixed_low_fee,gamified_loyalty_bar,39.06,35.0,4.73
ORD-502781,13,tier_1_megacity,dynamic_surge_multiplier,one_click_express,27.63,34.0,5.39
ORD-502782,18,tier_2_regional,dynamic_surge_multiplier,upsell_grid_modal,27.03,39.0,4.07
ORD-502783,11,tier_2_regional,tiered_basket_subsidy,one_click_express,35.47,36.0,6.29
ORD-502784,23,tier_1_megacity,fixed_low_fee,one_click_express,36.6,34.0,3.13
ORD-502785,18,tier_1_megacity,dynamic_surge_multiplier,gamified_loyalty_bar,37.02,19.0,2.0
ORD-502786,15,tier_3_small,tiered_basket_subsidy,one_click_express,30.5,,5.95
ORD-502787,8,tier_2_regional,tiered_basket_subsidy,upsell_grid_modal,24.12,27.0,6.48
ORD-502788,13,tier_2_regional,dynamic_surge_multiplier,one_click_express,38.09,50.0,8.15
ORD-502789,23,tier_1_megacity,dynamic_surge_multiplier,upsell_grid_modal,37.85,33.0,0.3
ORD-502790,10,tier_1_megacity,tiered_basket_subsidy,one_click_express,40.98,17.0,2.25
ORD-502791,16,tier_1_megacity,dynamic_surge_multiplier,upsell_grid_modal,31.05,22.0,7.34
ORD-502792,14,tier_3_small,fixed_low_fee,upsell_grid_modal,29.06,48.0,3.33
ORD-502793,17,tier_2_regional,dynamic_surge_multiplier,one_click_express,38.35,15.0,10.2
ORD-502794,22,tier_2_regional,tiered_basket_subsidy,upsell_grid_modal,27.33,39.0,3.17
ORD-502795,15,tier_1_megacity,dynamic_surge_multiplier,upsell_grid_modal,27.86,,1.93
ORD-502796,14,tier_2_regional,tiered_basket_subsidy,upsell_grid_modal,16.45,17.0,3.14
ORD-502797,21,tier_2_regional,dynamic_surge_multiplier,gamified_loyalty_bar,19.25,23.0,3.62
ORD-502798,21,tier_1_megacity,fixed_low_fee,gamified_loyalty_bar,28.2,22.0,6.51
ORD-502799,10,tier_3_small,fixed_low_fee,upsell_grid_modal,26.86,36.0,7.14
ORD-502800,18,tier_1_megacity,dynamic_surge_multiplier,gamified_loyalty_bar,45.65,50.0,4.29
ORD-502801,19,tier_2_regional,dynamic_surge_multiplier,upsell_grid_modal,28.95,35.0,6.88
ORD-502802,17,tier_1_megacity,fixed_low_fee,upsell_grid_modal,39.26,38.0,5.7
ORD-502803,19,tier_1_megacity,fixed_low_fee,upsell_grid_modal,30.16,10.0,6.51
ORD-502804,14,tier_2_regional,dynamic_surge_multiplier,upsell_grid_modal,26.34,30.0,-3.35
ORD-502805,14,tier_1_megacity,dynamic_surge_multiplier,upsell_grid_modal,36.18,45.0,1.27
ORD-502806,11,tier_3_small,fixed_low_fee,upsell_grid_modal,33.59,24.0,6.64
ORD-502807,21,tier_1_megacity,tiered_basket_subsidy,one_click_express,9.01,42.0,2.88
ORD-502808,16,tier_2_regional,fixed_low_fee,gamified_loyalty_bar,31.67,40.0,2.04
ORD-502809,19,tier_2_regional,dynamic_surge_multiplier,gamified_loyalty_bar,12.33,47.0,3.35
ORD-502810,21,tier_2_regional,fixed_low_fee,gamified_loyalty_bar,29.75,48.0,0.72
ORD-502811,10,tier_2_regional,tiered_basket_subsidy,one_click_express,18.57,33.0,4.04
ORD-502812,8,tier_1_megacity,dynamic_surge_multiplier,one_click_express,22.07,26.0,7.68
ORD-502813,8,tier_3_small,dynamic_surge_multiplier,gamified_loyalty_bar,9.43,26.0,9.03
ORD-502814,9,tier_1_megacity,tiered_basket_subsidy,one_click_express,37.31,36.0,3.6
ORD-502815,18,tier_2_regional,dynamic_surge_multiplier,one_click_express,23.33,36.0,11.83
ORD-502816,16,tier_1_megacity,tiered_basket_subsidy,gamified_loyalty_bar,47.05,22.0,7.13
ORD-502817,22,tier_1_megacity,tiered_basket_subsidy,gamified_loyalty_bar,33.32,41.0,7.28
ORD-502818,10,tier_3_small,dynamic_surge_multiplier,gamified_loyalty_bar,20.1,36.0,2.37
ORD-502819,23,tier_1_megacity,tiered_basket_subsidy,upsell_grid_modal,42.79,39.0,4.06
ORD-502820,11,tier_1_megacity,dynamic_surge_multiplier,one_click_express,44.77,34.0,11.06
ORD-502821,21,tier_1_megacity,dynamic_surge_multiplier,gamified_loyalty_bar,18.43,14.0,13.16
ORD-502822,16,tier_1_megacity,fixed_low_fee,gamified_loyalty_bar,57.23,31.0,5.92
ORD-502823,20,tier_3_small,dynamic_surge_multiplier,one_click_express,20.98,34.0,5.65
ORD-502824,17,tier_1_megacity,fixed_low_fee,gamified_loyalty_bar,42.81,32.0,5.59
ORD-502825,11,tier_1_megacity,tiered_basket_subsidy,upsell_grid_modal,40.66,46.0,5.99
ORD-502826,20,tier_2_regional,tiered_basket_subsidy,one_click_express,38.42,28.0,3.8
ORD-502827,23,tier_2_regional,dynamic_surge_multiplier,upsell_grid_modal,28.8,26.0,1.66
ORD-502828,18,tier_1_megacity,tiered_basket_subsidy,one_click_express,40.54,31.0,4.03
ORD-502829,8,tier_3_small,fixed_low_fee,upsell_grid_modal,26.73,41.0,4.22
ORD-502830,8,tier_1_megacity,dynamic_surge_multiplier,gamified_loyalty_bar,34.38,20.0,1.34
ORD-502831,12,tier_2_regional,fixed_low_fee,one_click_express,27.56,27.0,4.74
ORD-502832,17,tier_2_regional,dynamic_surge_multiplier,gamified_loyalty_bar,22.89,27.0,1.38
ORD-502833,23,tier_1_megacity,fixed_low_fee,one_click_express,35.82,36.0,6.72
ORD-502834,10,tier_1_megacity,fixed_low_fee,upsell_grid_modal,44.76,26.0,7.12
ORD-502835,19,tier_1_megacity,dynamic_surge_multiplier,one_click_express,38.98,39.0,14.33
ORD-502836,14,tier_1_megacity,fixed_low_fee,one_click_express,41.2,38.0,5.6
ORD-502837,18,tier_2_regional,dynamic_surge_multiplier,upsell_grid_modal,12.06,36.0,0.68
ORD-502838,22,tier_1_megacity,dynamic_surge_multiplier,gamified_loyalty_bar,36.74,25.0,5.71
ORD-502839,10,tier_1_megacity,fixed_low_fee,upsell_grid_modal,54.67,20.0,5.1
ORD-502840,15,tier_2_regional,dynamic_surge_multiplier,one_click_express,39.69,34.0,6.9
ORD-502841,20,tier_2_regional,tiered_basket_subsidy,upsell_grid_modal,32.36,41.0,5.05
ORD-502842,14,tier_1_megacity,dynamic_surge_multiplier,gamified_loyalty_bar,39.14,28.0,9.51
ORD-502843,15,tier_2_regional,dynamic_surge_multiplier,one_click_express,33.87,32.0,10.11
ORD-502844,20,tier_1_megacity,fixed_low_fee,upsell_grid_modal,32.27,19.0,5.43
ORD-502845,17,tier_2_regional,dynamic_surge_multiplier,upsell_grid_modal,30.91,16.0,9.14
ORD-502846,15,tier_1_megacity,tiered_basket_subsidy,upsell_grid_modal,36.05,37.0,2.44
ORD-502847,19,tier_1_megacity,dynamic_surge_multiplier,gamified_loyalty_bar,21.62,15.0,4.23
ORD-502848,13,tier_1_megacity,fixed_low_fee,one_click_express,36.73,29.0,4.73
ORD-502849,23,tier_3_small,dynamic_surge_multiplier,gamified_loyalty_bar,32.18,46.0,3.47
ORD-502850,16,tier_3_small,fixed_low_fee,gamified_loyalty_bar,28.72,35.0,4.0
ORD-502851,10,tier_2_regional,dynamic_surge_multiplier,upsell_grid_modal,21.84,31.0,-5.83
ORD-502852,13,tier_2_regional,tiered_basket_subsidy,one_click_express,27.9,28.0,4.92
ORD-502853,21,tier_1_megacity,dynamic_surge_multiplier,gamified_loyalty_bar,41.56,21.0,4.11
ORD-502854,16,tier_1_megacity,dynamic_surge_multiplier,upsell_grid_modal,26.78,17.0,0.65
ORD-502855,20,tier_1_megacity,tiered_basket_subsidy,one_click_express,34.15,20.0,2.32
ORD-502856,16,tier_1_megacity,dynamic_surge_multiplier,gamified_loyalty_bar,29.63,17.0,4.59
ORD-502857,16,tier_2_regional,fixed_low_fee,upsell_grid_modal,33.25,31.0,6.25
ORD-502858,17,tier_1_megacity,tiered_basket_subsidy,one_click_express,35.61,45.0,3.57
ORD-502859,22,tier_2_regional,tiered_basket_subsidy,gamified_loyalty_bar,40.65,39.0,6.06
ORD-502860,11,tier_1_megacity,fixed_low_fee,gamified_loyalty_bar,33.59,27.0,4.12
ORD-502861,20,tier_2_regional,dynamic_surge_multiplier,one_click_express,31.36,39.0,12.15
ORD-502862,19,tier_3_small,fixed_low_fee,one_click_express,19.65,41.0,4.52
ORD-502863,16,tier_2_regional,fixed_low_fee,gamified_loyalty_bar,22.38,38.0,4.06
ORD-502864,19,tier_2_regional,dynamic_surge_multiplier,upsell_grid_modal,30.21,38.0,7.74
ORD-502865,16,tier_2_regional,dynamic_surge_multiplier,gamified_loyalty_bar,35.21,37.0,4.77
ORD-502866,14,tier_1_megacity,dynamic_surge_multiplier,one_click_express,50.45,37.0,5.79
ORD-502867,12,tier_1_megacity,fixed_low_fee,one_click_express,48.7,29.0,2.67
ORD-502868,12,tier_1_megacity,dynamic_surge_multiplier,one_click_express,39.91,35.0,13.12
ORD-502869,20,tier_3_small,dynamic_surge_multiplier,one_click_express,36.31,16.0,7.71
ORD-502870,16,tier_2_regional,tiered_basket_subsidy,one_click_express,39.21,23.0,8.82
ORD-502871,11,tier_1_megacity,fixed_low_fee,one_click_express,40.61,26.0,4.54
ORD-502872,10,tier_3_small,fixed_low_fee,upsell_grid_modal,28.76,29.0,3.99
ORD-502873,22,tier_2_regional,fixed_low_fee,one_click_express,31.75,28.0,6.98
ORD-502874,16,tier_3_small,dynamic_surge_multiplier,upsell_grid_modal,15.91,47.0,2.94
ORD-502875,13,tier_1_megacity,dynamic_surge_multiplier,one_click_express,29.31,33.0,7.97
ORD-502876,21,tier_1_megacity,tiered_basket_subsidy,one_click_express,37.41,25.0,6.93
ORD-502877,17,tier_1_megacity,dynamic_surge_multiplier,one_click_express,42.0,34.0,3.77
ORD-502878,11,tier_1_megacity,tiered_basket_subsidy,one_click_express,37.24,37.0,5.46
ORD-502879,8,tier_2_regional,tiered_basket_subsidy,upsell_grid_modal,28.71,33.0,7.01
ORD-502880,21,tier_2_regional,fixed_low_fee,upsell_grid_modal,33.1,29.0,6.9
ORD-502881,12,tier_3_small,fixed_low_fee,one_click_express,12.85,37.0,6.12
ORD-502882,13,tier_2_regional,tiered_basket_subsidy,one_click_express,23.48,22.0,4.98
ORD-502883,9,tier_3_small,fixed_low_fee,one_click_express,32.27,43.0,4.58
ORD-502884,12,tier_1_megacity,tiered_basket_subsidy,upsell_grid_modal,41.28,26.0,6.58
ORD-502885,14,tier_2_regional,tiered_basket_subsidy,one_click_express,29.16,37.0,4.72
ORD-502886,14,tier_1_megacity,tiered_basket_subsidy,one_click_express,54.32,35.0,6.09
ORD-502887,9,tier_3_small,dynamic_surge_multiplier,one_click_express,10.66,12.0,3.78
ORD-502888,13,tier_1_megacity,dynamic_surge_multiplier,one_click_express,30.94,23.0,7.34
ORD-502889,23,tier_1_megacity,fixed_low_fee,gamified_loyalty_bar,43.0,25.0,1.57
ORD-502890,14,tier_2_regional,fixed_low_fee,upsell_grid_modal,38.32,52.0,4.39
ORD-502891,21,tier_1_megacity,tiered_basket_subsidy,gamified_loyalty_bar,62.36,38.0,6.54
ORD-502892,20,tier_2_regional,dynamic_surge_multiplier,upsell_grid_modal,26.19,34.0,4.02
ORD-502893,20,tier_2_regional,dynamic_surge_multiplier,one_click_express,25.19,32.0,3.44
ORD-502894,17,tier_2_regional,fixed_low_fee,one_click_express,8.8,28.0,6.85
ORD-502895,19,tier_1_megacity,tiered_basket_subsidy,one_click_express,32.69,29.0,5.51
ORD-502896,12,tier_1_megacity,dynamic_surge_multiplier,upsell_grid_modal,29.49,35.0,-4.89
ORD-502897,22,tier_2_regional,dynamic_surge_multiplier,gamified_loyalty_bar,34.14,36.0,5.55
ORD-502898,17,tier_2_regional,fixed_low_fee,upsell_grid_modal,45.78,14.0,5.52
ORD-502899,18,tier_1_megacity,fixed_low_fee,upsell_grid_modal,29.87,25.0,5.74
ORD-502900,8,tier_2_regional,fixed_low_fee,one_click_express,28.03,33.0,1.92
ORD-502901,21,tier_3_small,dynamic_surge_multiplier,one_click_express,28.72,51.0,11.87
ORD-502902,13,tier_3_small,fixed_low_fee,upsell_grid_modal,30.33,31.0,5.55
ORD-502903,23,tier_1_megacity,fixed_low_fee,upsell_grid_modal,51.56,30.0,6.73
ORD-502904,16,tier_1_megacity,tiered_basket_subsidy,gamified_loyalty_bar,60.36,34.0,11.44
ORD-502905,11,tier_1_megacity,tiered_basket_subsidy,upsell_grid_modal,38.91,24.0,4.34
ORD-502906,14,tier_2_regional,fixed_low_fee,gamified_loyalty_bar,34.03,25.0,4.26
ORD-502907,20,tier_1_megacity,fixed_low_fee,one_click_express,34.1,23.0,3.13
ORD-502908,15,tier_1_megacity,fixed_low_fee,one_click_express,42.88,33.0,6.63
ORD-502909,12,tier_2_regional,tiered_basket_subsidy,upsell_grid_modal,27.16,36.0,6.67
ORD-502910,20,tier_3_small,fixed_low_fee,upsell_grid_modal,24.68,34.0,9.34
ORD-502911,15,tier_1_megacity,fixed_low_fee,gamified_loyalty_bar,45.52,38.0,5.96
ORD-502912,15,tier_1_megacity,fixed_low_fee,gamified_loyalty_bar,53.35,56.0,3.29
ORD-502913,17,tier_3_small,dynamic_surge_multiplier,upsell_grid_modal,8.0,25.0,13.2
ORD-502914,17,tier_1_megacity,dynamic_surge_multiplier,upsell_grid_modal,23.73,18.0,6.95
ORD-502915,8,tier_1_megacity,tiered_basket_subsidy,gamified_loyalty_bar,63.6,32.0,7.22
ORD-502916,13,tier_1_megacity,tiered_basket_subsidy,one_click_express,33.8,43.0,1.62
ORD-502917,14,tier_1_megacity,fixed_low_fee,one_click_express,40.79,25.0,4.12
ORD-502918,11,tier_2_regional,fixed_low_fee,upsell_grid_modal,33.56,49.0,4.19
ORD-502919,21,tier_2_regional,fixed_low_fee,one_click_express,27.67,41.0,1.97
ORD-502920,15,tier_3_small,dynamic_surge_multiplier,gamified_loyalty_bar,12.11,48.0,6.86
ORD-502921,16,tier_1_megacity,dynamic_surge_multiplier,gamified_loyalty_bar,56.33,43.0,2.89
ORD-502922,12,tier_2_regional,tiered_basket_subsidy,upsell_grid_modal,43.39,42.0,4.88
ORD-502923,20,tier_1_megacity,dynamic_surge_multiplier,upsell_grid_modal,37.22,24.0,8.31
ORD-502924,17,tier_2_regional,dynamic_surge_multiplier,upsell_grid_modal,25.66,29.0,-1.39
ORD-502925,23,tier_1_megacity,dynamic_surge_multiplier,gamified_loyalty_bar,32.87,31.0,9.35
ORD-502926,11,tier_2_regional,fixed_low_fee,gamified_loyalty_bar,29.14,26.0,3.15
ORD-502927,16,tier_2_regional,dynamic_surge_multiplier,upsell_grid_modal,23.79,38.0,0.41
ORD-502928,21,tier_2_regional,dynamic_surge_multiplier,upsell_grid_modal,20.02,24.0,1.82
ORD-502929,10,tier_3_small,fixed_low_fee,gamified_loyalty_bar,23.64,32.0,1.17
ORD-502930,8,tier_2_regional,dynamic_surge_multiplier,upsell_grid_modal,19.78,23.0,0.95
ORD-502931,20,tier_3_small,fixed_low_fee,gamified_loyalty_bar,22.5,32.0,5.12
ORD-502932,14,tier_1_megacity,tiered_basket_subsidy,gamified_loyalty_bar,47.06,59.0,10.32
ORD-502933,11,tier_2_regional,fixed_low_fee,one_click_express,26.05,31.0,0.58
ORD-502934,23,,fixed_low_fee,gamified_loyalty_bar,36.59,40.0,3.42
ORD-502935,19,tier_2_regional,dynamic_surge_multiplier,one_click_express,26.49,38.0,7.08
ORD-502936,10,tier_3_small,dynamic_surge_multiplier,one_click_express,21.11,20.0,9.18
ORD-502937,19,tier_1_megacity,tiered_basket_subsidy,one_click_express,47.36,24.0,7.02
ORD-502938,11,tier_1_megacity,dynamic_surge_multiplier,gamified_loyalty_bar,43.21,26.0,5.44
ORD-502939,15,tier_2_regional,dynamic_surge_multiplier,upsell_grid_modal,25.16,32.0,4.14
ORD-502940,11,tier_1_megacity,fixed_low_fee,gamified_loyalty_bar,36.02,36.0,4.74
ORD-502941,15,tier_2_regional,fixed_low_fee,upsell_grid_modal,38.22,30.0,3.83
ORD-502942,14,tier_2_regional,fixed_low_fee,upsell_grid_modal,29.18,34.0,7.43
ORD-502943,13,tier_2_regional,dynamic_surge_multiplier,gamified_loyalty_bar,33.52,14.0,6.82
ORD-502944,14,tier_2_regional,dynamic_surge_multiplier,one_click_express,30.55,25.0,12.6
ORD-502945,23,tier_2_regional,tiered_basket_subsidy,upsell_grid_modal,40.7,43.0,5.64
ORD-502946,9,tier_2_regional,dynamic_surge_multiplier,upsell_grid_modal,30.4,29.0,6.18
ORD-502947,12,tier_1_megacity,dynamic_surge_multiplier,gamified_loyalty_bar,45.28,39.0,6.5
ORD-502948,10,tier_1_megacity,tiered_basket_subsidy,one_click_express,45.43,50.0,4.57
ORD-502949,11,,dynamic_surge_multiplier,upsell_grid_modal,25.14,34.0,3.13
ORD-502950,12,tier_1_megacity,fixed_low_fee,one_click_express,37.14,38.0,4.91
ORD-502951,16,tier_3_small,dynamic_surge_multiplier,upsell_grid_modal,22.71,23.0,3.91
ORD-502952,8,tier_2_regional,tiered_basket_subsidy,gamified_loyalty_bar,43.3,41.0,6.6
ORD-502953,23,tier_2_regional,fixed_low_fee,one_click_express,25.67,30.0,6.68
ORD-502954,13,tier_2_regional,fixed_low_fee,gamified_loyalty_bar,32.94,40.0,1.87
ORD-502955,19,tier_2_regional,tiered_basket_subsidy,one_click_express,18.19,42.0,7.21
ORD-502956,19,tier_2_regional,dynamic_surge_multiplier,gamified_loyalty_bar,19.93,35.0,7.77
ORD-502957,23,tier_1_megacity,fixed_low_fee,upsell_grid_modal,39.0,30.0,7.13
ORD-502958,15,tier_1_megacity,dynamic_surge_multiplier,one_click_express,34.42,39.0,2.93
ORD-502959,23,tier_2_regional,dynamic_surge_multiplier,upsell_grid_modal,18.16,56.0,3.41
ORD-502960,12,tier_2_regional,fixed_low_fee,one_click_express,20.24,27.0,3.8
ORD-502961,9,tier_3_small,dynamic_surge_multiplier,gamified_loyalty_bar,18.16,27.0,10.04
ORD-502962,12,tier_3_small,fixed_low_fee,upsell_grid_modal,37.34,32.0,4.75
ORD-502963,22,,fixed_low_fee,one_click_express,46.93,43.0,2.65
ORD-502964,15,tier_2_regional,tiered_basket_subsidy,gamified_loyalty_bar,47.92,30.0,8.01
ORD-502965,21,tier_1_megacity,fixed_low_fee,one_click_express,47.76,10.0,2.84
ORD-502966,20,tier_2_regional,tiered_basket_subsidy,one_click_express,27.23,37.0,7.51
ORD-502967,17,tier_3_small,dynamic_surge_multiplier,gamified_loyalty_bar,20.71,22.0,3.11
ORD-502968,16,tier_3_small,fixed_low_fee,upsell_grid_modal,35.04,43.0,7.27
ORD-502969,14,tier_2_regional,dynamic_surge_multiplier,gamified_loyalty_bar,15.95,18.0,4.76
ORD-502970,9,tier_2_regional,fixed_low_fee,upsell_grid_modal,34.93,40.0,5.58
ORD-502971,10,tier_2_regional,dynamic_surge_multiplier,upsell_grid_modal,24.45,25.0,-3.24
ORD-502972,12,tier_3_small,dynamic_surge_multiplier,gamified_loyalty_bar,24.21,35.0,5.97
ORD-502973,12,tier_2_regional,dynamic_surge_multiplier,gamified_loyalty_bar,14.72,31.0,11.15
ORD-502974,20,tier_2_regional,fixed_low_fee,one_click_express,28.35,32.0,0.91
ORD-502975,23,tier_1_megacity,fixed_low_fee,gamified_loyalty_bar,34.58,20.0,4.9
ORD-502976,13,tier_1_megacity,tiered_basket_subsidy,one_click_express,38.55,34.0,4.26
ORD-502977,19,tier_1_megacity,tiered_basket_subsidy,one_click_express,27.86,27.0,3.49
ORD-502978,12,tier_1_megacity,fixed_low_fee,gamified_loyalty_bar,31.16,23.0,8.62
ORD-502979,15,tier_3_small,tiered_basket_subsidy,upsell_grid_modal,10.59,37.0,5.32
ORD-502980,19,tier_1_megacity,tiered_basket_subsidy,upsell_grid_modal,42.74,42.0,6.54
ORD-502981,9,tier_1_megacity,fixed_low_fee,gamified_loyalty_bar,44.16,47.0,3.26
ORD-502982,8,tier_1_megacity,tiered_basket_subsidy,one_click_express,49.67,36.0,7.19
ORD-502983,12,tier_2_regional,dynamic_surge_multiplier,gamified_loyalty_bar,32.79,21.0,6.65
ORD-502984,20,tier_1_megacity,tiered_basket_subsidy,gamified_loyalty_bar,45.79,45.0,8.86
ORD-502985,16,tier_1_megacity,dynamic_surge_multiplier,upsell_grid_modal,47.41,32.0,2.92
ORD-502986,21,tier_1_megacity,dynamic_surge_multiplier,gamified_loyalty_bar,30.44,,6.92
ORD-502987,17,tier_1_megacity,dynamic_surge_multiplier,one_click_express,37.67,40.0,11.99
ORD-502988,10,tier_1_megacity,fixed_low_fee,upsell_grid_modal,23.67,27.0,4.01
ORD-502989,18,tier_2_regional,dynamic_surge_multiplier,upsell_grid_modal,14.77,36.0,7.61
ORD-502990,14,tier_1_megacity,tiered_basket_subsidy,gamified_loyalty_bar,48.12,31.0,8.0
ORD-502991,10,tier_2_regional,dynamic_surge_multiplier,upsell_grid_modal,22.76,26.0,8.59
ORD-502992,19,,tiered_basket_subsidy,upsell_grid_modal,22.46,36.0,6.69
ORD-502993,12,tier_2_regional,dynamic_surge_multiplier,upsell_grid_modal,34.22,25.0,2.17
ORD-502994,14,tier_3_small,tiered_basket_subsidy,gamified_loyalty_bar,37.41,32.0,12.31
ORD-502995,13,tier_1_megacity,fixed_low_fee,upsell_grid_modal,40.79,28.0,6.42
ORD-502996,13,tier_1_megacity,fixed_low_fee,upsell_grid_modal,38.24,25.0,4.07
ORD-502997,23,tier_2_regional,dynamic_surge_multiplier,one_click_express,19.35,18.0,9.43
ORD-502998,16,tier_1_megacity,tiered_basket_subsidy,gamified_loyalty_bar,45.87,40.0,9.04
ORD-502999,16,tier_1_megacity,tiered_basket_subsidy,one_click_express,51.53,32.0,4.86
ORD-503000,12,tier_2_regional,fixed_low_fee,upsell_grid_modal,36.46,39.0,2.94
ORD-503001,17,tier_2_regional,dynamic_surge_multiplier,upsell_grid_modal,19.24,44.0,8.11
ORD-503002,9,tier_1_megacity,dynamic_surge_multiplier,upsell_grid_modal,25.85,26.0,4.17
ORD-503003,13,tier_1_megacity,dynamic_surge_multiplier,one_click_express,39.2,22.0,9.01
ORD-503004,16,tier_3_small,dynamic_surge_multiplier,gamified_loyalty_bar,22.32,25.0,4.53
ORD-503005,10,tier_2_regional,tiered_basket_subsidy,gamified_loyalty_bar,45.12,30.0,8.05
ORD-503006,18,tier_2_regional,fixed_low_fee,one_click_express,14.58,31.0,2.58
ORD-503007,16,tier_1_megacity,fixed_low_fee,one_click_express,24.91,22.0,7.68
ORD-503008,9,tier_1_megacity,tiered_basket_subsidy,one_click_express,33.2,29.0,3.26
ORD-503009,8,tier_1_megacity,fixed_low_fee,upsell_grid_modal,31.17,27.0,3.36
ORD-503010,21,tier_2_regional,dynamic_surge_multiplier,one_click_express,30.14,32.0,1.8
ORD-503011,14,tier_1_megacity,fixed_low_fee,one_click_express,40.58,28.0,4.18
ORD-503012,14,tier_1_megacity,dynamic_surge_multiplier,gamified_loyalty_bar,37.56,42.0,4.37
ORD-503013,23,tier_2_regional,tiered_basket_subsidy,upsell_grid_modal,29.23,19.0,6.5
ORD-503014,21,tier_1_megacity,fixed_low_fee,one_click_express,41.05,10.0,8.0
ORD-503015,20,tier_2_regional,dynamic_surge_multiplier,gamified_loyalty_bar,21.03,28.0,4.32
ORD-503016,23,tier_1_megacity,tiered_basket_subsidy,gamified_loyalty_bar,61.95,31.0,10.2
ORD-503017,16,tier_1_megacity,fixed_low_fee,gamified_loyalty_bar,35.78,31.0,3.8
ORD-503018,14,,fixed_low_fee,one_click_express,22.6,24.0,6.94
ORD-503019,23,tier_2_regional,fixed_low_fee,gamified_loyalty_bar,25.22,17.0,5.52
ORD-503020,11,tier_3_small,tiered_basket_subsidy,one_click_express,17.91,11.0,5.46
ORD-503021,13,tier_3_small,tiered_basket_subsidy,upsell_grid_modal,21.39,19.0,3.2
ORD-503022,14,tier_1_megacity,dynamic_surge_multiplier,upsell_grid_modal,31.82,36.0,6.94
ORD-503023,11,tier_2_regional,tiered_basket_subsidy,upsell_grid_modal,30.25,21.0,7.9
ORD-503024,23,tier_2_regional,fixed_low_fee,one_click_express,17.7,19.0,2.32
ORD-503025,22,tier_2_regional,fixed_low_fee,one_click_express,23.89,14.0,3.61
ORD-503026,12,tier_1_megacity,tiered_basket_subsidy,upsell_grid_modal,40.18,42.0,-1.03
ORD-503027,11,tier_2_regional,tiered_basket_subsidy,gamified_loyalty_bar,42.77,19.0,11.12
ORD-503028,10,tier_2_regional,dynamic_surge_multiplier,upsell_grid_modal,9.93,32.0,2.67
ORD-503029,15,tier_2_regional,fixed_low_fee,gamified_loyalty_bar,23.34,35.0,2.19
ORD-503030,17,tier_2_regional,tiered_basket_subsidy,gamified_loyalty_bar,47.87,42.0,10.59
ORD-503031,12,tier_3_small,tiered_basket_subsidy,one_click_express,24.11,21.0,2.35
ORD-503032,18,tier_1_megacity,tiered_basket_subsidy,gamified_loyalty_bar,49.29,33.0,11.32
ORD-503033,8,tier_2_regional,tiered_basket_subsidy,upsell_grid_modal,32.87,24.0,6.86
ORD-503034,17,tier_2_regional,fixed_low_fee,gamified_loyalty_bar,34.18,43.0,5.22
ORD-503035,22,tier_2_regional,fixed_low_fee,one_click_express,44.4,19.0,4.36
ORD-503036,14,tier_1_megacity,fixed_low_fee,upsell_grid_modal,50.35,33.0,5.51
ORD-503037,8,tier_1_megacity,tiered_basket_subsidy,one_click_express,42.84,18.0,4.31
ORD-503038,10,tier_1_megacity,fixed_low_fee,gamified_loyalty_bar,36.05,27.0,0.59
ORD-503039,16,tier_2_regional,tiered_basket_subsidy,gamified_loyalty_bar,53.44,42.0,7.71
ORD-503040,8,tier_2_regional,fixed_low_fee,gamified_loyalty_bar,21.91,25.0,5.68
ORD-503041,23,tier_1_megacity,tiered_basket_subsidy,one_click_express,47.57,35.0,6.27
ORD-503042,13,tier_1_megacity,dynamic_surge_multiplier,one_click_express,37.06,33.0,7.07
ORD-503043,21,tier_2_regional,tiered_basket_subsidy,upsell_grid_modal,25.01,30.0,1.41
ORD-503044,14,tier_1_megacity,fixed_low_fee,upsell_grid_modal,45.21,36.0,3.46
ORD-503045,19,tier_1_megacity,tiered_basket_subsidy,upsell_grid_modal,45.16,10.0,4.37
ORD-503046,23,tier_1_megacity,tiered_basket_subsidy,gamified_loyalty_bar,63.43,35.0,8.19
ORD-503047,20,tier_1_megacity,dynamic_surge_multiplier,upsell_grid_modal,41.26,38.0,-1.33
ORD-503048,10,tier_3_small,fixed_low_fee,one_click_express,25.37,20.0,5.35
ORD-503049,14,tier_1_megacity,dynamic_surge_multiplier,upsell_grid_modal,23.8,32.0,1.82
ORD-503050,15,tier_1_megacity,dynamic_surge_multiplier,one_click_express,36.11,16.0,13.47
ORD-503051,16,tier_1_megacity,dynamic_surge_multiplier,one_click_express,45.77,32.0,13.61
ORD-503052,23,tier_2_regional,fixed_low_fee,one_click_express,25.44,25.0,4.89
ORD-503053,22,tier_1_megacity,dynamic_surge_multiplier,upsell_grid_modal,27.8,22.0,6.56
ORD-503054,10,tier_1_megacity,fixed_low_fee,gamified_loyalty_bar,30.1,39.0,8.8
ORD-503055,12,tier_1_megacity,fixed_low_fee,one_click_express,44.7,41.0,3.58
ORD-503056,9,tier_3_small,tiered_basket_subsidy,upsell_grid_modal,29.29,37.0,3.53
ORD-503057,18,tier_3_small,tiered_basket_subsidy,one_click_express,24.28,29.0,3.6
ORD-503058,10,tier_2_regional,fixed_low_fee,gamified_loyalty_bar,32.76,37.0,2.31
ORD-503059,9,tier_2_regional,fixed_low_fee,one_click_express,36.34,28.0,4.66
ORD-503060,19,tier_1_megacity,dynamic_surge_multiplier,upsell_grid_modal,40.25,30.0,0.97
ORD-503061,15,tier_1_megacity,tiered_basket_subsidy,gamified_loyalty_bar,49.67,42.0,7.49
ORD-503062,13,tier_3_small,dynamic_surge_multiplier,upsell_grid_modal,18.73,23.0,-4.19
ORD-503063,20,tier_2_regional,tiered_basket_subsidy,gamified_loyalty_bar,51.28,11.0,9.75
ORD-503064,8,tier_3_small,fixed_low_fee,upsell_grid_modal,917.56,21.0,121.09
ORD-503065,12,tier_1_megacity,fixed_low_fee,upsell_grid_modal,39.88,48.0,4.93
ORD-503066,23,tier_3_small,dynamic_surge_multiplier,one_click_express,31.11,21.0,8.78
ORD-503067,15,tier_2_regional,dynamic_surge_multiplier,one_click_express,26.85,28.0,10.96
ORD-503068,15,tier_2_regional,tiered_basket_subsidy,one_click_express,17.11,28.0,7.52
ORD-503069,12,tier_1_megacity,tiered_basket_subsidy,gamified_loyalty_bar,57.08,18.0,8.03
ORD-503070,20,tier_1_megacity,dynamic_surge_multiplier,one_click_express,50.17,36.0,15.59
ORD-503071,20,tier_2_regional,fixed_low_fee,one_click_express,30.67,24.0,2.84
ORD-503072,20,tier_2_regional,fixed_low_fee,upsell_grid_modal,39.34,37.0,6.48
ORD-503073,15,tier_3_small,tiered_basket_subsidy,upsell_grid_modal,19.61,27.0,5.09
ORD-503074,13,tier_1_megacity,tiered_basket_subsidy,upsell_grid_modal,44.26,43.0,6.78
ORD-503075,13,tier_1_megacity,tiered_basket_subsidy,one_click_express,35.27,34.0,5.96
ORD-503076,23,tier_1_megacity,tiered_basket_subsidy,gamified_loyalty_bar,51.95,39.0,11.03
ORD-503077,17,tier_2_regional,dynamic_surge_multiplier,upsell_grid_modal,31.01,16.0,7.29
ORD-503078,10,tier_1_megacity,tiered_basket_subsidy,gamified_loyalty_bar,47.24,46.0,8.25
ORD-503079,15,tier_2_regional,fixed_low_fee,one_click_express,29.32,39.0,5.77
ORD-503080,15,tier_1_megacity,tiered_basket_subsidy,upsell_grid_modal,47.77,17.0,5.12
ORD-503081,11,tier_1_megacity,dynamic_surge_multiplier,gamified_loyalty_bar,44.72,25.0,5.74
ORD-503082,13,tier_1_megacity,tiered_basket_subsidy,upsell_grid_modal,40.9,21.0,9.86
ORD-503083,11,tier_3_small,tiered_basket_subsidy,gamified_loyalty_bar,34.02,14.0,8.04
ORD-503084,19,tier_1_megacity,fixed_low_fee,upsell_grid_modal,54.01,29.0,6.17
ORD-503085,16,tier_2_regional,dynamic_surge_multiplier,gamified_loyalty_bar,33.8,38.0,0.62
ORD-503086,8,tier_3_small,tiered_basket_subsidy,one_click_express,20.32,33.0,6.77
ORD-503087,21,tier_1_megacity,dynamic_surge_multiplier,gamified_loyalty_bar,28.23,27.0,6.91
ORD-503088,15,tier_1_megacity,dynamic_surge_multiplier,gamified_loyalty_bar,38.11,31.0,12.15
ORD-503089,20,tier_1_megacity,fixed_low_fee,upsell_grid_modal,48.16,10.0,4.31
ORD-503090,8,tier_3_small,dynamic_surge_multiplier,gamified_loyalty_bar,23.36,44.0,9.74
ORD-503091,18,tier_1_megacity,dynamic_surge_multiplier,gamified_loyalty_bar,38.84,48.0,5.17
ORD-503092,19,tier_1_megacity,fixed_low_fee,gamified_loyalty_bar,33.5,35.0,6.63
ORD-503093,14,tier_3_small,tiered_basket_subsidy,upsell_grid_modal,18.72,37.0,5.67
ORD-503094,16,tier_1_megacity,dynamic_surge_multiplier,one_click_express,32.38,26.0,14.87
ORD-503095,22,tier_2_regional,tiered_basket_subsidy,gamified_loyalty_bar,39.64,23.0,9.72
ORD-503096,21,tier_1_megacity,fixed_low_fee,one_click_express,15.47,43.0,3.53
ORD-503097,13,tier_1_megacity,tiered_basket_subsidy,upsell_grid_modal,44.71,34.0,4.3
ORD-503098,23,tier_1_megacity,dynamic_surge_multiplier,one_click_express,27.76,42.0,8.64
ORD-503099,12,tier_1_megacity,tiered_basket_subsidy,gamified_loyalty_bar,43.94,22.0,8.73
ORD-503100,14,tier_2_regional,fixed_low_fee,gamified_loyalty_bar,36.19,36.0,4.76
ORD-503101,10,tier_2_regional,dynamic_surge_multiplier,upsell_grid_modal,21.99,49.0,-1.59
ORD-503102,16,tier_1_megacity,dynamic_surge_multiplier,one_click_express,38.89,43.0,10.98
ORD-503103,20,tier_1_megacity,tiered_basket_subsidy,gamified_loyalty_bar,59.46,38.0,8.4
ORD-503104,16,tier_1_megacity,fixed_low_fee,gamified_loyalty_bar,52.3,41.0,4.2
ORD-503105,12,tier_1_megacity,fixed_low_fee,gamified_loyalty_bar,25.17,31.0,2.54
ORD-503106,23,tier_2_regional,fixed_low_fee,one_click_express,20.1,25.0,3.18
ORD-503107,11,tier_2_regional,fixed_low_fee,gamified_loyalty_bar,27.92,16.0,5.32
ORD-503108,13,tier_1_megacity,tiered_basket_subsidy,upsell_grid_modal,41.49,29.0,1.95
ORD-503109,12,tier_3_small,dynamic_surge_multiplier,gamified_loyalty_bar,22.0,37.0,3.88
ORD-503110,16,tier_2_regional,tiered_basket_subsidy,upsell_grid_modal,26.31,42.0,2.0
ORD-503111,15,tier_1_megacity,tiered_basket_subsidy,one_click_express,44.42,33.0,2.46
ORD-503112,12,tier_1_megacity,tiered_basket_subsidy,gamified_loyalty_bar,52.98,48.0,10.04
ORD-503113,21,tier_3_small,fixed_low_fee,upsell_grid_modal,26.78,35.0,6.08
ORD-503114,12,tier_3_small,dynamic_surge_multiplier,gamified_loyalty_bar,16.83,25.0,8.79
ORD-503115,14,tier_1_megacity,dynamic_surge_multiplier,one_click_express,34.57,50.0,10.93
ORD-503116,10,tier_2_regional,dynamic_surge_multiplier,gamified_loyalty_bar,43.94,36.0,3.64
ORD-503117,17,tier_2_regional,tiered_basket_subsidy,one_click_express,38.75,49.0,6.37
ORD-503118,23,tier_1_megacity,fixed_low_fee,gamified_loyalty_bar,30.35,24.0,6.05
ORD-503119,21,tier_1_megacity,fixed_low_fee,one_click_express,30.09,34.0,4.09
ORD-503120,12,tier_1_megacity,fixed_low_fee,gamified_loyalty_bar,30.06,37.0,4.93
ORD-503121,8,tier_1_megacity,fixed_low_fee,upsell_grid_modal,54.74,31.0,6.94
ORD-503122,23,tier_1_megacity,tiered_basket_subsidy,one_click_express,33.77,36.0,2.23
ORD-503123,8,tier_1_megacity,tiered_basket_subsidy,one_click_express,35.95,29.0,6.29
ORD-503124,13,tier_1_megacity,dynamic_surge_multiplier,upsell_grid_modal,36.32,33.0,1.5
ORD-503125,23,tier_3_small,fixed_low_fee,upsell_grid_modal,27.02,37.0,6.1
ORD-503126,21,tier_1_megacity,fixed_low_fee,gamified_loyalty_bar,62.87,40.0,3.58
ORD-503127,16,tier_1_megacity,tiered_basket_subsidy,one_click_express,19.2,46.0,3.38
ORD-503128,23,tier_1_megacity,tiered_basket_subsidy,gamified_loyalty_bar,61.96,-99.0,7.29
ORD-503129,16,tier_1_megacity,tiered_basket_subsidy,one_click_express,36.92,33.0,6.13
ORD-503130,22,tier_1_megacity,fixed_low_fee,gamified_loyalty_bar,40.12,31.0,4.18
ORD-503131,8,tier_1_megacity,dynamic_surge_multiplier,gamified_loyalty_bar,40.76,46.0,4.73
ORD-503132,12,tier_2_regional,tiered_basket_subsidy,one_click_express,38.8,22.0,7.34
ORD-503133,15,tier_1_megacity,dynamic_surge_multiplier,gamified_loyalty_bar,24.78,34.0,6.65
ORD-503134,11,tier_1_megacity,tiered_basket_subsidy,upsell_grid_modal,46.74,10.0,2.65
ORD-503135,14,tier_1_megacity,dynamic_surge_multiplier,one_click_express,39.73,43.0,5.63
ORD-503136,13,tier_1_megacity,dynamic_surge_multiplier,one_click_express,41.84,29.0,10.83
ORD-503137,13,tier_3_small,fixed_low_fee,gamified_loyalty_bar,19.47,31.0,2.05
ORD-503138,19,tier_1_megacity,fixed_low_fee,one_click_express,38.17,55.0,3.12
ORD-503139,17,tier_1_megacity,fixed_low_fee,gamified_loyalty_bar,49.98,50.0,5.35
ORD-503140,21,tier_1_megacity,dynamic_surge_multiplier,one_click_express,50.13,31.0,11.85
ORD-503141,20,tier_2_regional,dynamic_surge_multiplier,one_click_express,39.12,14.0,4.86
ORD-503142,8,tier_1_megacity,fixed_low_fee,gamified_loyalty_bar,40.38,29.0,3.16
ORD-503143,23,tier_1_megacity,dynamic_surge_multiplier,one_click_express,37.2,47.0,12.56
ORD-503144,19,tier_1_megacity,dynamic_surge_multiplier,one_click_express,43.7,39.0,10.45
ORD-503145,15,tier_1_megacity,dynamic_surge_multiplier,gamified_loyalty_bar,33.69,29.0,-0.67
ORD-503146,19,tier_1_megacity,tiered_basket_subsidy,one_click_express,33.57,28.0,7.59
ORD-503147,21,tier_1_megacity,dynamic_surge_multiplier,one_click_express,51.5,37.0,3.46
ORD-503148,8,tier_2_regional,dynamic_surge_multiplier,one_click_express,27.16,39.0,1.25
ORD-503149,9,tier_2_regional,dynamic_surge_multiplier,upsell_grid_modal,29.5,27.0,-0.77
ORD-503150,23,tier_1_megacity,dynamic_surge_multiplier,gamified_loyalty_bar,38.38,20.0,8.04
ORD-503151,12,tier_2_regional,tiered_basket_subsidy,upsell_grid_modal,17.92,57.0,2.71
ORD-503152,13,tier_3_small,fixed_low_fee,upsell_grid_modal,34.65,31.0,3.57
ORD-503153,15,tier_3_small,fixed_low_fee,one_click_express,27.51,31.0,3.43
ORD-503154,12,tier_1_megacity,dynamic_surge_multiplier,upsell_grid_modal,41.51,29.0,2.14
ORD-503155,20,tier_2_regional,tiered_basket_subsidy,upsell_grid_modal,16.34,24.0,1.94
ORD-503156,12,tier_2_regional,tiered_basket_subsidy,upsell_grid_modal,30.99,29.0,2.51
ORD-503157,11,tier_1_megacity,tiered_basket_subsidy,gamified_loyalty_bar,53.79,29.0,7.93
ORD-503158,17,tier_1_megacity,dynamic_surge_multiplier,upsell_grid_modal,29.9,34.0,6.77
ORD-503159,12,tier_1_megacity,fixed_low_fee,gamified_loyalty_bar,58.15,23.0,5.46
ORD-503160,8,tier_2_regional,tiered_basket_subsidy,one_click_express,42.34,44.0,5.95
ORD-503161,12,tier_1_megacity,dynamic_surge_multiplier,gamified_loyalty_bar,13.81,16.0,4.35
ORD-503162,22,tier_1_megacity,dynamic_surge_multiplier,one_click_express,40.83,27.0,8.34
ORD-503163,9,tier_1_megacity,fixed_low_fee,gamified_loyalty_bar,24.03,39.0,1.72
ORD-503164,20,tier_2_regional,tiered_basket_subsidy,one_click_express,34.4,36.0,4.22
ORD-503165,17,tier_1_megacity,fixed_low_fee,gamified_loyalty_bar,45.54,39.0,3.59
ORD-503166,16,tier_1_megacity,fixed_low_fee,gamified_loyalty_bar,53.84,32.0,3.25
ORD-503167,15,tier_1_megacity,tiered_basket_subsidy,gamified_loyalty_bar,52.6,29.0,6.27
ORD-503168,22,tier_2_regional,tiered_basket_subsidy,gamified_loyalty_bar,36.11,25.0,6.39
ORD-503169,15,tier_1_megacity,dynamic_surge_multiplier,one_click_express,40.64,28.0,2.56
ORD-503170,16,tier_1_megacity,tiered_basket_subsidy,gamified_loyalty_bar,63.63,40.0,9.29
ORD-503171,14,tier_2_regional,tiered_basket_subsidy,one_click_express,46.16,29.0,4.31
ORD-503172,20,tier_1_megacity,tiered_basket_subsidy,gamified_loyalty_bar,49.83,23.0,8.02
ORD-503173,13,tier_1_megacity,dynamic_surge_multiplier,gamified_loyalty_bar,33.63,27.0,1.4
ORD-503174,23,tier_1_megacity,dynamic_surge_multiplier,gamified_loyalty_bar,54.58,30.0,7.47
ORD-503175,20,tier_1_megacity,tiered_basket_subsidy,one_click_express,36.21,38.0,6.09
ORD-503176,8,tier_1_megacity,dynamic_surge_multiplier,gamified_loyalty_bar,41.07,34.0,3.42
ORD-503177,19,tier_1_megacity,fixed_low_fee,gamified_loyalty_bar,39.46,32.0,10.49
ORD-503178,13,tier_2_regional,fixed_low_fee,upsell_grid_modal,35.59,26.0,8.58
ORD-503179,10,tier_2_regional,tiered_basket_subsidy,one_click_express,33.35,29.0,6.19
ORD-503180,20,tier_1_megacity,dynamic_surge_multiplier,one_click_express,54.48,39.0,6.83
ORD-503181,11,tier_1_megacity,tiered_basket_subsidy,gamified_loyalty_bar,52.57,44.0,8.49
ORD-503182,14,tier_1_megacity,tiered_basket_subsidy,one_click_express,32.86,38.0,7.5
ORD-503183,16,tier_1_megacity,dynamic_surge_multiplier,gamified_loyalty_bar,33.05,32.0,4.51
ORD-503184,10,tier_2_regional,dynamic_surge_multiplier,gamified_loyalty_bar,27.47,22.0,5.81
ORD-503185,12,tier_1_megacity,dynamic_surge_multiplier,one_click_express,36.01,45.0,5.1
ORD-503186,8,tier_2_regional,fixed_low_fee,one_click_express,42.53,21.0,1.05
ORD-503187,14,tier_1_megacity,dynamic_surge_multiplier,gamified_loyalty_bar,34.44,33.0,5.47
ORD-503188,16,tier_2_regional,dynamic_surge_multiplier,gamified_loyalty_bar,32.79,49.0,3.37
ORD-503189,21,tier_2_regional,dynamic_surge_multiplier,upsell_grid_modal,26.39,38.0,3.38
ORD-503190,21,tier_1_megacity,tiered_basket_subsidy,one_click_express,44.22,24.0,6.32
ORD-503191,9,tier_3_small,dynamic_surge_multiplier,gamified_loyalty_bar,684.64,25.0,157.87
ORD-503192,12,tier_1_megacity,tiered_basket_subsidy,upsell_grid_modal,37.69,33.0,8.82
ORD-503193,22,tier_2_regional,tiered_basket_subsidy,upsell_grid_modal,42.49,29.0,5.52
ORD-503194,8,tier_1_megacity,dynamic_surge_multiplier,one_click_express,39.34,46.0,15.17
ORD-503195,17,tier_1_megacity,fixed_low_fee,gamified_loyalty_bar,36.99,28.0,5.44
ORD-503196,9,tier_3_small,dynamic_surge_multiplier,gamified_loyalty_bar,25.27,19.0,9.64
ORD-503197,18,tier_3_small,tiered_basket_subsidy,gamified_loyalty_bar,35.85,55.0,7.98
ORD-503198,8,tier_2_regional,dynamic_surge_multiplier,gamified_loyalty_bar,27.64,29.0,3.66
ORD-503199,19,tier_1_megacity,tiered_basket_subsidy,gamified_loyalty_bar,65.4,29.0,9.11
ORD-503200,16,tier_1_megacity,dynamic_surge_multiplier,one_click_express,47.37,33.0,3.61
ORD-503201,19,tier_1_megacity,tiered_basket_subsidy,gamified_loyalty_bar,43.39,35.0,10.04
ORD-503202,8,tier_2_regional,fixed_low_fee,upsell_grid_modal,38.49,39.0,5.83
ORD-503203,11,tier_2_regional,dynamic_surge_multiplier,one_click_express,34.85,38.0,6.47
ORD-503204,15,tier_1_megacity,dynamic_surge_multiplier,one_click_express,59.05,28.0,5.82
ORD-503205,19,tier_2_regional,dynamic_surge_multiplier,one_click_express,41.71,19.0,3.0
ORD-503206,16,tier_2_regional,dynamic_surge_multiplier,gamified_loyalty_bar,23.37,33.0,10.58
ORD-503207,19,tier_1_megacity,tiered_basket_subsidy,upsell_grid_modal,31.98,27.0,3.42
ORD-503208,18,tier_1_megacity,tiered_basket_subsidy,one_click_express,40.12,45.0,3.11
ORD-503209,23,tier_3_small,tiered_basket_subsidy,gamified_loyalty_bar,39.54,48.0,9.59
ORD-503210,16,tier_1_megacity,tiered_basket_subsidy,upsell_grid_modal,22.38,22.0,7.71
ORD-503211,22,tier_1_megacity,tiered_basket_subsidy,gamified_loyalty_bar,59.08,22.0,11.07
ORD-503212,8,tier_3_small,dynamic_surge_multiplier,gamified_loyalty_bar,23.44,15.0,0.09
ORD-503213,11,tier_1_megacity,fixed_low_fee,one_click_express,34.77,34.0,4.25
ORD-503214,22,tier_2_regional,fixed_low_fee,gamified_loyalty_bar,36.05,32.0,6.99
ORD-503215,17,tier_1_megacity,dynamic_surge_multiplier,upsell_grid_modal,33.51,19.0,0.6
ORD-503216,9,tier_1_megacity,tiered_basket_subsidy,upsell_grid_modal,34.95,33.0,5.24
ORD-503217,15,tier_3_small,fixed_low_fee,upsell_grid_modal,26.55,36.0,7.8
ORD-503218,18,tier_1_megacity,fixed_low_fee,gamified_loyalty_bar,42.0,28.0,5.58
ORD-503219,15,tier_1_megacity,tiered_basket_subsidy,upsell_grid_modal,43.59,39.0,4.56
ORD-503220,19,tier_1_megacity,fixed_low_fee,one_click_express,28.8,14.0,3.37
ORD-503221,8,tier_2_regional,tiered_basket_subsidy,gamified_loyalty_bar,43.22,39.0,11.83
ORD-503222,23,tier_2_regional,fixed_low_fee,one_click_express,37.24,25.0,5.78
ORD-503223,14,tier_1_megacity,dynamic_surge_multiplier,one_click_express,46.9,27.0,15.71
ORD-503224,9,tier_1_megacity,dynamic_surge_multiplier,one_click_express,43.16,14.0,7.7
ORD-503225,20,tier_2_regional,tiered_basket_subsidy,gamified_loyalty_bar,46.07,39.0,7.63
ORD-503226,9,tier_1_megacity,fixed_low_fee,one_click_express,36.11,36.0,3.74
ORD-503227,12,tier_1_megacity,tiered_basket_subsidy,one_click_express,30.84,26.0,4.99
ORD-503228,18,tier_3_small,tiered_basket_subsidy,upsell_grid_modal,21.26,20.0,4.7
ORD-503229,23,tier_1_megacity,fixed_low_fee,gamified_loyalty_bar,36.88,30.0,5.09
ORD-503230,23,tier_2_regional,dynamic_surge_multiplier,upsell_grid_modal,30.35,27.0,-3.57
ORD-503231,22,tier_2_regional,tiered_basket_subsidy,upsell_grid_modal,32.53,28.0,5.04
ORD-503232,13,tier_1_megacity,tiered_basket_subsidy,upsell_grid_modal,42.56,39.0,5.77
ORD-503233,16,tier_2_regional,tiered_basket_subsidy,gamified_loyalty_bar,50.27,35.0,1.68
ORD-503234,20,tier_1_megacity,dynamic_surge_multiplier,one_click_express,33.34,31.0,6.63
ORD-503235,20,tier_2_regional,tiered_basket_subsidy,one_click_express,26.64,38.0,4.06
ORD-503236,15,tier_2_regional,tiered_basket_subsidy,one_click_express,16.96,27.0,5.77
ORD-503237,11,tier_3_small,fixed_low_fee,one_click_express,17.02,10.0,4.34
ORD-503238,9,tier_1_megacity,fixed_low_fee,gamified_loyalty_bar,33.25,38.0,4.24
ORD-503239,14,tier_2_regional,fixed_low_fee,upsell_grid_modal,40.49,16.0,5.84
ORD-503240,15,tier_1_megacity,fixed_low_fee,upsell_grid_modal,39.77,24.0,6.79
ORD-503241,16,tier_1_megacity,dynamic_surge_multiplier,gamified_loyalty_bar,47.22,30.0,15.17
ORD-503242,23,tier_2_regional,dynamic_surge_multiplier,one_click_express,39.82,30.0,9.31
ORD-503243,9,tier_1_megacity,tiered_basket_subsidy,one_click_express,35.13,37.0,1.77
ORD-503244,11,tier_1_megacity,tiered_basket_subsidy,gamified_loyalty_bar,44.15,21.0,10.31
ORD-503245,17,tier_3_small,tiered_basket_subsidy,upsell_grid_modal,22.01,34.0,2.69
ORD-503246,11,tier_2_regional,tiered_basket_subsidy,upsell_grid_modal,37.33,43.0,3.13
ORD-503247,13,tier_2_regional,dynamic_surge_multiplier,upsell_grid_modal,22.91,22.0,4.28
ORD-503248,19,tier_1_megacity,dynamic_surge_multiplier,one_click_express,37.1,37.0,11.27
ORD-503249,14,tier_1_megacity,fixed_low_fee,gamified_loyalty_bar,42.75,25.0,3.79
ORD-503250,15,tier_1_megacity,fixed_low_fee,gamified_loyalty_bar,43.84,36.0,4.16
ORD-503251,18,tier_1_megacity,tiered_basket_subsidy,upsell_grid_modal,40.21,34.0,4.32
ORD-503252,15,tier_1_megacity,tiered_basket_subsidy,one_click_express,32.7,62.0,3.35
ORD-503253,19,tier_1_megacity,dynamic_surge_multiplier,upsell_grid_modal,39.66,35.0,3.77
ORD-503254,11,tier_1_megacity,fixed_low_fee,one_click_express,44.52,10.0,3.17
ORD-503255,8,tier_1_megacity,tiered_basket_subsidy,one_click_express,38.5,30.0,3.2
ORD-503256,18,tier_2_regional,dynamic_surge_multiplier,upsell_grid_modal,23.74,16.0,9.36
ORD-503257,21,tier_1_megacity,tiered_basket_subsidy,upsell_grid_modal,45.75,31.0,6.45
ORD-503258,9,tier_1_megacity,tiered_basket_subsidy,one_click_express,40.69,13.0,5.86
ORD-503259,18,tier_1_megacity,fixed_low_fee,upsell_grid_modal,45.96,27.0,6.01
ORD-503260,9,tier_2_regional,fixed_low_fee,gamified_loyalty_bar,25.91,32.0,6.32
ORD-503261,13,tier_3_small,tiered_basket_subsidy,gamified_loyalty_bar,44.24,32.0,11.15
ORD-503262,19,tier_2_regional,tiered_basket_subsidy,gamified_loyalty_bar,43.31,16.0,14.51
ORD-503263,17,tier_1_megacity,tiered_basket_subsidy,one_click_express,35.41,29.0,5.15
ORD-503264,12,tier_1_megacity,tiered_basket_subsidy,one_click_express,31.3,45.0,4.34
ORD-503265,22,tier_3_small,tiered_basket_subsidy,gamified_loyalty_bar,35.36,14.0,9.52
ORD-503266,13,tier_1_megacity,dynamic_surge_multiplier,one_click_express,42.37,28.0,7.68
ORD-503267,9,tier_3_small,tiered_basket_subsidy,upsell_grid_modal,23.86,10.0,2.81
ORD-503268,10,tier_3_small,dynamic_surge_multiplier,upsell_grid_modal,9.7,39.0,3.08
ORD-503269,13,tier_2_regional,dynamic_surge_multiplier,one_click_express,23.25,26.0,5.08
ORD-503270,8,tier_1_megacity,fixed_low_fee,gamified_loyalty_bar,32.21,21.0,4.99
ORD-503271,14,tier_2_regional,tiered_basket_subsidy,one_click_express,32.56,42.0,3.23
ORD-503272,13,tier_1_megacity,dynamic_surge_multiplier,one_click_express,35.49,44.0,9.84
ORD-503273,13,tier_1_megacity,dynamic_surge_multiplier,upsell_grid_modal,42.14,14.0,2.55
ORD-503274,10,tier_3_small,fixed_low_fee,upsell_grid_modal,18.01,29.0,3.75
ORD-503275,15,tier_1_megacity,dynamic_surge_multiplier,gamified_loyalty_bar,20.41,36.0,2.17
ORD-503276,13,tier_1_megacity,dynamic_surge_multiplier,upsell_grid_modal,36.81,25.0,1.15
ORD-503277,8,tier_3_small,tiered_basket_subsidy,upsell_grid_modal,28.31,17.0,3.92
ORD-503278,22,tier_1_megacity,tiered_basket_subsidy,gamified_loyalty_bar,48.88,39.0,8.63
ORD-503279,18,tier_1_megacity,dynamic_surge_multiplier,upsell_grid_modal,17.19,20.0,1.0
ORD-503280,18,tier_2_regional,dynamic_surge_multiplier,gamified_loyalty_bar,23.94,40.0,1.17
ORD-503281,17,tier_1_megacity,tiered_basket_subsidy,one_click_express,44.59,42.0,2.73
ORD-503282,20,tier_3_small,fixed_low_fee,gamified_loyalty_bar,20.44,20.0,5.66
ORD-503283,15,tier_2_regional,dynamic_surge_multiplier,upsell_grid_modal,27.01,28.0,-0.32
ORD-503284,10,tier_1_megacity,tiered_basket_subsidy,gamified_loyalty_bar,55.73,23.0,6.77
ORD-503285,12,tier_1_megacity,tiered_basket_subsidy,one_click_express,41.96,19.0,2.79
ORD-503286,8,tier_2_regional,tiered_basket_subsidy,upsell_grid_modal,24.34,56.0,4.31
ORD-503287,20,tier_2_regional,tiered_basket_subsidy,gamified_loyalty_bar,39.46,37.0,8.84
ORD-503288,22,tier_2_regional,fixed_low_fee,upsell_grid_modal,27.33,41.0,6.75
ORD-503289,18,tier_2_regional,fixed_low_fee,gamified_loyalty_bar,32.16,39.0,4.61
ORD-503290,8,tier_2_regional,tiered_basket_subsidy,one_click_express,27.85,49.0,1.6
ORD-503291,18,tier_1_megacity,fixed_low_fee,one_click_express,35.15,38.0,6.78
ORD-503292,17,tier_1_megacity,tiered_basket_subsidy,upsell_grid_modal,49.22,49.0,3.28
ORD-503293,20,tier_2_regional,fixed_low_fee,upsell_grid_modal,23.51,33.0,5.28
ORD-503294,10,tier_2_regional,tiered_basket_subsidy,one_click_express,33.16,30.0,9.17
ORD-503295,20,tier_3_small,fixed_low_fee,upsell_grid_modal,33.71,20.0,3.38
ORD-503296,15,tier_1_megacity,tiered_basket_subsidy,gamified_loyalty_bar,50.84,32.0,11.51
ORD-503297,12,tier_1_megacity,dynamic_surge_multiplier,one_click_express,49.57,27.0,6.12
ORD-503298,13,tier_2_regional,dynamic_surge_multiplier,one_click_express,16.97,33.0,7.57
ORD-503299,11,tier_3_small,fixed_low_fee,upsell_grid_modal,28.18,35.0,3.64
ORD-503300,17,tier_1_megacity,fixed_low_fee,upsell_grid_modal,45.11,26.0,8.03
ORD-503301,20,tier_1_megacity,tiered_basket_subsidy,gamified_loyalty_bar,54.5,25.0,8.07
ORD-503302,23,tier_1_megacity,dynamic_surge_multiplier,upsell_grid_modal,29.68,27.0,-1.03
ORD-503303,14,tier_1_megacity,tiered_basket_subsidy,one_click_express,41.89,34.0,2.41
ORD-503304,15,tier_1_megacity,dynamic_surge_multiplier,one_click_express,41.54,21.0,5.48
ORD-503305,15,tier_2_regional,dynamic_surge_multiplier,upsell_grid_modal,25.75,22.0,0.93
ORD-503306,20,tier_1_megacity,dynamic_surge_multiplier,gamified_loyalty_bar,42.36,32.0,10.23
ORD-503307,19,tier_1_megacity,dynamic_surge_multiplier,upsell_grid_modal,26.11,36.0,-0.21
ORD-503308,23,tier_1_megacity,tiered_basket_subsidy,upsell_grid_modal,32.78,23.0,2.79
ORD-503309,14,tier_2_regional,fixed_low_fee,one_click_express,18.3,36.0,4.12
ORD-503310,9,tier_1_megacity,dynamic_surge_multiplier,one_click_express,51.99,38.0,5.39
ORD-503311,19,tier_1_megacity,tiered_basket_subsidy,one_click_express,50.11,12.0,5.39
ORD-503312,14,tier_1_megacity,dynamic_surge_multiplier,one_click_express,36.82,50.0,14.99
ORD-503313,9,tier_2_regional,dynamic_surge_multiplier,gamified_loyalty_bar,22.92,26.0,10.66
ORD-503314,15,tier_1_megacity,dynamic_surge_multiplier,gamified_loyalty_bar,26.63,43.0,11.0
ORD-503315,13,tier_1_megacity,tiered_basket_subsidy,gamified_loyalty_bar,56.62,21.0,6.98
ORD-503316,20,tier_3_small,dynamic_surge_multiplier,gamified_loyalty_bar,20.59,25.0,3.93
ORD-503317,17,tier_1_megacity,dynamic_surge_multiplier,one_click_express,57.26,29.0,6.32
ORD-503318,12,tier_2_regional,tiered_basket_subsidy,one_click_express,19.47,23.0,4.57
ORD-503319,8,tier_2_regional,dynamic_surge_multiplier,upsell_grid_modal,24.05,32.0,5.47
ORD-503320,10,tier_2_regional,fixed_low_fee,gamified_loyalty_bar,22.67,42.0,4.29
ORD-503321,8,tier_1_megacity,dynamic_surge_multiplier,gamified_loyalty_bar,45.29,24.0,2.18
ORD-503322,21,tier_1_megacity,fixed_low_fee,upsell_grid_modal,47.74,28.0,4.79
ORD-503323,14,tier_2_regional,tiered_basket_subsidy,one_click_express,27.31,35.0,5.21
ORD-503324,16,tier_1_megacity,dynamic_surge_multiplier,upsell_grid_modal,438.62,36.0,191.31
ORD-503325,16,tier_1_megacity,fixed_low_fee,upsell_grid_modal,42.55,42.0,2.77
ORD-503326,10,tier_2_regional,fixed_low_fee,upsell_grid_modal,36.95,26.0,5.92
ORD-503327,21,tier_1_megacity,fixed_low_fee,gamified_loyalty_bar,39.35,34.0,7.67
ORD-503328,21,tier_1_megacity,tiered_basket_subsidy,gamified_loyalty_bar,57.16,31.0,9.6
ORD-503329,14,tier_1_megacity,dynamic_surge_multiplier,upsell_grid_modal,31.6,41.0,1.25
ORD-503330,13,tier_1_megacity,dynamic_surge_multiplier,upsell_grid_modal,23.65,40.0,-2.06
ORD-503331,22,tier_1_megacity,dynamic_surge_multiplier,gamified_loyalty_bar,31.75,19.0,6.52
ORD-503332,17,tier_3_small,tiered_basket_subsidy,one_click_express,21.56,22.0,9.8
ORD-503333,9,tier_1_megacity,fixed_low_fee,one_click_express,44.52,51.0,5.41
ORD-503334,15,tier_3_small,fixed_low_fee,one_click_express,13.89,52.0,3.04
ORD-503335,21,tier_1_megacity,dynamic_surge_multiplier,one_click_express,37.07,33.0,11.63
ORD-503336,11,tier_1_megacity,tiered_basket_subsidy,upsell_grid_modal,20.82,56.0,4.97
ORD-503337,17,tier_2_regional,dynamic_surge_multiplier,upsell_grid_modal,16.4,19.0,3.79
ORD-503338,20,tier_3_small,fixed_low_fee,upsell_grid_modal,20.27,43.0,3.78
ORD-503339,23,tier_1_megacity,dynamic_surge_multiplier,gamified_loyalty_bar,40.26,22.0,6.26
ORD-503340,22,tier_1_megacity,tiered_basket_subsidy,upsell_grid_modal,381.82,33.0,95.27
ORD-503341,15,,dynamic_surge_multiplier,gamified_loyalty_bar,22.85,32.0,13.5
ORD-503342,17,tier_2_regional,tiered_basket_subsidy,gamified_loyalty_bar,36.5,32.0,8.93
ORD-503343,23,tier_2_regional,dynamic_surge_multiplier,gamified_loyalty_bar,24.69,27.0,8.47
ORD-503344,20,tier_2_regional,tiered_basket_subsidy,gamified_loyalty_bar,37.85,36.0,4.33
ORD-503345,12,tier_1_megacity,tiered_basket_subsidy,upsell_grid_modal,46.16,21.0,6.57
ORD-503346,12,tier_1_megacity,fixed_low_fee,gamified_loyalty_bar,41.78,30.0,4.5
ORD-503347,14,tier_1_megacity,fixed_low_fee,upsell_grid_modal,49.69,27.0,6.2
ORD-503348,19,tier_1_megacity,tiered_basket_subsidy,gamified_loyalty_bar,54.32,10.0,9.0
ORD-503349,14,tier_1_megacity,dynamic_surge_multiplier,upsell_grid_modal,32.21,34.0,3.21
ORD-503350,16,tier_1_megacity,fixed_low_fee,one_click_express,30.24,37.0,6.81
ORD-503351,11,tier_2_regional,fixed_low_fee,gamified_loyalty_bar,35.18,24.0,3.25
ORD-503352,21,tier_2_regional,tiered_basket_subsidy,gamified_loyalty_bar,39.0,25.0,9.56
ORD-503353,13,tier_2_regional,tiered_basket_subsidy,upsell_grid_modal,37.73,29.0,5.36
ORD-503354,19,tier_2_regional,dynamic_surge_multiplier,one_click_express,36.89,36.0,11.1
ORD-503355,23,tier_2_regional,tiered_basket_subsidy,gamified_loyalty_bar,34.09,33.0,8.17
ORD-503356,14,tier_3_small,tiered_basket_subsidy,one_click_express,26.32,66.0,6.1
ORD-503357,20,tier_3_small,dynamic_surge_multiplier,one_click_express,25.1,27.0,-1.03
ORD-503358,13,tier_1_megacity,fixed_low_fee,gamified_loyalty_bar,31.56,34.0,4.27
ORD-503359,20,tier_1_megacity,tiered_basket_subsidy,gamified_loyalty_bar,41.87,43.0,6.84
ORD-503360,8,tier_1_megacity,fixed_low_fee,gamified_loyalty_bar,39.21,10.0,6.63
ORD-503361,22,tier_3_small,fixed_low_fee,upsell_grid_modal,36.23,30.0,6.18
ORD-503362,20,tier_1_megacity,fixed_low_fee,one_click_express,26.02,37.0,2.58
ORD-503363,18,tier_1_megacity,fixed_low_fee,upsell_grid_modal,36.76,41.0,7.46
ORD-503364,19,tier_2_regional,fixed_low_fee,gamified_loyalty_bar,29.56,31.0,3.51
ORD-503365,8,tier_1_megacity,fixed_low_fee,upsell_grid_modal,37.5,23.0,6.03
ORD-503366,20,tier_3_small,fixed_low_fee,gamified_loyalty_bar,18.96,-99.0,6.98
ORD-503367,16,tier_1_megacity,tiered_basket_subsidy,one_click_express,35.0,21.0,6.13
ORD-503368,21,tier_1_megacity,tiered_basket_subsidy,upsell_grid_modal,31.03,14.0,4.53
ORD-503369,8,tier_2_regional,tiered_basket_subsidy,one_click_express,34.97,33.0,5.51
ORD-503370,10,tier_1_megacity,dynamic_surge_multiplier,one_click_express,49.1,26.0,-0.93
ORD-503371,22,tier_2_regional,tiered_basket_subsidy,upsell_grid_modal,37.94,12.0,3.41
ORD-503372,14,tier_1_megacity,tiered_basket_subsidy,upsell_grid_modal,30.82,34.0,5.06
ORD-503373,23,,tiered_basket_subsidy,upsell_grid_modal,32.38,23.0,4.14
ORD-503374,11,tier_3_small,fixed_low_fee,one_click_express,12.36,32.0,3.9
ORD-503375,20,tier_1_megacity,fixed_low_fee,gamified_loyalty_bar,34.65,45.0,5.96
ORD-503376,15,tier_2_regional,fixed_low_fee,gamified_loyalty_bar,22.89,42.0,2.63
ORD-503377,17,tier_1_megacity,tiered_basket_subsidy,one_click_express,47.57,41.0,6.04
ORD-503378,23,tier_1_megacity,dynamic_surge_multiplier,gamified_loyalty_bar,36.26,17.0,6.24
ORD-503379,21,tier_2_regional,dynamic_surge_multiplier,upsell_grid_modal,31.2,35.0,-5.57
ORD-503380,21,tier_1_megacity,fixed_low_fee,gamified_loyalty_bar,46.37,28.0,4.2
ORD-503381,13,tier_2_regional,fixed_low_fee,gamified_loyalty_bar,26.17,24.0,5.43
ORD-503382,9,tier_1_megacity,fixed_low_fee,one_click_express,32.23,29.0,3.65
ORD-503383,12,tier_3_small,fixed_low_fee,gamified_loyalty_bar,41.03,20.0,5.0
ORD-503384,20,tier_1_megacity,tiered_basket_subsidy,upsell_grid_modal,32.55,40.0,6.26
ORD-503385,19,tier_1_megacity,dynamic_surge_multiplier,upsell_grid_modal,19.49,25.0,-3.08
ORD-503386,11,tier_3_small,dynamic_surge_multiplier,upsell_grid_modal,11.49,29.0,1.15
ORD-503387,14,tier_1_megacity,dynamic_surge_multiplier,one_click_express,42.23,36.0,13.79
ORD-503388,20,tier_1_megacity,fixed_low_fee,one_click_express,33.92,28.0,3.77
ORD-503389,11,tier_1_megacity,tiered_basket_subsidy,gamified_loyalty_bar,59.14,37.0,10.48
ORD-503390,23,tier_1_megacity,dynamic_surge_multiplier,one_click_express,52.98,34.0,2.27
ORD-503391,19,tier_1_megacity,tiered_basket_subsidy,upsell_grid_modal,45.6,33.0,6.09
ORD-503392,9,tier_3_small,tiered_basket_subsidy,upsell_grid_modal,26.99,31.0,2.94
ORD-503393,8,tier_1_megacity,dynamic_surge_multiplier,upsell_grid_modal,33.17,37.0,5.38
ORD-503394,12,tier_2_regional,tiered_basket_subsidy,upsell_grid_modal,41.27,20.0,4.92
ORD-503395,14,tier_1_megacity,fixed_low_fee,gamified_loyalty_bar,39.66,42.0,6.02
ORD-503396,9,tier_1_megacity,dynamic_surge_multiplier,upsell_grid_modal,38.59,41.0,4.18
ORD-503397,21,tier_1_megacity,tiered_basket_subsidy,upsell_grid_modal,35.04,33.0,2.96
ORD-503398,11,tier_1_megacity,dynamic_surge_multiplier,one_click_express,30.91,11.0,8.39
ORD-503399,20,tier_3_small,tiered_basket_subsidy,one_click_express,17.38,40.0,3.96
ORD-503400,13,tier_2_regional,tiered_basket_subsidy,upsell_grid_modal,19.75,25.0,2.93
ORD-503401,12,tier_1_megacity,dynamic_surge_multiplier,one_click_express,48.9,24.0,9.42
ORD-503402,22,tier_1_megacity,fixed_low_fee,gamified_loyalty_bar,50.4,19.0,3.34
ORD-503403,16,tier_1_megacity,tiered_basket_subsidy,upsell_grid_modal,34.64,33.0,4.08
ORD-503404,11,tier_2_regional,fixed_low_fee,gamified_loyalty_bar,40.6,33.0,5.63
ORD-503405,10,tier_1_megacity,dynamic_surge_multiplier,upsell_grid_modal,39.65,41.0,-5.16
ORD-503406,16,tier_2_regional,tiered_basket_subsidy,gamified_loyalty_bar,38.08,30.0,7.14
ORD-503407,13,tier_1_megacity,tiered_basket_subsidy,one_click_express,39.36,25.0,5.44
ORD-503408,11,tier_2_regional,dynamic_surge_multiplier,upsell_grid_modal,21.17,35.0,1.23
ORD-503409,20,tier_2_regional,dynamic_surge_multiplier,gamified_loyalty_bar,30.08,13.0,3.7
ORD-503410,11,tier_1_megacity,fixed_low_fee,one_click_express,55.78,26.0,9.58
ORD-503411,20,tier_1_megacity,tiered_basket_subsidy,gamified_loyalty_bar,40.11,24.0,7.19
ORD-503412,9,tier_2_regional,dynamic_surge_multiplier,gamified_loyalty_bar,25.36,50.0,7.57
ORD-503413,21,tier_2_regional,tiered_basket_subsidy,upsell_grid_modal,27.28,10.0,0.08
ORD-503414,19,tier_1_megacity,fixed_low_fee,gamified_loyalty_bar,47.3,35.0,5.49
ORD-503415,21,tier_1_megacity,dynamic_surge_multiplier,one_click_express,49.19,36.0,7.39
ORD-503416,8,tier_1_megacity,fixed_low_fee,gamified_loyalty_bar,54.3,28.0,4.32
ORD-503417,23,tier_2_regional,fixed_low_fee,one_click_express,20.71,33.0,3.97
ORD-503418,12,tier_1_megacity,dynamic_surge_multiplier,upsell_grid_modal,43.49,29.0,12.48
ORD-503419,12,tier_3_small,dynamic_surge_multiplier,gamified_loyalty_bar,9.04,20.0,-2.79
ORD-503420,14,tier_3_small,tiered_basket_subsidy,upsell_grid_modal,29.83,28.0,0.88
ORD-503421,17,tier_2_regional,dynamic_surge_multiplier,upsell_grid_modal,22.71,29.0,5.52
ORD-503422,21,tier_1_megacity,dynamic_surge_multiplier,upsell_grid_modal,20.65,20.0,4.01
ORD-503423,8,tier_1_megacity,dynamic_surge_multiplier,upsell_grid_modal,27.81,32.0,5.61
ORD-503424,23,tier_2_regional,dynamic_surge_multiplier,gamified_loyalty_bar,24.36,34.0,0.92
ORD-503425,17,tier_2_regional,tiered_basket_subsidy,gamified_loyalty_bar,33.97,29.0,10.4
ORD-503426,12,tier_1_megacity,dynamic_surge_multiplier,gamified_loyalty_bar,30.8,28.0,6.61
ORD-503427,19,tier_3_small,fixed_low_fee,upsell_grid_modal,30.96,36.0,6.85
ORD-503428,14,tier_2_regional,tiered_basket_subsidy,upsell_grid_modal,24.29,35.0,6.94
ORD-503429,20,tier_1_megacity,dynamic_surge_multiplier,upsell_grid_modal,25.96,33.0,-0.95
ORD-503430,13,tier_2_regional,dynamic_surge_multiplier,upsell_grid_modal,24.67,16.0,10.47
ORD-503431,23,tier_3_small,fixed_low_fee,gamified_loyalty_bar,17.03,29.0,7.09
ORD-503432,20,tier_1_megacity,fixed_low_fee,gamified_loyalty_bar,45.44,46.0,3.97
ORD-503433,21,tier_2_regional,dynamic_surge_multiplier,one_click_express,31.32,33.0,2.65
ORD-503434,20,tier_1_megacity,fixed_low_fee,upsell_grid_modal,47.88,43.0,2.58
ORD-503435,16,tier_1_megacity,fixed_low_fee,one_click_express,46.45,34.0,5.21
ORD-503436,18,tier_2_regional,tiered_basket_subsidy,upsell_grid_modal,24.35,44.0,4.47
ORD-503437,9,tier_1_megacity,fixed_low_fee,gamified_loyalty_bar,33.98,40.0,5.93
ORD-503438,19,tier_2_regional,dynamic_surge_multiplier,upsell_grid_modal,40.43,42.0,3.74
ORD-503439,20,tier_2_regional,tiered_basket_subsidy,gamified_loyalty_bar,42.63,17.0,7.9
ORD-503440,9,tier_1_megacity,dynamic_surge_multiplier,gamified_loyalty_bar,30.16,47.0,5.8
ORD-503441,22,tier_3_small,dynamic_surge_multiplier,one_click_express,25.56,30.0,10.35
ORD-503442,19,tier_1_megacity,dynamic_surge_multiplier,upsell_grid_modal,27.5,38.0,3.86
ORD-503443,23,tier_2_regional,fixed_low_fee,one_click_express,20.31,26.0,6.79
ORD-503444,11,tier_1_megacity,fixed_low_fee,gamified_loyalty_bar,41.8,37.0,0.53
ORD-503445,16,tier_2_regional,dynamic_surge_multiplier,upsell_grid_modal,11.41,32.0,1.35
ORD-503446,21,tier_2_regional,fixed_low_fee,upsell_grid_modal,32.92,39.0,4.18
ORD-503447,13,tier_1_megacity,fixed_low_fee,one_click_express,37.86,34.0,3.51
ORD-503448,16,tier_1_megacity,dynamic_surge_multiplier,gamified_loyalty_bar,36.89,22.0,5.29
ORD-503449,12,tier_1_megacity,dynamic_surge_multiplier,upsell_grid_modal,24.18,33.0,2.54
ORD-503450,13,tier_2_regional,dynamic_surge_multiplier,upsell_grid_modal,19.09,30.0,-1.58
ORD-503451,20,tier_2_regional,dynamic_surge_multiplier,upsell_grid_modal,22.13,27.0,-2.54
ORD-503452,12,tier_1_megacity,dynamic_surge_multiplier,upsell_grid_modal,40.52,39.0,5.43
ORD-503453,19,tier_1_megacity,tiered_basket_subsidy,one_click_express,32.31,35.0,3.93
ORD-503454,18,tier_1_megacity,fixed_low_fee,gamified_loyalty_bar,50.86,31.0,3.38
ORD-503455,23,tier_1_megacity,dynamic_surge_multiplier,gamified_loyalty_bar,24.64,21.0,5.75
ORD-503456,11,tier_1_megacity,fixed_low_fee,gamified_loyalty_bar,47.95,28.0,1.76
ORD-503457,23,tier_2_regional,tiered_basket_subsidy,upsell_grid_modal,37.23,29.0,6.14
ORD-503458,20,tier_1_megacity,tiered_basket_subsidy,one_click_express,46.64,17.0,3.1
ORD-503459,22,tier_3_small,fixed_low_fee,one_click_express,23.39,52.0,5.01
ORD-503460,11,tier_1_megacity,dynamic_surge_multiplier,gamified_loyalty_bar,49.58,20.0,4.67
ORD-503461,9,tier_1_megacity,dynamic_surge_multiplier,one_click_express,39.58,41.0,7.9
ORD-503462,22,tier_3_small,fixed_low_fee,gamified_loyalty_bar,26.83,41.0,7.39
ORD-503463,16,tier_3_small,dynamic_surge_multiplier,upsell_grid_modal,22.91,30.0,8.36
ORD-503464,12,tier_2_regional,fixed_low_fee,gamified_loyalty_bar,34.19,49.0,4.78
ORD-503465,21,tier_1_megacity,tiered_basket_subsidy,upsell_grid_modal,39.45,55.0,2.9
ORD-503466,8,tier_2_regional,fixed_low_fee,one_click_express,22.29,45.0,5.97
ORD-503467,11,tier_1_megacity,tiered_basket_subsidy,upsell_grid_modal,42.1,27.0,1.48
ORD-503468,17,tier_1_megacity,tiered_basket_subsidy,one_click_express,38.51,34.0,3.79
ORD-503469,17,tier_2_regional,tiered_basket_subsidy,upsell_grid_modal,25.24,43.0,8.94
ORD-503470,12,tier_1_megacity,fixed_low_fee,upsell_grid_modal,46.67,33.0,4.5
ORD-503471,8,tier_1_megacity,tiered_basket_subsidy,gamified_loyalty_bar,50.96,37.0,8.62
ORD-503472,9,tier_1_megacity,fixed_low_fee,gamified_loyalty_bar,25.38,35.0,4.97
ORD-503473,19,tier_2_regional,fixed_low_fee,one_click_express,37.74,23.0,3.7
ORD-503474,13,tier_3_small,dynamic_surge_multiplier,one_click_express,14.73,15.0,12.31
ORD-503475,23,tier_1_megacity,fixed_low_fee,one_click_express,32.82,20.0,3.47
ORD-503476,21,tier_2_regional,dynamic_surge_multiplier,upsell_grid_modal,21.24,33.0,6.82
ORD-503477,10,tier_3_small,tiered_basket_subsidy,one_click_express,20.03,10.0,5.68
ORD-503478,15,tier_1_megacity,fixed_low_fee,one_click_express,48.76,33.0,6.44
ORD-503479,23,tier_2_regional,fixed_low_fee,upsell_grid_modal,26.04,40.0,7.48
ORD-503480,18,tier_1_megacity,tiered_basket_subsidy,one_click_express,24.29,35.0,3.86
ORD-503481,9,tier_3_small,fixed_low_fee,upsell_grid_modal,31.01,25.0,6.86
ORD-503482,18,tier_1_megacity,dynamic_surge_multiplier,upsell_grid_modal,28.88,21.0,1.92
ORD-503483,9,tier_1_megacity,dynamic_surge_multiplier,upsell_grid_modal,29.23,55.0,3.34
ORD-503484,10,tier_2_regional,fixed_low_fee,one_click_express,38.5,23.0,6.06
ORD-503485,15,,fixed_low_fee,upsell_grid_modal,41.94,62.0,4.72
ORD-503486,12,tier_1_megacity,tiered_basket_subsidy,gamified_loyalty_bar,54.17,35.0,6.42
ORD-503487,10,tier_1_megacity,tiered_basket_subsidy,one_click_express,39.39,47.0,5.68
ORD-503488,22,tier_3_small,dynamic_surge_multiplier,gamified_loyalty_bar,29.38,33.0,4.69
ORD-503489,13,tier_2_regional,tiered_basket_subsidy,upsell_grid_modal,32.31,29.0,6.48
ORD-503490,10,tier_1_megacity,fixed_low_fee,gamified_loyalty_bar,55.23,26.0,4.77
ORD-503491,18,tier_1_megacity,dynamic_surge_multiplier,upsell_grid_modal,29.82,18.0,6.08
ORD-503492,10,tier_1_megacity,tiered_basket_subsidy,gamified_loyalty_bar,51.27,21.0,8.03
ORD-503493,21,tier_2_regional,tiered_basket_subsidy,one_click_express,26.09,38.0,3.2
ORD-503494,20,tier_2_regional,dynamic_surge_multiplier,one_click_express,38.34,25.0,14.05
ORD-503495,11,tier_1_megacity,fixed_low_fee,gamified_loyalty_bar,38.25,69.0,2.9
ORD-503496,18,tier_1_megacity,dynamic_surge_multiplier,upsell_grid_modal,22.13,35.0,0.51
ORD-503497,19,tier_2_regional,dynamic_surge_multiplier,upsell_grid_modal,16.48,31.0,-0.12
ORD-503498,21,tier_3_small,tiered_basket_subsidy,upsell_grid_modal,18.01,45.0,5.19
ORD-503499,19,tier_1_megacity,tiered_basket_subsidy,one_click_express,36.75,30.0,3.8
ORD-503500,11,tier_1_megacity,dynamic_surge_multiplier,one_click_express,41.43,22.0,4.76
ORD-503501,15,tier_1_megacity,dynamic_surge_multiplier,upsell_grid_modal,25.73,31.0,-1.98
ORD-503502,18,tier_1_megacity,dynamic_surge_multiplier,one_click_express,47.7,21.0,15.83
ORD-503503,17,tier_2_regional,dynamic_surge_multiplier,gamified_loyalty_bar,20.11,36.0,0.26
ORD-503504,14,tier_1_megacity,tiered_basket_subsidy,gamified_loyalty_bar,36.8,28.0,9.01
ORD-503505,21,tier_3_small,tiered_basket_subsidy,gamified_loyalty_bar,25.95,33.0,8.54
ORD-503506,9,tier_3_small,fixed_low_fee,upsell_grid_modal,34.52,15.0,10.36
ORD-503507,18,tier_1_megacity,dynamic_surge_multiplier,one_click_express,53.22,17.0,16.34
ORD-503508,21,tier_1_megacity,fixed_low_fee,one_click_express,36.64,21.0,4.61
ORD-503509,17,tier_2_regional,fixed_low_fee,one_click_express,27.01,31.0,4.78
ORD-503510,12,tier_1_megacity,fixed_low_fee,one_click_express,33.68,16.0,6.29
ORD-503511,18,tier_2_regional,tiered_basket_subsidy,gamified_loyalty_bar,31.02,42.0,9.04
ORD-503512,19,tier_1_megacity,dynamic_surge_multiplier,upsell_grid_modal,22.49,17.0,6.09
ORD-503513,9,tier_2_regional,fixed_low_fee,upsell_grid_modal,38.73,13.0,5.73
ORD-503514,8,tier_1_megacity,dynamic_surge_multiplier,one_click_express,35.77,27.0,12.28
ORD-503515,11,tier_1_megacity,tiered_basket_subsidy,one_click_express,33.58,25.0,7.53
ORD-503516,20,tier_1_megacity,tiered_basket_subsidy,gamified_loyalty_bar,52.14,56.0,6.19
ORD-503517,21,tier_2_regional,fixed_low_fee,upsell_grid_modal,27.3,10.0,8.4
ORD-503518,16,tier_2_regional,fixed_low_fee,upsell_grid_modal,30.22,30.0,6.98
ORD-503519,14,tier_1_megacity,dynamic_surge_multiplier,one_click_express,40.61,49.0,11.93
ORD-503520,21,tier_2_regional,dynamic_surge_multiplier,gamified_loyalty_bar,31.77,11.0,-2.95
ORD-503521,10,tier_2_regional,dynamic_surge_multiplier,upsell_grid_modal,22.39,31.0,-8.06
ORD-503522,22,tier_2_regional,tiered_basket_subsidy,upsell_grid_modal,30.77,29.0,3.64
ORD-503523,13,tier_1_megacity,fixed_low_fee,one_click_express,41.02,20.0,6.42
ORD-503524,22,tier_3_small,tiered_basket_subsidy,one_click_express,22.54,34.0,0.96
ORD-503525,16,tier_2_regional,fixed_low_fee,one_click_express,30.84,37.0,4.34
ORD-503526,8,tier_1_megacity,dynamic_surge_multiplier,one_click_express,47.53,12.0,5.42
ORD-503527,17,tier_2_regional,tiered_basket_subsidy,upsell_grid_modal,24.99,34.0,5.25
ORD-503528,22,tier_2_regional,tiered_basket_subsidy,one_click_express,16.36,44.0,2.35
ORD-503529,14,,fixed_low_fee,one_click_express,55.32,18.0,4.32
ORD-503530,23,tier_1_megacity,fixed_low_fee,one_click_express,37.92,25.0,3.77
ORD-503531,18,tier_1_megacity,tiered_basket_subsidy,upsell_grid_modal,26.27,40.0,5.74
ORD-503532,19,tier_3_small,dynamic_surge_multiplier,one_click_express,23.06,41.0,6.04
ORD-503533,9,tier_1_megacity,dynamic_surge_multiplier,one_click_express,45.18,28.0,12.13
ORD-503534,23,tier_3_small,tiered_basket_subsidy,upsell_grid_modal,29.89,41.0,7.51
ORD-503535,17,tier_2_regional,dynamic_surge_multiplier,one_click_express,25.61,14.0,10.34
ORD-503536,23,tier_1_megacity,dynamic_surge_multiplier,upsell_grid_modal,26.85,18.0,2.22
ORD-503537,18,tier_1_megacity,dynamic_surge_multiplier,gamified_loyalty_bar,42.18,40.0,8.17
ORD-503538,15,tier_1_megacity,fixed_low_fee,gamified_loyalty_bar,25.06,22.0,6.49
ORD-503539,13,tier_1_megacity,dynamic_surge_multiplier,gamified_loyalty_bar,34.71,34.0,4.13
ORD-503540,20,tier_1_megacity,fixed_low_fee,one_click_express,23.16,28.0,5.52
ORD-503541,21,tier_1_megacity,fixed_low_fee,gamified_loyalty_bar,40.13,35.0,3.78
ORD-503542,16,tier_1_megacity,fixed_low_fee,one_click_express,34.97,28.0,4.65
ORD-503543,22,tier_2_regional,tiered_basket_subsidy,gamified_loyalty_bar,33.92,25.0,9.3
ORD-503544,18,tier_1_megacity,tiered_basket_subsidy,one_click_express,49.96,36.0,3.56
ORD-503545,13,tier_2_regional,tiered_basket_subsidy,upsell_grid_modal,25.81,22.0,5.8
ORD-503546,23,tier_1_megacity,fixed_low_fee,one_click_express,26.09,25.0,4.31
ORD-503547,8,tier_2_regional,dynamic_surge_multiplier,one_click_express,28.97,51.0,9.64
ORD-503548,10,tier_1_megacity,tiered_basket_subsidy,gamified_loyalty_bar,52.81,42.0,9.69
ORD-503549,17,tier_3_small,dynamic_surge_multiplier,one_click_express,20.12,44.0,6.49
ORD-503550,11,tier_1_megacity,tiered_basket_subsidy,gamified_loyalty_bar,39.29,32.0,8.06
ORD-503551,19,tier_1_megacity,fixed_low_fee,gamified_loyalty_bar,32.96,25.0,5.31
ORD-503552,16,tier_1_megacity,tiered_basket_subsidy,gamified_loyalty_bar,57.7,22.0,9.35
ORD-503553,12,tier_1_megacity,fixed_low_fee,gamified_loyalty_bar,40.98,22.0,5.38
ORD-503554,21,tier_2_regional,fixed_low_fee,upsell_grid_modal,43.69,30.0,5.81
ORD-503555,14,tier_1_megacity,tiered_basket_subsidy,upsell_grid_modal,44.63,24.0,3.42
ORD-503556,15,tier_1_megacity,tiered_basket_subsidy,upsell_grid_modal,34.09,43.0,1.25
ORD-503557,21,tier_2_regional,dynamic_surge_multiplier,gamified_loyalty_bar,26.68,17.0,8.99
ORD-503558,12,tier_2_regional,fixed_low_fee,one_click_express,26.05,24.0,3.27
ORD-503559,14,tier_1_megacity,fixed_low_fee,one_click_express,43.16,22.0,2.21
ORD-503560,20,tier_2_regional,fixed_low_fee,one_click_express,32.84,23.0,2.86
ORD-503561,12,tier_2_regional,fixed_low_fee,one_click_express,22.3,,4.82
ORD-503562,18,tier_2_regional,tiered_basket_subsidy,upsell_grid_modal,32.23,15.0,5.14
ORD-503563,10,tier_1_megacity,dynamic_surge_multiplier,gamified_loyalty_bar,33.81,34.0,7.46
ORD-503564,19,tier_2_regional,dynamic_surge_multiplier,upsell_grid_modal,8.0,61.0,1.14
ORD-503565,11,tier_1_megacity,tiered_basket_subsidy,upsell_grid_modal,31.22,20.0,3.52
ORD-503566,14,tier_2_regional,tiered_basket_subsidy,gamified_loyalty_bar,53.33,47.0,8.7
ORD-503567,21,tier_2_regional,dynamic_surge_multiplier,upsell_grid_modal,32.37,28.0,10.8
ORD-503568,9,tier_2_regional,dynamic_surge_multiplier,one_click_express,19.13,26.0,14.41
ORD-503569,13,tier_1_megacity,fixed_low_fee,one_click_express,44.95,38.0,6.63
ORD-503570,19,tier_2_regional,dynamic_surge_multiplier,gamified_loyalty_bar,27.79,21.0,1.51
ORD-503571,11,tier_1_megacity,fixed_low_fee,one_click_express,39.56,24.0,3.59
ORD-503572,20,tier_2_regional,tiered_basket_subsidy,gamified_loyalty_bar,41.25,36.0,6.24
ORD-503573,12,tier_2_regional,fixed_low_fee,one_click_express,22.19,21.0,6.89
ORD-503574,16,tier_1_megacity,tiered_basket_subsidy,gamified_loyalty_bar,56.42,23.0,10.99
ORD-503575,14,tier_3_small,dynamic_surge_multiplier,one_click_express,20.05,44.0,14.21
ORD-503576,19,tier_2_regional,tiered_basket_subsidy,gamified_loyalty_bar,45.5,43.0,8.27
ORD-503577,22,tier_2_regional,tiered_basket_subsidy,one_click_express,35.76,22.0,6.41
ORD-503578,16,tier_2_regional,dynamic_surge_multiplier,one_click_express,31.7,32.0,4.77
ORD-503579,9,tier_1_megacity,dynamic_surge_multiplier,one_click_express,51.44,22.0,12.3
ORD-503580,11,tier_1_megacity,fixed_low_fee,gamified_loyalty_bar,24.71,24.0,7.75
ORD-503581,12,tier_1_megacity,dynamic_surge_multiplier,one_click_express,44.6,29.0,11.34
ORD-503582,12,tier_1_megacity,tiered_basket_subsidy,one_click_express,45.32,42.0,4.98
ORD-503583,23,tier_3_small,tiered_basket_subsidy,one_click_express,29.08,29.0,4.81
ORD-503584,23,tier_1_megacity,dynamic_surge_multiplier,gamified_loyalty_bar,37.22,30.0,-0.6
ORD-503585,8,tier_2_regional,dynamic_surge_multiplier,one_click_express,31.7,23.0,4.71
ORD-503586,10,tier_1_megacity,fixed_low_fee,one_click_express,40.14,24.0,4.28
ORD-503587,22,tier_2_regional,fixed_low_fee,upsell_grid_modal,28.53,22.0,4.94
ORD-503588,11,tier_1_megacity,fixed_low_fee,gamified_loyalty_bar,28.41,24.0,3.47
ORD-503589,9,tier_1_megacity,dynamic_surge_multiplier,one_click_express,41.16,42.0,19.37
ORD-503590,15,tier_2_regional,tiered_basket_subsidy,one_click_express,33.95,42.0,5.03
ORD-503591,17,tier_2_regional,fixed_low_fee,one_click_express,27.96,40.0,3.51
ORD-503592,19,tier_1_megacity,fixed_low_fee,gamified_loyalty_bar,46.53,35.0,4.5
ORD-503593,18,tier_1_megacity,fixed_low_fee,gamified_loyalty_bar,38.73,41.0,3.86
ORD-503594,13,tier_2_regional,fixed_low_fee,upsell_grid_modal,42.6,43.0,4.15
ORD-503595,20,tier_2_regional,tiered_basket_subsidy,gamified_loyalty_bar,48.87,35.0,9.45
ORD-503596,23,tier_1_megacity,fixed_low_fee,upsell_grid_modal,32.78,31.0,4.94
ORD-503597,17,tier_1_megacity,fixed_low_fee,gamified_loyalty_bar,33.22,37.0,-0.46
ORD-503598,12,tier_1_megacity,tiered_basket_subsidy,one_click_express,36.96,41.0,4.63
ORD-503599,17,tier_1_megacity,dynamic_surge_multiplier,one_click_express,648.23,30.0,257.17
